id,title,status,created,updated,tags,source_id,source_title,chapter,page,kindle_location,screenshot_file,capture_date,capture_type,summary,extracted_claims,direct_quote_short,people,events,places,organizations,themes,questions,creative_notes,next_action
CAP_MEXEMP_0065,Chapter2 64枚目 Almonte派遣・Langlais改革・義勇兵募集崩壊,draft,2026-06-08,2026-06-08,capture;chapter2;mexemp;shawcross,SRC_SHAWCROSS_2022_LAST_EMPEROR_MEXICO,The Last Emperor of Mexico: A Disaster in the New World,Chapter 2 THE ARCHDUKE AND THE PRINCESS / 7 THE END OF THE AFFAIR,Kindle PC 208/400,No.2937/7062,スクリーンショット 2026-05-31 13.09.49.png,2026-06-08,reading_summary,French troopsの段階的削減とBazaine更迭要求を含む新entente cordiale構想、AlmonteのParis派遣、Langlais改革発表と財政危機、French側拒否、Belgian・Austrian volunteers募集崩壊、Trieste義勇兵解散を整理する。,"Maximilianの新条約案はFrench troopsの段階的削減を認めていた;MaximilianはBazaineの更迭を求めた;MaximilianはAlmonteをParis交渉役に選んだ;Almonteは1864年5月以降Maximilian宮廷で周縁化されていた;Maximilianは1866年4月にLanglais改革の実施を発表した;Langlais改革と現実の乖離は大きかった;帝国軍と外国人義勇兵には未払いが生じていた;政府職員の給与も数か月滞納していた;Maximilianは緊急閣議で帝国破産か救済かと問題を整理した;BazaineはFrench army treasuryから必要資金を立て替えた;Maximilianの抗議書簡はFrench policyを変えなかった;Napoleon IIIはEloinにMaximilianへの不満を述べた;Napoleon IIIはMaximilianを実行力不足と批判した;Almonteは1866年5月20日にMaximilian代表としてFrench governmentに出頭した;Maximilianの新条約案は追加資金と兵力を求めるものだった;French foreign ministerはAlmonteの新条約案を退けた;French Foreign MinistryはMaximilian案を議論不要と判断した;French war ministerはBazaineに追加支払い拒否を命じた;Maximilianの軍再編はBelgiumとAustriaからの追加義勇兵に依存していた;WashingtonはEuropean volunteers募集を非友好的行為と見なした;BelgiumはMaximilian軍への追加義勇兵を禁止した;Austrian Legionは5,000〜6,000人規模だった;MaximilianはAustrian volunteers追加募集協定に署名した;1866年5月に約1,000人のAustrian volunteersがTriesteに集結した;SewardはAustrian volunteers出発に強く反発した;Franz JosephはTriesteのAustrian volunteers解散を命じた;Triesteの義勇兵の一部は解散に激しく反発した;MaximilianはLeopold IIとFranz Josephに見捨てられたと受け止めた;MaximilianはEuropean powersの対米姿勢を弱腰と批判した;MaximilianはEuropeがMexicoを見捨てても自分は去らないと述べた",gradual reductions;Juan Nepomuceno Almonte;Langlais’s reforms;$1.5 million;May 20;utopian schemes;Trieste;four thousand men in 1866;two thousand annually until 1870,Maximilian;Napoleon III;Achille Bazaine;Juan Nepomuceno Almonte;Jacques Langlais;Alphonse Dano;Félix Eloin;Leopold II;Carlota;William H. Seward;Franz Joseph,French evacuation;Treaty of Miramar代替交渉;Langlais改革;Maximilian帝国財政危機;European volunteers募集問題;Trieste義勇兵解散,Mexico;Mexico City;Paris;France;Belgium;Austria;Washington;Trieste,French Empire;French army;French Foreign Ministry;French war ministry;Austrian Legion;Belgian volunteers;Mexican imperial government;United States government,foreign intervention;imperial finance;military dependence;diplomatic isolation;European volunteers;US pressure;Monroe Doctrine;Maximilian’s political miscalculation,Almonteが提出した新entente cordiale案の原文または外交文書;Langlais改革の具体内容とMexico側財政実態との照合;BazaineがFrench army treasuryから立て替えた金額・根拠文書;Napoleon IIIがEloinに述べたMaximilian批判の出典;French foreign ministerの回答文書;SewardによるAustriaへの通告文書;Austrian Legion追加募集協定の正式日付と条項;Triesteの義勇兵解散の実態、人数、証言;MaximilianがFranz Josephや外交代表に送った怒りの書簡の原文,Maximilianの人物造形では、帝国の独立を唱えながらFrench funds、French army、Belgian volunteers、Austrian Legionに依存し続ける矛盾を強調できる。財政危機では華麗な宮廷・改革理念と、未払い給与・補給不足・外国軍依存を対比できる。Trieste義勇兵解散は、Habsburg的な家族幻想の崩壊と米国外交圧力を視覚化する素材になる。,Fact Cards FACT_MEXEMP_1527-1556 and Timeline Entries TIME_MEXEMP_0228-0232 created; verify primary documents and Mexico-side context.
CAP-20260531-001,Example Reading Capture,draft,2026-05-31,2026-05-31,capture;example,SRC-EXAMPLE-001,Example Source,1,10,,SRC-EXAMPLE-001_ch01_p0010_20260531_01.png,2026-05-31,reading_summary,Short paraphrase of the passage.,Potential claim 1;Potential claim 2,Very short quote only.,Maximilian,Second_Mexican_Empire,Veracruz,,Foreign_Intervention,Check date against another source.,Possible scene atmosphere.,Create Fact Cards
CAP_MEXEMP_0009,Chapter2 8枚目 Lombardy-Venetia解任・1859年戦争・Brazil旅行,draft,2026-06-01,2026-06-01,capture;chapter2;mexemp;shawcross,SRC_SHAWCROSS_2022_LAST_EMPEROR_MEXICO,The Last Emperor of Mexico: A Disaster in the New World,2 THE ARCHDUKE AND THE PRINCESS,Kindle PC 56/400,No.735/7062,スクリーンショット 2026-05-31 13.05.33.png,2026-06-01,reading_summary,Veniceでの群衆対峙から、MaximilianのLombardy-Venetia解任、1859年戦争、Magenta・SolferinoでのHabsburg敗北、Brazil旅行、Belgium・Britain・Franceを政治モデルとする自由主義的自己像の形成までを整理する。,"Maximilian and Carlota appeared before crowds in Venice;Maximilian sent Carlota to Belgium in winter 1858;Maximilian was dismissed on April 19, 1859;Orsini affair influenced Napoleon III policy in Shawcross narration;Magenta and Solferino marked Habsburg defeat;Brazil journey shaped Maximilian New World imagination;Belgium Britain and France are presented as political models;Brazil slavery criticism needs source verification","""sacked him on April 19, 1859"";""battle of Solferino"";""first lineal descendant of Ferdinand and Isabella"";""cold, grey, and tedious"";""Weltschmerz"";""railed against slavery""",Ferdinand Maximilian;Carlota / Charlotte;Franz Joseph;Napoleon III;Felice Orsini;Piedmont prime minister;Archduchess Sophie;Empress Elisabeth;Leopold of Belgium;Queen Victoria;Ferdinand II of Aragon;Isabella I of Castile,Venice crowd confrontation;Maximilian and Carlota separation;Maximilian dismissal;Orsini assassination attempt;Franco-Piedmontese alignment against Austria;Battle of Magenta;Battle of Solferino;Austrian loss of Lombardy;Maximilian Brazil journey;Franz Joseph’s post-defeat constitutional concession,Venice;Lombardy-Venetia;Vienna;Piedmont;France;Alps;Magenta;Solferino;Lombardy;Brazil;Latin America;Miramar;Belgium;Britain;Russia,Habsburg monarchy;Austrian secret police;Austrian Empire;French Empire;Piedmontese government;Belgian monarchy;British parliamentary system;Russian Empire,liberalism_vs_conservatism;Habsburg_decline;dynastic_identity;Bonapartist_power;constitutional_monarchy;Maximilian_personality;New_World_imagination;anti_slavery;self_fashioning;European_models_for_rule,"Maximilian解任の制度上の正式名称・官職名・日付;1859年4月のAustria、Piedmont、France間の開戦経緯;Orsini暗殺未遂事件がNapoleon IIIのイタリア政策へ与えた影響の程度;Piedmont prime ministerの氏名と秘密会談の日時・場所;French troops “200,000” の典拠;MaximilianがMagentaまたはSolferinoにどの時点で到着したか;Solferino敗北がMaximilianに与えた心理的影響の典拠;MaximilianのBrazil旅行の正確な時期・旅程・旅行記;Ferdinand and Isabellaへの言及の原典;Franz Josephの「federal constitution」の具体名・時期;Sophie、Franz Joseph、Elisabethに関する家庭内描写の典拠;Leopold of BelgiumがMaximilianへ与えた政治的影響の実証性;MaximilianのBritish parliamentary democracy評価の典拠;BrazilにおけるMaximilianの奴隷制批判の原典;Mexico側史料から見たMaximilianの「自由主義」評価",Maximilian本人の主観的理想と、Mexico側から見た外来君主の現実を意図的にずらして描く。Solferino後の失望とBrazil旅行はMexico帝位受諾への心理的前段階として使えるが、外国軍事介入やJuárez側の正統性を免責しない。,Fact Cards and Timeline Entries created; verify against primary and Mexico-side sources
CAP_MEXEMP_0010,Chapter2 9枚目 Maximilianの使命感・Miramar停滞・Mexico君主制案,draft,2026-06-01,2026-06-01,capture;chapter2;mexemp;shawcross,SRC_SHAWCROSS_2022_LAST_EMPEROR_MEXICO,The Last Emperor of Mexico: A Disaster in the New World,2 THE ARCHDUKE AND THE PRINCESS,59/400,No.773/7062,スクリーンショット 2026-05-31 13.05.38.png,2026-06-01,reading_summary,Maximilianの能力自認、海軍・文化・科学分野の実績、Miramar完成後の目的喪失、Carlotaの高位復帰期待、Gutiérrez de EstradaのMexico皇帝候補提案、Napoleon IIIの介入構想までを整理する。,Maximilianは大きな使命にふさわしい人物と考えていた;Austrian NavyやLombardy-Venetiaでの評価が自己像を支えた;Miramar完成後に目的喪失が強まった;CarlotaはMaximilianの高位復帰を望んだ;Gutiérrez de EstradaはMaximilianをMexico皇帝候補として打診した;Rechbergは主要海軍国の支援を成功条件とした;Napoleon IIIは南北戦争を機会と見てMexico計画を進めた;Eugénie関連の右端末尾は次画像確認が必要,"""officer-savant"";""melancholy"";""Sic transit gloria mundi"";""not without grandeur"";""conditions more favourable"";""restoration of the monarchical principle""",Ferdinand Maximilian;Carlota / Charlotte;Franz Joseph;José María Gutiérrez de Estrada;Richard Metternich;Johann Bernhard von Rechberg;Napoleon III;Eugénie;José Manuel Hidalgo y Esnaurrizar,Novara circumnavigation;Maximilian’s dismissal from Lombardy-Venetia;Miramar completion;Mexican monarchist proposal;American Civil War;French intervention planning in Mexico,Miramar;Vienna;Lombardy-Venetia;Mexico;Paris;Austria;France;Britain;United States;Latin America,Austrian Navy;Habsburg dynasty;Austrian foreign ministry;French Empire;British government;French government,Maximilian’s self-image;liberal monarchy;dynastic legitimacy;Catholic monarchy;Mexican monarchism;foreign intervention;Carlota’s ambition;melancholy and purposelessness;European imperial politics,Maximilianが設立・支援した博物館、芸術政策、科学振興の具体内容。;Novara号世界周航の正確な期間、出航日・帰着日、Maximilianの関与範囲。;Miramar完成年を1861年とする根拠。;Carlotaの1860年書簡の宛先・原典・文脈。;Franz JosephがMaximilianの人気と自由主義を警戒したことの典拠。;Maximilianの抑鬱状態に関する医学的・心理的表現は、後世の解釈か本人書簡に基づくか。;復活祭の小教会訪問の年・場所・書簡原典。;José María Gutiérrez de Estradaの亡命状況、政治的位置づけ、メキシコ国内での支持基盤。;1861年7月4日のGutiérrez de Estrada書簡の原典。;Richard Metternich、Rechbergの書簡・外交文書の原典。;BritainとFranceが当時メキシコ君主制復興をどの程度支持していたか。;Napoleon III、Eugénie、José Manuel Hidalgo y Esnaurrizarの1861年9月会談の場所・日付・典拠。;American Civil Warの初期戦況がNapoleon IIIのメキシコ政策に与えた影響の程度。;Napoleon IIIが検討した他の君主候補。;EugénieがMaximilian候補を推した理由。右端で文が切れているため次画像確認。,Maximilianを海軍・芸術・科学・地方統治で実績を持つ人物として描き、Franz Josephの警戒、Miramarでの目的喪失、Carlotaの焦燥をMexico皇帝受諾への心理的伏線にできる。Gutiérrez de Estradaの提案はメキシコ保守派、亡命君主主義者、フランス帝国政策、アメリカ南北戦争が交差する政治案件として扱う。,Fact Cards and Timeline Entries created; verify primary documents and Mexico-side sources; confirm Eugénie continuation in next screenshot
CAP_MEXEMP_0013,Chapter2 12枚目 French Invasion・London Convention・秘密指示,draft,2026-06-01,2026-06-01,capture;chapter2;mexemp;shawcross,SRC_SHAWCROSS_2022_LAST_EMPEROR_MEXICO,The Last Emperor of Mexico: A Disaster in the New World,2 THE ARCHDUKE AND THE PRINCESS / section 3 FRENCH INVASION,Kindle PC 67/400,No.891/7062,スクリーンショット 2026-05-31 13.05.52.png,2026-06-01,reading_summary,Napoleon IIIが英国の態度を利用・歪曲してMaximilianやオーストリア側へ伝えた流れ、London Conventionの非干渉条項、フランス側の偽情報、三国遠征軍、La Gravièreへの秘密指示を整理する。,Palmerstonは米国拡張を英国利益への脅威と見ていた;Napoleon IIIは米国拡張抑制を理由にPalmerstonの協力を期待した;Russellは債務回収介入とJuárez打倒を区別した;London Conventionにはメキシコ内政不干渉条項が入った;Napoleon IIIは英国側の否定的態度をMaximilianに伝えなかった;フランス側は英国が秘密裏に同意していると説明した;La Gravièreには秘密指示が与えられていた;Napoleon IIIは君主制支持が不確実であることを知っていた,FRENCH INVASION;legitimate grievances;Convention of London;local circumstances;occupy the capital;popular support ... uncertain,Henry John Temple Lord Palmerston;Napoleon III;Maximilian;Lord John Russell;Benito Juárez;Richard Metternich;Rechberg;Dubois de Saligny;Admiral Jurien de La Gravière,French intervention in Mexico;Convention of London;Mexican monarchy project;planned march on Mexico City;Joint intervention in Mexico,Mexico;Mexico City;United States;Britain;France;Spain;Austria;London,British government;French government;Spanish forces;British forces;French forces;Austrian diplomacy;Mexican government;Juárez government,foreign intervention;monarchy project;British skepticism;French disinformation;diplomatic clauses;Juárez government;debt enforcement;Maximilian's information environment,Palmerstonの米国拡張発言の原典;Napoleon III書簡の原典;Lord John Russellの対仏発言の外交文書;London Conventionの該当条項;MetternichからRechbergへの書簡原典;三国遠征兵力数の軍事史料確認;Dubois de Salignyの人物像とJuárez政府との関係;La Gravièreへの秘密指示の原典;メキシコ国内世論と保守派・共和派・教会・先住民社会の反応,英国支援があると見えたMaximilian側の情報環境と、英国が実際には距離を取っていた外交現場のズレを描ける。条約文言、秘密指示、外交官への説明、Maximilianへの説明が異なる多層の欺瞞として使える。,"Fact Cards and Timeline Entries created; verify primary documents, treaty clauses, military figures, and Mexico-side sources"
CAP_MEXEMP_0014,Chapter2 13枚目 French Invasion・Veracruz到着とLa Soledad交渉前段,draft,2026-06-01,2026-06-01,capture;chapter2;mexemp;shawcross,SRC_SHAWCROSS_2022_LAST_EMPEROR_MEXICO,The Last Emperor of Mexico: A Disaster in the New World,Chapter 2 THE ARCHDUKE AND THE PRINCESS / 3 FRENCH INVASION,Kindle PC 69/400,No.931/7062,スクリーンショット 2026-05-31 13.05.55.png,2026-06-01,reading_summary,Miramónの拒否、Metternichの疑念、1862年1月9日のフランス軍Veracruz到着、La Gravièreの判断、地図不足、Juárezによる占領容認、Saligny・Prim・Wykeの対立、Veracruzの疫病環境、La Soledad交渉前段を整理する。,Napoleon IIIはMiguel MiramónにMaximilian擁立協力を求めた;MiramónはMaximilian擁立協力を拒否した;Shawcrossはメキシコ君主制支持を不確実と整理している;VeracruzはJuárez側の拠点であり自由主義派の強い土地だった;MetternichはMaximilian擁立計画の軍事的実現可能性に疑念を抱いた;1862年1月9日にフランス軍はVeracruzに到着した;La Gravièreはメキシコ国内の同情に期待していなかった;La Gravièreはフランス軍とNapoleon IIIの計画には自信を示した;フランス兵のメキシコ第一印象はOrizaba山とVeracruzの対照で語られる;Shawcrossはフランス遠征軍をアルジェリア植民地戦争経験と結びつけている;フランス軍はメキシコの地図準備に不備があった;Juárezは三国との全面戦争回避のためVeracruz占領を認めた;SalignyはJuárez政府との衝突を作ろうとした;英西側はフランスの特殊請求ではなく債務交渉を目的としていた;Juan Prim y PratsはSalignyと対立しJuárezに同情的だった;Primの妻の家族はメキシコ政府とつながりがあった;Charles WykeはSalignyの交渉方針を拒否し英国軍の内陸進軍も禁じられていた;Veracruzの疫病環境により英国は海兵隊上陸を避けた;フランス兵はVeracruzで暑熱・宿営難・住民の敵意に苦しんだ;Veracruz駐留中のフランス将校は報告・宿舎確保・病院慰問に追われた;フランス軍はVeracruzで黄熱と蚊に苦しんだ;1862年1月末に遠征軍の病人は335人に達した;VeracruzからMexico Cityへの行軍は地理的に困難だった;英西の支援なしにフランス軍単独でMexico Cityへ進むのは危険だった;Preliminaries of La SoledadではJuárez政府の合法性承認が合意された,no monarchist party;wage war;charnel house;vómito negro;Preliminaries of La Soledad,Napoleon III;Miguel Miramón;Benito Juárez;Maximilian;Richard Metternich;Jurien de La Gravière;François Charles du Barail;Dubois de Saligny;Juan Prim y Prats;Charles Wyke,French invasion of Mexico;Allied occupation of Veracruz;Preliminaries of La Soledad;Mexican civil war,Mexico;Veracruz;Mexico City;Orizaba;Paris;Algeria;La Soledad,French expeditionary force;French Empire;British forces;Spanish forces;Juárez government;Mexican conservatives,foreign intervention;monarchy project;Mexican republican legitimacy;logistics and disease;intra-allied conflict;French imperial miscalculation;European perception of Mexico,Napoleon IIIがMiramónへ提示した金額・条件の一次史料;Miramón発言の原典;Metternichの疑念を示す書簡・回想;1862年1月9日のフランス軍Veracruz到着記録;La Gravièreの書簡原典;du Barailの回想・従軍記;フランス軍地図不足の出典;JuárezがVeracruz占領を認めた具体的条件;Salignyの1200万ドル要求の外交文書;PrimとJuárez政権の関係;Wykeの訓令内容;英国海兵隊が上陸を避けた理由;1862年1月末時点の病人数335人の記録;Preliminaries of La Soledadの原文と署名日;メキシコ側から見た占領軍評価,Miramónの拒否は擁立計画の空洞性、Metternichの疑念は外交楽観の揺らぎ、Veracruzの疫病環境は帝国計画と現実の対照、Saligny・Prim・Wykeの対立は外国干渉側の分裂、La SoledadはJuárez政府の正統性確保として使える。,Fact Cards and Timeline Entries created; verify primary documents and Mexico-side sources
CAP_MEXEMP_0026,Chapter2 25枚目 英国条件再解釈・オーストリア保証拒否・CarlotaのSophie説得,draft,2026-06-02,2026-06-02,capture;chapter2;mexemp;shawcross,SRC_SHAWCROSS_2022_LAST_EMPEROR_MEXICO,The Last Emperor of Mexico: A Disaster in the New World,Chapter 2 THE ARCHDUKE AND THE PRINCESS / 4 THE MEXICAN CROWN,Kindle PC 102/400,No.1415/7062,スクリーンショット 2026-05-31 13.06.39.png,2026-06-02,reading_summary,Maximilianによる英国保証条件の再解釈、Franz Josephによるオーストリア公式関与拒否、Ludwig Viktorとブラジル帝室の婚姻構想、Sophieのギリシャ王Otto失敗への懸念、CarlotaのSophie説得書簡を整理する。,Maximilianは英国保証条件を帝国成立後の同盟工作として再解釈した;Shawcrossはその説明を苦しい合理化として描く;MaximilianはNapoleon IIIへの依存回避のためFranz Josephに支援を求めた;Franz Josephはオーストリアの実務能力を理由にメキシコ保証を拒んだ;MaximilianはLudwig Viktorとブラジル帝室の婚姻を構想した;Ludwig Viktor本人とFranz Josephは婚姻案に好意的ではなかった;SophieはKing Otto of Greeceの失敗をMaximilianに重ねて不安視した;Carlotaはギリシャとメキシコの比較を否定した;CarlotaはAssembly of Notablesと全国的承認を正統性根拠にした;CarlotaはJuárezが国民を代表するという見方を退けた;Carlotaはメキシコ帝政をカトリック教会保護の使命として位置づけた;Carlotaは人種的・文明論的比較を用いた;Carlotaは1848年後のオーストリア秩序回復を外国軍支援の先例として持ち出した;CarlotaはMaximilianの統治と魅力が銃剣以上に重要だと主張した,once his empire was founded;chimerical;state of dependence;King Otto of Greece;empty simulacrum;schismatic religion;Indian races;bayonets,Maximilian;Franz Joseph;Johann Bernhard von Rechberg;Ludwig Viktor;Dom Pedro II;Sophie;King Otto of Greece;Carlota;Benito Juárez;Napoleon III,Mexican crown offer;British support condition;Austrian guarantee issue;Brazil-Habsburg marriage proposal;Sophie-Carlota correspondence;Greek monarchy comparison,Mexico;Austria;Vienna;Brazil;Latin America;Greece;Bavaria;Belgium;United States,Habsburg dynasty;Austrian Empire;French Empire;Assembly of Notables;Catholic Church;Juárez government / Mexican republicans,王冠受諾条件;フランス依存;ハプスブルク家内政治;王朝外交;外国干渉;正統性;カトリック教会;民族・人種観;Juárez側抵抗,Rechberg経由でFranz Josephに送られたMaximilianの説明文書の原典;Maximilianが英国保証条件をどう再解釈したかを示す書簡原文;Franz Josephがメキシコ帝国保証を拒否した書簡・外交文書;Ludwig ViktorとDom Pedro IIの娘との婚姻構想の一次資料;Ludwig Viktorの人物評についてShawcrossの根拠と当時の偏見の有無;SophieのMaximilian宛て懸念書簡;CarlotaのSophie宛て長文書簡原文;CarlotaによるJuárez否定、カトリック教会保護論、民族・人種観の原文;Assembly of Notablesと全国的承認の実態;1848年革命後のロシア軍支援をCarlotaがどのような文脈で持ち出したか,Maximilianの条件後退と自己正当化、Franz Josephの国家責任者としての拒否、Carlotaの知性・信念・偏見が同時に出るSophie説得場面として使える。Juárez側、共和派、自由主義改革、先住民社会の視点を必ず別資料で補う。,Fact Cards FACT_MEXEMP_0615-0635 and Timeline Entries TIME_MEXEMP_0099-0100 created; verify primary documents and Mexico-side sources
CAP_MEXEMP_0027,Chapter2 26枚目 Carlotaの使命感・民意確認棚上げ・Forey退場とBazaine登場,draft,2026-06-02,2026-06-02,capture;chapter2;mexemp;shawcross,SRC_SHAWCROSS_2022_LAST_EMPEROR_MEXICO,The Last Emperor of Mexico: A Disaster in the New World,Chapter 2 THE ARCHDUKE AND THE PRINCESS / 4 THE MEXICAN CROWN,Kindle PC 105/400,No.1455/7062,スクリーンショット 2026-05-31 13.07.32.png,2026-06-02,reading_summary,CarlotaのSophie宛て書簡の結び、Carlota自身の帝冠受諾動機、Napoleon IIIとBourdillonによる民意確認棚上げの論理、Forey期の保守派占領行政、Forey退場とAchille Bazaine登場を整理する。,CarlotaはSophieにMaximilianをこれ以上苦しめないよう訴えた;ShawcrossはCarlotaをMaximilian即位の積極的推進者として描く;CarlotaはメキシコをMaximilianに目的を与える場と見た;Carlotaは行動への欲求と宗教的使命で帝冠受諾を正当化した;Leopold IはCarlotaにメキシコ行きを義務だと助言したとされる;CarlotaはNapoleon IIIに大きな信頼を置いていた;1863年12月までにMaximilianは障害を合理化したとShawcrossは見る;Napoleon IIIは選挙や議会による民意確認を後回しにできると説いた;The Times記事はCharles Bourdillonによる政治的論説だった;Bourdillonはメキシコでの即時立憲政治を危険視した;ShawcrossはMaximilianを説得した要因を民意ではなくフランス軍前進と見る;ForeyはMexico City占領後の支配強化に消極的だった;ForeyはSalignyの影響下で行政を保守党員に委ねた;保守派行政はJuaristasの財産没収と教会権威復活を進めた;日曜労働規制は不人気で撤回された;Napoleon IIIはForeyを昇進の形でメキシコから退かせた;Foreyは退去命令後も祝賀舞踏会を開いたとされる;Achille BazaineはForeyの後任となった;ShawcrossはBazaineをForeyと対照的な職業軍人として描く;Bazaineは外人部隊・アルジェリア・スペイン・クリミアで軍歴を重ねた;Bazaine配下のフランス軍描写は次画像へ続く,I need to act;holy mission;It is your duty;liberal dictatorship;distinctly theocratic,Maximilian;Carlota;Sophie;Leopold I;Napoleon III;Charles Bourdillon;Benito Juárez;Élie Frédéric Forey;Dubois de Saligny;Achille Bazaine,Mexican crown offer;French intervention in Mexico;French occupation of Mexico City;Siege of Puebla;Forey removal / Bazaine succession,Mexico;Mexico City;Miramar;Puebla;Algeria;Spain;Crimea,Habsburg family;French army;Conservative Party;Catholic Church;The Times;French Foreign Legion,imperial legitimacy;popular ratification;liberal dictatorship;foreign intervention;Catholic restoration;conservative reaction;military occupation;Maximilian's rationalization,CarlotaのSophie宛て書簡原文;Carlotaの祖母宛て書簡原文;Leopold Iの助言原典;Napoleon IIIのMaximilian宛て説明;The Times記事の掲載日とBourdillon関与;Bourdillonの助言原文;Forey期占領行政の法令;日曜労働規制の法令名と撤回時期;Forey舞踏会逸話の出典;Bazaineの正式交代日と軍歴;次画像でBazaine率いるフランス軍描写の続きを確認,Carlotaの使命感と政治的野心、Maximilianの自己合理化、民意と軍事力のズレ、保守派占領行政の反動性、ForeyからBazaineへの軍事的転換を描く素材。共和派・Juárez政府・自由主義改革側の視点を別資料で補う。,Fact Cards FACT_MEXEMP_0636-0658 and Timeline Entries TIME_MEXEMP_0101-0102 created; confirm Bazaine army continuation in next screenshot
CAP_MEXEMP_0028,Chapter2 27枚目 Bazaine実権掌握・Regency統制・教会財産問題,draft,2026-06-02,2026-06-02,capture;chapter2;mexemp;shawcross,SRC_SHAWCROSS_2022_LAST_EMPEROR_MEXICO,The Last Emperor of Mexico: A Disaster in the New World,Chapter 2 THE ARCHDUKE AND THE PRINCESS / 4 THE MEXICAN CROWN,Kindle PC 108/400,No.1497/7062,スクリーンショット 2026-05-31 13.07.36.png,2026-06-02,reading_summary,Bazaineの初期制約、ForeyとSalignyの退場、Regency Councilを通じた名目統治、Almonteへの書簡行政、Labastidaとの教会財産問題をめぐる衝突を整理する。,Bazaineは強力な軍を率いたが、Foreyの残留と階級差により当初は自由に命令できなかった;Foreyは1863年10月4日に退去したとされる;Salignyは保守派に近すぎると見なされ、召還対象となった;Salignyは現地で利権や婚姻関係を築き、1863年12月まで残った;BazaineはRegency Councilを名目的に維持しつつ行政へ大きく関与した;Bazaineは1863年10月1日から1864年3月10日までAlmonteへ194通の書簡を送った;Napoleon IIIはフランスの直接保持の印象を避けるためRegency維持を求めた;Regency CouncilはAlmonte、Salas、Labastidaで構成されていた;Labastidaにとって教会財産売却問題が核心だった;多くの保守派は外国軍介入と君主制をJuárez改革巻き戻しの手段と見た;Foreyは1863年6月12日に内戦終結と穏健派統合を呼びかける宣言を出した;Forey宣言は教会財産購入者の所有権維持を示した;Shawcrossはフランス革命とメキシコ保守派の思想的距離を強調している;BazaineとLabastidaの1863年10月初会合は教会財産問題で対立した;Labastidaは教皇裁可なしには妥協しないと述べた;LabastidaはBazaineに教会支持なしなら追加兵力が必要になると警告した,"recommendations;pacify and organise Mexico;avoiding being reactionary;sale of church property;bring another 15,000 men",Achille Bazaine;Élie Frédéric Forey;Dubois de Saligny;Napoleon III;Juan Nepomuceno Almonte;Mariano Salas;Pelagio Antonio de Labastida y Dávalos;Benito Juárez;Joseph de Maistre,French intervention in Mexico;Second Mexican Empire;Juárez liberal reforms;church property confiscation/sale;Regency administration,Mexico City;Mexico;France;Paris,French Army;Regency Council;Catholic Church;Juárez government;Mexican conservatives,フランス軍占領行政;教会財産問題;保守派とフランス帝政の矛盾;自由主義改革への反動;Bazaineの実権掌握;名目的摂政政治と実質的軍政,Forey退去日の具体的意味;Salignyの召還・結婚・利権形成の一次資料;BazaineからAlmonteへの194通の書簡の保存先;Napoleon IIIのRegency維持命令原典;Foreyの1863年6月12日宣言全文;教会財産売却の法的経緯;Regency Council構成員の正式肩書;BazaineとLabastida会合記録;Labastida発言の出典;Joseph de Maistre引用とメキシコ保守派受容,Bazaineの名目尊重と実質統制、Almonteの媒介者性、Labastidaの教会財産問題への固執、フランス側穏健派統合と保守派教会復権の矛盾、Salignyの私益化を描く素材。Juárez側・共和派・自由主義改革側の視点を補う。,Fact Cards FACT_MEXEMP_0659-0681 and Timeline Entries TIME_MEXEMP_0103-0107 created; confirm Labastida warning continuation in next screenshot
CAP_MEXEMP_0030,Chapter2 29枚目 実効支配の限界・Morelia戦・Juárez北方退却・教会財産問題,draft,2026-06-02,2026-06-02,capture;chapter2;mexemp;shawcross,SRC_SHAWCROSS_2022_LAST_EMPEROR_MEXICO,The Last Emperor of Mexico: A Disaster in the New World,Chapter 2 THE ARCHDUKE AND THE PRINCESS / 4 THE MEXICAN CROWN,Kindle PC 113/400ページ,No.1580/7062,スクリーンショット 2026-05-31 13.07.47.png,2026-06-02,reading_summary,実効支配の限界、Juárezの持久戦略、保守派協力者依存、Morelia戦、San Luis PotosíからCoahuilaへの退却、匿名聖職者書簡を整理する。,共和派ゲリラは農村部の大部分を支配していた;Juárezは約2万人の分散兵力を保持していた;フランス側は穏健な現地協力者探しに苦労した;Miramón・Mejía・Márquezは介入軍に保守派のメキシコ人顔を与えた;Uragaは1863年12月17日にMoreliaを攻撃した;MárquezはMorelia勝利をMaximilianへ報告した;JuárezはSan Luis PotosíからCoahuilaへ退いた;Juárezは1864年1月20日に辞任要求を拒んだ;1863年12月末に匿名聖職者書簡がMexico Cityで配布された,trade space for time;Mexican face;holy war;only means of salvation,Benito Juárez;Achille Bazaine;Tomás Mejía;Leonardo Márquez;Miguel Miramón;José López Uraga;Archbishop Labastida;Napoleon III;Maximilian;Barail;Chavez;Charles Louis Camille Neigre,French intervention in Mexico;Second Mexican Empire;Battle of Morelia;Juárez retreat;church property dispute;imperial legitimacy campaign,Mexico;Mexico City;Morelia;Michoacán;San Luis Potosí;Coahuila;Querétaro;United States border,French army;Franco-Mexican army;Regency Council;Juárez government;Mexican conservative forces;Juaristas;Catholic clergy,実効支配の限界;ゲリラ戦;持久戦;帝政正統性;保守派軍人;宗教戦争意識;教会財産問題;外国干渉;メキシコ内戦の再燃,Chavezのフルネーム・町名・発言出典;Miramón帰国と忠誠の一次資料;Morelia戦の兵力・損害・捕虜数;Márquez報告の所在;Juárez退却日と1864年1月20日書簡原文;匿名聖職者書簡原典;Charles Louis Camille Neigreの人物同定,地図上の勝利と実効支配の限界、Juárezの持久戦、保守派軍人に依存する帝政の矛盾、Morelia市街戦、Labastida系の地下文書拡散を描く素材。,Fact Cards FACT_MEXEMP_0712-0738 and Timeline Entries TIME_MEXEMP_0113-0118 created; verify cross-check items and confirm Neigre context in next screenshot
CAP_MEXEMP_0031,Chapter2 30枚目 Neigre・Labastida対立、楽観報告、Treaty of Miramar交渉,draft,2026-06-02,2026-06-02,capture;chapter2;mexemp;shawcross,SRC_SHAWCROSS_2022_LAST_EMPEROR_MEXICO,The Last Emperor of Mexico: A Disaster in the New World,Chapter 2 THE ARCHDUKE AND THE PRINCESS / 4 THE MEXICAN CROWN,Kindle PC 116/400ページ,No.1619/7062,スクリーンショット 2026-05-31 13.07.51.png,2026-06-02,reading_summary,NeigreとLabastidaの対立、大聖堂をめぐる実力行使寸前の示威、Maximilianへ届いた楽観的報告、宮廷準備、Paris到着、Treaty of Miramar交渉と財政負担を整理する。,Charles Louis Camille Neigreは、匿名聖職者書簡をめぐってLabastidaを疑い、1864年1月16日に彼へ警告書簡を送ったとされる。;Neigreは、フランス軍は暴力を望まないが、メキシコの敵を抑えるためには相手が聖職者であっても必要な手段を取ると警告した。;Labastidaは、フランス介入が教会をJuárez政権下と同様の不当な法律に服させ、聖職者を以前より苦しめていると主張した。;Labastidaは、摂政府よりもJuárez政権の方を好むと主張するまでに至ったとShawcrossは整理している。;Neigreは、Mexico Cityの大聖堂の扉が次の日曜朝に開かれなければ砲撃で破壊するとLabastida側へ通告した。;大聖堂の扉が閉じたままだったため、NeigreはMexico Cityの主要広場に砲兵を展開させ、大聖堂へ砲口を向けさせたとされる。;Maximilianへ送られた報告では、Mexico Cityでの教会・国家対立は目立たない形にされ、軍事的成功が強調されたとShawcrossは整理している。;Bourdillonは、Bazaineの作戦、Márquezの勝利、Mejíaの進撃がメキシコにおける君主制人気を確認するものだとMaximilianへ書いた。;AlmonteはMaximilianに対し、Juárezはほぼ敗北しており、Maximilianがヨーロッパを離れてメキシコで統治する時期だと保証した。;1864年1月、MaximilianはNapoleon IIIに対し、フランス軍の前進によりメキシコ国民の多数がまもなく帝政支持を表明するだろうと書いた。;Maximilianはメキシコでの統治開始を前提に、秘書を通じてAlmonteにNational Palaceの準備を求めた。;1864年1月末頃、Maximilianは料理人、馬丁、建築家を秘密裏にメキシコへ送った。;Maximilianには、メキシコ旧大統領たちが使った銀器類が皇帝にふさわしい水準に達しないのではないかという噂が届いていた。;1864年2月、AlmonteはMaximilianに対し、四十人分の新しい食卓用具を購入する必要があると伝えた。;Napoleon IIIは最終的に、MaximilianとCarlotaへ銀めっきの食器類と食卓を与えた。;1864年3月5日、MaximilianとCarlotaはParisへ到着し、Napoleon IIIとEugénieに歓迎された。;Shawcrossは、ParisでのCarlotaを、Eugénieとスペイン語で話しながら自信と高揚を示した人物として描いている。;Shawcrossは、Paris到着時のMaximilianを、メキシコ事業の重さ、フランス軍事同盟、借款交渉に圧迫されていた人物として描いている。;Treaty of Miramarをめぐる交渉で、Napoleon IIIはフランス国家機構を用いて、フランスに有利な条件を確保したとShawcrossは整理している。;Shawcrossによれば、Maximilianはオーストリア外務省や家族の多くと疎遠になっていたため、義父Leopold Iとベルギー外交官Kint von Roodenbeckの助言に依存した。;Treaty of Miramarでは、Maximilianは1862年1月から1864年7月1日までのフランス介入費用全額を支払うことに同意したとされる。;Treaty of Miramarでは、1864年7月1日以降、メキシコ側が大西洋を越えて駐留するフランス兵1人につき年1000フランを支払う条件が課されたとされる。;Shawcrossは、Napoleon IIIがフランス財政への負担を避けるため、メキシコ征服を梃子にし、行政と費用をMaximilianの帝国へ転嫁したと整理している。,enemies of Mexico;all but defeated;Treaty of Miramar;enormous,Charles Louis Camille Neigre;Pelagio Antonio de Labastida y Dávalos;Benito Juárez;Achille Bazaine;Leonardo Márquez;Tomás Mejía;Charles Bourdillon;Juan Nepomuceno Almonte;Maximilian;Carlota;Napoleon III;Eugénie;Leopold I;Kint von Roodenbeck;Richard Metternich,Labastida-Neigre confrontation;Mexico City cathedral confrontation;filtered reports to Maximilian;Maximilian’s preparation for Mexico;Paris visit of Maximilian and Carlota;Treaty of Miramar negotiations;Treaty of Miramar,Mexico City;Mexico;Paris;France;Europe;Miramar,French army;Regency Council;Catholic Church;French Empire;French court;Austrian Foreign Ministry;Mexican Empire;Maximilian’s household,church property;church-state conflict;French occupation administration;imperial legitimacy;filtered reports to Maximilian;military occupation;Treaty of Miramar;imperial finance;foreign intervention;debt imperialism;court ceremony,Neigre書簡原文・Labastida返答・大聖堂砲兵展開事件・Bourdillon報告・Almonte文書・Maximilian書簡・Treaty of Miramar条文と財政条件・Richard Metternich指摘・借款金の資金移動を確認する。,大聖堂前の砲兵展開、保守派教会勢力の幻滅、Maximilianに届く楽観報告、宮廷儀礼準備、Treaty of Miramarの債務構造を小説素材として分離して使う。,Fact Cards FACT_MEXEMP_0739-0761 and Timeline Entries TIME_MEXEMP_0119-0123 created; confirm Metternich quotation continuation in next screenshot
CAP_MEXEMP_0032,Chapter2 31枚目 Treaty of Miramar負担・継承権放棄危機・Napoleon III介入,draft,2026-06-02,2026-06-02,capture;chapter2;mexemp;shawcross,SRC_SHAWCROSS_2022_LAST_EMPEROR_MEXICO,The Last Emperor of Mexico: A Disaster in the New World,Chapter 2 THE ARCHDUKE AND THE PRINCESS / 4 THE MEXICAN CROWN,Kindle PC 119/400ページ,No.1657/7062,スクリーンショット 2026-05-31 13.07.54.png,2026-06-02,reading_summary,Treaty of Miramarと借款の財政的負担から、Maximilianの王冠受諾をめぐる最終局面の心理的・外交的危機へ叙述が移る。Napoleon IIIの支援保証、Englandでの懐疑的反応、Franz Josephによる継承権放棄要求、Rechbergの署名要求、Miramar帰還後の抵抗、1864年3月28日のMetternich・Eugénie・Napoleon IIIをめぐる緊急外交を整理する。,Treaty of Miramarと借款の要求は、Metternichから見てもメキシコ財政に過大な圧力をかけ得るものだった。;Napoleon IIIは1864年3月18日にMaximilianへ、フランス支援の継続を保証する書簡を書いた。;Paris後、MaximilianとCarlotaはEnglandを訪れ、Leopold Iと食事をし、Queen Victoriaにも会った。;Queen Victoriaは、Maximilian夫妻がメキシコへ向かうことを理解できない趣旨の日記記録を残したとされる。;Marie AmélieはCarlotaへ、メキシコ行きの命に関わる危険を警告したとされる。;Shawcrossは、Carlotaが否定的反応にも動じなかった一方、Maximilianは感情的に動揺したと描く。;Franz JosephはMaximilian自身と将来の子のハプスブルク継承権放棄を求めた。;Shawcrossは、Franz Josephの要求の背景に、将来オーストリアがメキシコから統治される事態を避けたい王朝継承上の懸念を見る。;ViennaでMaximilian夫妻を称える晩餐が開かれ、Carlotaは新たな皇后位を象徴する宝冠を身につけたとされる。;RechbergはMaximilianに継承権放棄文書への署名を求め、Maximilianは拒否した。;Franz Josephは、重大な国家行為への同意条件として継承権放棄を求める書簡を送った。;Maximilianは、継承権放棄条件が2年以上の交渉で正式条件として扱われず、Paris出発直前に触れられただけだとして反発した。;Maximilianは、すでに条約・借款・メキシコ側への約束を負っているとして、新たな条件を受け入れられないと主張した。;Franz JosephはMiramarへ戻るMaximilian夫妻を追わせ、署名を迫った。;Maximilianは、兄の要求のために王冠を受けられないとメキシコ代表団とフランス政府へ知らせるべきかと問い返した。;Franz JosephはParisの反応を恐れ、Napoleon IIIの助力を求めた。;Shawcrossは、Napoleon IIIがMaximilianのメキシコ行きが揺らぐことに強い衝撃を受けたと描く。;1864年3月28日午前2時、MetternichはNapoleon IIIの側近に起こされ、Eugénieからの書簡を受け取った。;Eugénieは継承権問題を、世界的混乱に比べれば重要性の低い家族問題として扱った。;同日朝、MetternichはTuileriesでNapoleon IIIとEugénieに面会した。;Napoleon IIIは、Maximilianが条約の細部に合意し、条約にイニシャルを入れていたことを重視した。;Napoleon IIIは、Maximilianの決定がフランスとの関係を損ない、戦争の危険を生むと警告した。;MetternichはRechbergへ、継承権問題をめぐる争いは平和のため解決されるべきだと報告した。;Napoleon IIIは同日、Maximilianの即時決断を思いとどまらせるため、書簡と電報を送った。,monstrous demands;support will not fail you;They will murder you!;rights of succession;family matter;deadly quarrel,Maximilian;Carlota;Napoleon III;Eugénie;Richard Metternich;Leopold I;Queen Victoria;Marie Amélie;Franz Joseph;Johann Bernhard von Rechberg;Sisi,Treaty of Miramar negotiations;Mexican crown acceptance crisis;Habsburg succession renunciation dispute;Maximilian and Carlota’s England visit;Napoleon III intervention of March 1864,Paris;England;Vienna;Miramar;Tuileries;Mexico,French Empire;Austrian Empire;House of Habsburg;Austrian Foreign Ministry;Mexican Empire;Mexican deputation;French government,imperial legitimacy;dynastic succession;foreign intervention;debt and occupation cost;French financial burden shifting;family politics;diplomatic pressure;Mexican public consent claims,Richard Metternichの財政評価原文・Treaty of Miramarと借款条件・Napoleon IIIの1864年3月18日書簡・England訪問日程・Queen Victoria日記・Marie Amélie発言・Franz Joseph文書・Rechberg文書・Maximilian反論書簡・French ambassador to Austria人物同定・1864年3月28日のMetternich記録・Eugénie書簡・Tuileries会談記録・Napoleon IIIの書簡と電報全文を確認する。,Maximilianを欧州王朝政治、家族政治、外交的面子、財政負担に挟まれた人物として描ける。Carlotaの強気、Franz Josephの制度防衛、Napoleon IIIの政治的焦燥、Metternichの危機処理を分けて使う。,Fact Cards FACT_MEXEMP_0762-0786 and Timeline Entries TIME_MEXEMP_0124-0129 created; confirm Napoleon III telegram continuation in next screenshot
CAP_MEXEMP_0040,Chapter2 39枚目 宮廷批判・私生活・Ramírez登用・European coterie問題,draft,2026-06-03,2026-06-03,capture;chapter2;mexemp;shawcross,SRC_SHAWCROSS_2022_LAST_EMPEROR_MEXICO,The Last Emperor of Mexico: A Disaster in the New World,Chapter 2 THE ARCHDUKE AND THE PRINCESS / 5 EMPEROR AND EMPRESS,Kindle PC 141/400ページ,No.1970/7062,スクリーンショット 2026-05-31 13.08.21.png,2026-06-03,reading_summary,Maximilian宮廷の浪費性、夫妻の宮廷儀礼への態度、私生活と噂、1864年7月以降の政府形成とRamírez登用、European coterie問題への接続を整理する。,Maximilian宮廷は宣伝上浪費的に見えた;Maximilianは豪華な宮廷社交を好まなかったとされる;Carlotaは国家的儀礼を楽しんだとされる;MaximilianとCarlotaの私的距離はメキシコ到着後に広がったとされる;Maximilianは穏健自由派José Fernando Ramírezを外務大臣に任命した;European coterieの重用はメキシコ人支持者を苛立たせた,profligate;eight hours’ sleep;crawl under the table;José Luis Blasio;separate quarters;Cuernavaca;imperialistas;José Fernando Ramírez;reddest republicans;European coterie;Hungarian secretary,Maximilian;Carlota;José Luis Blasio;José Fernando Ramírez,Establishment of Maximilian’s court in Mexico;Formation of the imperial government;Liberal cooptation under Maximilian,Mexico;Mexico City;Chapultepec;Cuernavaca,Mexican imperial court;Mexican imperial cabinet;Mexican conservatives;moderate liberals;European coterie,imperial court culture;propaganda and court expenditure;private life of Maximilian and Carlota;liberal reconciliation;European entourage problem,Maximilianの月額俸給と大統領年俸の根拠;José Luis Blasioの役職と証言原典;Carlota祖母宛書簡の原文・日付・宛先;1864年8月のMaximilian旅行先;Chapultepec別室の原典;Cuernavaca滞在と女性関係の噂の出典;José Fernando Ramírezの外務大臣就任日;reddest republicans発言者;Hungarian secretary接続,帝政宮廷の華麗さを政治的リスクとして描ける。Carlotaを儀礼化の担い手、Maximilianを社交嫌いだが演出装置を必要とする人物として描ける。Ramírez登用は自由派懐柔の構想と限界を示す。,Fact Cards FACT_MEXEMP_0956-0986 and Timeline Entries TIME_MEXEMP_0157-0158 created; confirm Hungarian secretary continuation in next screenshot
CAP_MEXEMP_0043,Chapter2 42枚目 Dolores演説後の反発・Morelia訪問・ゲリラ戦暴力,draft,2026-06-03,2026-06-03,capture;chapter2;mexemp;shawcross,SRC_SHAWCROSS_2022_LAST_EMPEROR_MEXICO,The Last Emperor of Mexico: A Disaster in the New World,Chapter 2 THE ARCHDUKE AND THE PRINCESS / 5 EMPEROR AND EMPRESS,Kindle PC 150/400ページ,No.2093/7062,スクリーンショット 2026-05-31 13.08.35.png,2026-06-03,reading_summary,Dolores演説後の保守派反発、Napoleon III型中道の限界、巡幸とcharro風衣装、1864年10月のMorelia訪問、群衆反応の誤認、フランス軍と共和派ゲリラ戦の暴力を整理する。,41枚目末尾のancestorはhad imposedへ接続する;Maximilianは演説を自由主義的信条の提示に用いた;保守派は演説と衣装を期待外れと見た;巡幸はMaximilianをメキシコ君主として見せる政治演出だった;1864年10月にMoreliaへ入った;Morelia群衆には支持と好奇心が混在した;MaximilianのCarlota宛報告は主観的熱狂報告として扱う;BlasioはMaximilianの現実誤認を批判した;フランス兵証言は占領軍側視点として扱う;Juárez側とBazaine側の苛烈化が示される,"had imposed;juste milieu;charro;red cravat;Victor Backhaussen;abrazo;Death to the French;war to the death;kill or be killed;To help with this goal, a",Maximilian;Carlota;Napoleon III;Benito Juárez;Labastida;Leonardo Márquez;José López Uraga;Victor Backhaussen;Blasio;Achille Bazaine,Maximilian’s provincial tour;Dolores speech;Morelia visit;French intervention in Mexico;Republican guerrilla warfare,Mexico City;Morelia;Michoacán;France;Spain,French army;Mexican conservatives;Mexican liberals;Habsburg monarchy;Conservative party,liberal credentials;conservative alienation;Mexican nationalism;political costume;imperial legitimacy;misreading public opinion;guerrilla warfare;atrocities;foreign occupation,"Dolores演説で問題視された具体的内容と保守派指導者の氏名;MaximilianからCarlotaへの該当書簡の原文・日付;Victor Backhaussenの綴り・実在確認・職業・居住実態;Blasioの原典とJosé Luis Blasio同定;1864年10月Morelia訪問の正確な日付;Márquez’s stand against Uragaの事件詳細;Morelia群衆数・構成・帝政支持の実態;フランス兵証言の原典;Juárezの対仏協力者処罰宣言の原文・法令・日付;Bazaine発言原典と文脈;右下末尾To help with this goal, aの次画像接続",Morelia入城では華やかなcharro風衣装、群衆の好奇心、Maximilianの高揚、Blasioの冷めた観察を対比できる。後半のゲリラ戦描写は、帝政の歓迎演出の背後で進む苛烈な地方戦争として使える。,Fact Cards FACT_MEXEMP_1058-1087 and Timeline Entry TIME_MEXEMP_0168 created; confirm next screenshot connection
CAP_MEXEMP_0045,Chapter2 44枚目 papal nuncio・教会土地問題・米国決議,draft,2026-06-03,2026-06-03,capture;chapter2;mexemp;shawcross,SRC_SHAWCROSS_2022_LAST_EMPEROR_MEXICO,The Last Emperor of Mexico: A Disaster in the New World,Chapter 2 THE ARCHDUKE AND THE PRINCESS / 5 EMPEROR AND EMPRESS,Kindle PC 155/400ページ,No.2175/7062,スクリーンショット 2026-05-31 13.08.42.png,2026-06-03,reading_summary,Maximilianが直面した二大課題として、1864年12月のpapal nuncio到着に伴うconcordat・教会土地問題と、1864年4月4日の米国側決議に示されるWashingtonの圧力を整理する。,43枚目末尾の統治着手叙述から二つの重大課題へ接続する;papal nuncioは1864年12月に到着したとされる;Maximilianは教皇とのconcordatを必要としていたとされる;教会土地没収・売却承認が中心問題だったとされる;第二の課題は米国の脅威だったとされる;1864年4月4日に米国側でメキシコ情勢に関する決議が採択されたとされる;Catholic ChurchとWashingtonへの対応が帝国存続を左右するとShawcrossは整理する,two further challenges;papal nuncio;December 1864;concordat;church lands;US threat;April 4;monarchical government;ephemeral dream,Maximilian;Carlota;papal nuncio;pope;Abraham Lincoln;William H. Seward,papal nuncio arrival in Mexico;Mexican church land confiscation issue;US congressional resolution on Mexico;American Civil War;French intervention in Mexico,Mexico;Republic of Mexico;Washington;United States,Catholic Church;Mexican liberals;Mexican conservatives;United States House of Representatives;Union;Confederates;French Empire,church-state conflict;Liberal Reform;conservative support for empire;US opposition to European-backed monarchy;imperial legitimacy;foreign intervention,papal nuncioの氏名・到着日・任務内容;Maximilianが想定したconcordat案;教会土地没収・売却法の具体的法令名とJuárez政権下の自由主義改革との関係;教会財産問題に対する保守派・自由派・教皇庁側の反応;1864年4月4日の米国決議の正式名称・採択機関・文言・法的効果;LincolnとSewardの対仏・対メキシコ帝政方針の一次資料;南北戦争の戦況と米国のメキシコ問題への関心変化の関係;UnionとHouse of Representativesの関係整理,教会土地問題はMaximilianの調停能力だけでなく自由主義改革・教会権益・保守派基盤・教皇庁外交が絡む。米国決議は即時介入意図ではなく議会意思表示・行政外交・軍事情勢を分けて扱う。,Fact Cards FACT_MEXEMP_1119-1136 and Timeline Entries TIME_MEXEMP_0172-0173 created; verify primary documents and Mexico-side sources
CAP_MEXEMP_0046,Chapter2 45枚目 Liberal Empire・Meglia・Syllabus・12月27日布告,draft,2026-06-03,2026-06-03,capture;chapter2;mexemp;shawcross,SRC_SHAWCROSS_2022_LAST_EMPEROR_MEXICO,The Last Emperor of Mexico: A Disaster in the New World,Chapter 2 THE ARCHDUKE AND THE PRINCESS / 6 LIBERAL EMPIRE,Kindle PC 157/400ページ,No.2191/7062,スクリーンショット 2026-05-31 13.08.46.png,2026-06-03,reading_summary,新節Liberal Empire冒頭として、Francesco Megliaの到着、Syllabus of Errors、教会国家交渉、Carlotaの聖職者批判、1864年12月23日の最後通牒、12月27日の宗教政策布告、Labastidaの反発を整理する。,45枚目では新節「6 LIBERAL EMPIRE」が始まり、前画像で示された教会問題が具体的に展開される。;1864年12月、papal nuncio Francesco MegliaはVeracruzからMexico Cityへ向かい、その悪路の様子をSwedish envoyが観察したとされる。;Francesco MegliaはDamascusのtitular archbishopであり、Mexicoへのpapal nuncioとして到着したとされる。;MaximilianはMegliaの首都到着時の儀礼を細部まで設計し、37段階のプログラムをNapoleon IIIへ送ったとされる。;MegliaはSwedish envoyよりも馬車・護衛・儀仗で厚遇されたとされる。;Shawcrossは、Megliaが長年の宗教対立を終わらせる力を持つため、特別な優先を与えられたと整理している。;MaximilianはJuaristasを取り込むため、Juárezの初期改革の多くを含む教会国家関係の妥協を望んだとShawcrossは述べる。;MegliaがMexico Cityへ到着した翌日、Pope Pius IXはSyllabus of Errorsとして知られる文書で、進歩・自由主義・近代文明をカトリック教会の考えに反するものとして非難したとされる。;Syllabus of Errorsは、信教の自由を含む80の誤った教義を列挙したと説明されている。;Megliaは教皇の訓令として、Juárezの法律撤回、カトリックの排他的国教化、国有化された教会財産の返還を求めたとされる。;MaximilianはMegliaの強硬姿勢に対し、自由主義的な対案を提示したとされる。;MegliaはLabastidaと協議したうえでMaximilianの対案を検討せず、交渉はないと伝えたとされる。;Carlotaは自分のメキシコでの使命を、カトリックを正当な地位へ戻す聖なる仕事と見ていたとされる。;Carlotaは当初は教会支持を想定していたが、メキシコで半年を経て、教会には緊急の改革が必要だと考えるようになったとされる。;Carlotaは祖母への書簡で、メキシコ聖職者の醜聞が非常にひどいと述べたとされる。;Carlotaは、Labastidaが教会財産返還を望むのは、高位聖職者の贅沢のためだと考えていたとされる。;Carlotaは、Labastidaが出席する公的行事のプログラムで高位聖職者を称える語を削り、メキシコの高位聖職者は尊敬に値しない趣旨を述べたとされる。;MegliaがLabastidaと同調していると知ったCarlotaは激しく反発し、Bazaineに強い排除発言をしたとされる。;Maximilianは、Megliaが交渉を拒むならJuárezの法律を確認する布告を出すと閣僚へ伝えたとされる。;1864年12月23日、MaximilianはCarlotaをMegliaのもとへ送り、最後通牒を伝えさせたとされる。;Shawcrossは、MaximilianがMegliaとの個人的対決を避け、Carlotaを交渉に送ったと解釈している。;MegliaはCarlotaの主張に動かず、彼女の論拠を退けたとされる。;MegliaはCarlotaに対し、帝国は聖職者層が作ったもので、その存続も彼らの支持次第だと述べたとされる。;CarlotaはMegliaへ、教会が帝国を助けないなら、帝国側は教会の意に反して教会に仕えることになると警告したとされる。;1864年12月27日、Maximilianは信教の自由、教会財産売却の確認、Juárez改革の多くの受容を布告したとされる。;LabastidaはMaximilianの12月27日の布告を聞いて激怒したとされる。;LabastidaはMaximilianへの書簡で、教会は帝国を支持してきたが、不敬虔な政権を聖職者は支持できないと警告したとされる。;Shawcrossは、Labastidaの警告は空疎な脅しではなく、帝国の困難を大きくする現実的脅威だったと整理している。;Carlotaは翌1月、Eugenieへの書簡で、情念が解き放たれたという趣旨で情勢悪化を伝えたとされる。;45枚目は、44枚目で提示された二大課題のうち、United Statesの圧力ではなくCatholic Churchとの衝突を中心に展開している。,6 LIBERAL EMPIRE;Francesco Meglia;Syllabus of Errors;Juárez’s laws;freedom of worship;December 23;December 27;like dust;Every passion is let loose,Maximilian;Carlota;Francesco Meglia;Pope Pius IX;Benito Juárez;Napoleon III;Labastida;Achille Bazaine;Eugenie;unnamed Swedish envoy,Francesco Megliaのメキシコ到着;Syllabus of Errors;教会国家関係交渉;1864年12月23日の最後通牒;1864年12月27日の宗教政策布告;CarlotaのEugenie宛書簡,Veracruz;Mexico City;Mexico;Damascus;Rome,Catholic Church;Papacy;Mexican clergy;Mexican Empire;French Empire;French army,church-state settlement;concordat;church lands;Juárez reforms;freedom of worship;liberal empire;Catholic reform;imperial legitimacy;conservative backlash;clerical resistance,Francesco Megliaの正式肩書・任命日・Mexico City到着日;Swedish envoyの氏名と観察記録原典;歓迎儀礼プログラム原文;Syllabus of Errors発布日とQuanta Curaとの関係;教皇側訓令原文;Maximilianの対案内容;1864年12月27日布告の正式名称・条文;Labastida書簡原文;Carlota書簡原文;Meglia発言出典;次画像でEvery passion is let looseの続きを確認する,泥濘の道を進むpapal nuncioの馬車と首都での過剰な儀礼の対比は、メキシコ帝国の脆弱な現実と欧州宮廷的演出の乖離を示す場面に使える。Maximilianの「自由主義的帝国」構想は、共和派を取り込みたい一方で保守派・教会の支持にも依存する矛盾として描ける。Carlotaは、信仰心の強い皇后でありながら、高位聖職者層には激しい反感を抱く人物として造形できる。Megliaは、柔軟な仲裁者ではなく、教皇庁側の条件を押しつける外交的圧力の象徴として使える。1864年12月27日の布告は、Maximilianが「リベラルな皇帝」として立つ一方、帝政の保守的支柱を自ら損なう転換点として扱える。,Fact Cards FACT_MEXEMP_1137-1166 and Timeline Entries TIME_MEXEMP_0174-0178 created; verify primary documents and next screenshot continuation
CAP_MEXEMP_0050,Chapter2 49枚目 Dano・フランス財政圧力・BazaineのOaxaca包囲,draft,2026-06-03,2026-06-03,capture;chapter2;mexemp;shawcross,SRC_SHAWCROSS_2022_LAST_EMPEROR_MEXICO,The Last Emperor of Mexico: A Disaster in the New World,Chapter 2 THE ARCHDUKE AND THE PRINCESS / 6 LIBERAL EMPIRE,Kindle PC 168/400ページ,No.2354/7062,スクリーンショット 2026-05-31 13.08.58.png,2026-06-03,reading_summary,France重視への転換、Danoの到着と批判的報告、Napoleon IIIの財政・軍事負担への不満、Langlais派遣、フランス外相の1865年8月批判、Maximilian巡幸中の食中毒逸話、JuárezとDíazの共和派抵抗、BazaineによるOaxaca包囲を整理する。,"Franceを印象づける必要とDanoの到着;MaximilianはDanoへの印象操作を重視した;CarlotaはDanoに楽観的印象を与えた;DanoはMaximilian夫妻を批判に敏感と見た;Danoは政権の実行力不足を報告した;Maximilian夫妻はNapoleon IIIの支援継続を信じていた;CarlotaはNapoleon IIIの好意を信じるようMaximilianを励ました;Napoleon IIIはフランス側の犠牲を重視していた;1865年支出のためParisで新借款が成立した;Napoleon IIIはJacques Langlaisを財政改革に送った;Napoleon IIIはMaximilianへの信頼を急速に失っていた;フランス外相は宮廷の外観より統治効果を重視した;Napoleon IIIは重要施策が延期・反対されることを批判した;Shawcrossは巡幸中のMaximilianを政治批判に鈍感と描く;MaximilianとRamírezは巡幸中の食事後に食中毒になった;外交官は教会敵視を危険政策と見た;軍事問題もMaximilianとフランス側の緊張を高めた;Maximilianはフランス軍作戦を浪費と見た;Porfirio DíazはPuebla後に脱走しOaxacaで共和派を結集した;Bazaineは1865年1月にOaxacaを包囲した;Díazは教会鐘を砲弾に転用したが効果は乏しかった;フランス軍のOaxaca砲撃は5日間続いた;Díazは約4,000人とともに降伏し捕虜となった;Bazaineの勝利後もMaximilianは不満を述べた",does not seem to me a great genius;Decrees are published every day;adjourned or opposed;To eat a priest for breakfast;gastronomical tour,Maximilian;Carlota;Napoleon III;Alphonse Dano;Jacques Langlais;José Fernando Ramírez;Benito Juárez;Porfirio Díaz;Achille Bazaine,French intervention in Mexico;Second Mexican Empire;Oaxaca campaign;French financial pressure on the Mexican Empire,Mexico;Mexico City;Paris;France;Puebla;Oaxaca,French Empire;French army;Mexican treasury;Catholic Church;Republic of Mexico,French military dependence;foreign intervention;imperial finance;court politics;administrative failure;Mexican republican resistance;church-state conflict,Danoの正式肩書と報告原典;Langlaisの正式表記・役職・報酬;1865年借款条件;Oaxaca包囲の開始日・降伏条件;50枚目でBazaineの勝利へのMaximilianの不満を確認,Britain外交からFrance依存へ転調する場面。宮廷的楽観とParisへの批判報告、財政監督、占領軍作戦、共和派抵抗を対比できる。,Fact Cards FACT_MEXEMP_1262-1285 and Timeline Entries TIME_MEXEMP_0184-0187 created; verify primary documents and next screenshot connection.
CAP_MEXEMP_0051,Chapter2 50枚目 Bazaine対立・Carlota宮廷工作・外国人義勇兵,draft,2026-06-03,2026-06-03,capture;chapter2;mexemp;shawcross,SRC_SHAWCROSS_2022_LAST_EMPEROR_MEXICO,The Last Emperor of Mexico: A Disaster in the New World,Chapter 2 THE ARCHDUKE AND THE PRINCESS / 6 LIBERAL EMPIRE,Kindle PC 170/400ページ,No.2397/7062,スクリーンショット 2026-05-31 13.09.02.png,2026-06-03,reading_summary,BazaineのOaxaca勝利費用へのMaximilianの不満、Maximilian-Bazaine権力闘争、CarlotaとEugenieの書簡経路、Carlotaのフランス将軍社交、BazaineとJosefa Peñaの再婚、Maximilianの自軍編成失敗と外国人義勇兵依存を整理する。,"BazaineのOaxaca勝利後もMaximilianは費用面から不満を述べた;Maximilianは皇帝でありながら軍を掌握できずBazaineとの権力闘争に直面した;MaximilianはCarlotaとEugenieの書簡をBazaine批判の非公式経路として用いた;CarlotaはEugenieに対しMexico鎮定には強い権力とフランス軍駐屯が必要だと訴えた;ShawcrossはCarlota書簡の含意をBazaineの戦略批判と解釈している;EugenieはBazaineがNapoleon IIIの信任を保持していることを示した;CarlotaはBazaine配下のフランス将軍たちと親密な宮廷社交を築いた;一部フランス将校はCarlotaの政治的能力を高く評価した;Carlota周辺のフランス将軍たちはBazaineの軍事戦略を批判した;Maximilian夫妻のBazaine軽視はMexicoで公然の秘密となった;Bazaineは1863年末に前妻の死を知り後にJosefa Peñaと出会った;Josefa Peñaは17歳とされBazaineとの年齢差は醜聞的に扱われた;MaximilianはBazaineの再婚を冷ややかに見ていた;Bazaineの婚礼はフランス軍とメキシコ帝国の結束を演出したが実態を覆い隠していた;CarlotaとMaximilianはBazaineの結婚生活を軍事的無能批判に結びつけた;ShawcrossはMaximilianがフランス軍への陰謀より自軍編成を優先すべきだったと評価する;MaximilianはMiramónとMárquezを遠ざけ多くのメキシコ人部隊を動員解除した;1865年1月時点でMaximilian側には約1,300人のベルギー人と約6,000人のAustrian Legion兵がいた;Maximilian側の軍にはフランスが確保した450人のエジプト兵も含まれていた;Habsburg lands出身の義勇兵将校はMaximilianへ直接忠誠を誓った;Habsburg系義勇兵は行政混乱とフランス軍との衝突を引き起こした;Maximilianは故郷を思わせるHabsburg系将校たちの交際を好んだ","ruinous expenditure;absolute master;full confidence;does not wear the trousers;open secret;marital bliss;cosmopolitan nature, or confusion",Maximilian;Carlota;Achille Bazaine;Napoleon III;Eugenie;Miguel Miramón;Leonardo Márquez;Josefa Peña;Auguste Henri Brincourt,Oaxaca campaign aftermath;Maximilian-Bazaine conflict;Carlota correspondence with Eugenie;Bazaine-Josefa Peña marriage;formation/confusion of Maximilian's imperial forces,Mexico;Mexico City;France;Habsburg lands,French army;French Empire;Austrian Legion;Belgian volunteers;Mexican imperial army,foreign military dependence;imperial military command;court politics;French occupation;fiscal burden;gendered political criticism;dynastic loyalty;administrative confusion,Maximilian書簡とOaxaca作戦費;Carlota-Eugenie書簡原文;EugenieのBazaine信任発言;CarlotaのMonday soirées参加者;Auguste Henri Brincourt綴り・階級;Josefa Peña正式氏名・年齢・婚姻日;Bazaine前妻死亡;MiramónとMárquezを遠ざけた経緯;Mexican imperial army動員解除規模;Belgian volunteers・Austrian Legion・Egyptian contingentの人数・所属・指揮系統;Austrian LegionとFrench armyの衝突事例,Maximilianの軍事権限の弱さ、Carlotaの能動的な宮廷政治、Bazaine再婚をめぐるゴシップ、外国人義勇兵依存を小説素材として分離して使う。共和派・Juárez側、外国干渉、占領統治、メキシコ国内政治の複雑性を補う。,FACT_MEXEMP_1285 updated as update_candidate; Fact Cards FACT_MEXEMP_1286-1306 and Timeline Entries TIME_MEXEMP_0188-0189 created; verify primary documents and next screenshot connection.
CAP_MEXEMP_0053,Chapter2 52枚目 Lincoln暗殺後の米国政策・Confederate移民・Juárez支援,draft,2026-06-03,2026-06-03,capture;chapter2;mexemp;shawcross,SRC_SHAWCROSS_2022_LAST_EMPEROR_MEXICO,The Last Emperor of Mexico: A Disaster in the New World,Chapter 2 THE ARCHDUKE AND THE PRINCESS / 6 LIBERAL EMPIRE,Kindle PC 176/400ページ,No.2481/7062,スクリーンショット 2026-05-31 13.09.08.png,2026-06-03,reading_summary,Lincoln暗殺後の米国政策をめぐる帝政側の期待と不安、Maximilian政権非承認、元Confederate誘致構想、Mexican Times、May 1865以降のJuárez側への武器・資金・人員流入を整理する。,"American Civil War中、LincolnとSewardはMexicoへの直接介入を抑制しながら、Maximilian政権の外交承認は拒否したとShawcrossは整理している。;Lincoln暗殺は、Sewardらによる抑制的な米国政策を不安定化させ、Andrew Johnsonが軍部の圧力でMexico侵攻に踏み切るのではないかという憶測を生んだ。;Confederate敗北の報がMexico Cityに届いた時、Maximilianは地方巡幸中であり、その知らせは首都を刺激し、帝政の敵対勢力を勢いづけたとされる。;CarlotaはLincoln暗殺を、Juaristasに対する打撃でありMaximilianに有利な出来事のように受け止めたとされる。;Shawcrossは、CarlotaがUnited Statesを宗教・原則・自由を欠いた膨張主義国家と見なし、MexicoをProtestantismから守ることを聖戦的に捉えたと説明している。;Carlotaは、Lincoln死後にAndrew JohnsonがMaximilian帝国を承認する可能性を期待し、Lincoln夫人とJohnson新大統領に弔意の書簡を送ったとされる。;Maximilianは、首都を支配する政権を承認するのがWashingtonの慣行だと考え、Sewardが自政権を承認しないことを理解できなかったとされる。;Maximilianは米国政府による承認を求めてWashingtonへ外交官を送ったが、SewardはJuárezを見捨てず、Maximilianとその帝国を公式文書で正統政権として扱わなかった。;Sewardの中立政策が続く中で、Maximilian帝国側の米国侵攻への恐怖は徐々に後退したとShawcrossは整理している。;MaximilianはConfederatesの敗北を、元Confederate兵をMexicoへ誘致し、Juárez側ゲリラと戦う民兵形成に使う機会と捉えた。;元Confederate海軍士官・科学者Matthew Fontaine Mauryは、Maximilian帝国で天文学、国務顧問、植民委員に関わる重要役職を与えられたとされる。;Maximilian帝国は、移民奨励のため、政府支援の英字紙Mexican Timesを設立したとされる。;Mexican Timesは移民と進歩を掲げつつ、英語圏亡命者に向けた郷愁や嗜好を反映する紙面も含んでいたとShawcrossは描写している。;Shawcrossは、意味のある米国支援はMaximilian帝国ではなくJuárez側へ流れ、Sewardは直接戦争よりもJuárez軍への武器・補給を重視したと整理している。;April 1865時点で、JuárezはFrench armyに対し、少数で装備の乏しい兵力しか持っていなかったとされる。;Andrew JohnsonはMay 1865に、American Civil War中に存在した北部からの武器輸出禁止を解除し、その後、Juárez側へ軍事物資が国境を越えて流れ込んだとされる。;ある実業家だけで、Juárez軍にEnfield rifles 5,020丁、pistols 1,000丁、artillery pieces 6門、弾薬20,400発、さらに下着やフライパンなどを提供したとされる。;Juárezは、米軍関係者を含む秘密の支援者・連絡員を米国内に持ち、共和派支援の流れを助けていたとされる。;後にBen-Hurの作者となるLew Wallaceは、この時期Union officerとしてJuárez側の将軍たちと直接連絡を取っていたとされる。;親Juárezクラブは共和派の資金源となり、多数の米国退役兵がJuarista ranksに加わったため、彼らのためにAmerican Legion of Honourという部隊が作られたとされる。","recognise Maximilian’s government;wild speculation;so-called;immigration and progress;not to … Juárez;revoked the ban;finance, re-",Maximilian;Carlota;Benito Juárez;Abraham Lincoln;William H. Seward;Andrew Johnson;Mary Todd Lincoln;Matthew Fontaine Maury;John Howard Payne;Lew Wallace;Auguste Henri Brincourt,Lincoln assassination aftermath;US non-recognition of Maximilian's government;Confederate exile recruitment plan;Mexican Times establishment;US material support for Juárez;revocation of arms export ban;American volunteers join Juarista forces,Mexico City;United States;Washington;Mexico;northern Mexico;Chihuahua;US-Mexico border,Mexican Empire;Republic of Mexico;United States government;Union;Confederates;Juaristas;Mexican Times;American Legion of Honour;French army;pro-Juárez clubs,US diplomacy;imperial recognition;Monroe Doctrine context;foreign intervention;republican resistance;Catholic nationalism;Confederate exile;transborder arms supply;imperial miscalculation;indirect intervention;arms supply;post-Civil War US policy,"Lincoln・Sewardの非承認公文書;Carlota弔意書簡原文・日付;MaximilianのWashington承認工作の外交官名;Maury役職とMexican Times紙面;May 1865武器輸出禁止解除命令;Lew Wallaceの任務と連絡相手;American Legion of Honourの部隊規模;次画像でfinance, re-の接続確認",Carlotaの宗教的対米観と実務的弔意外交、MaximilianのConfederate誘致構想、Juárez側への国境越え補給線を創作素材として分離して使う。共和派支援は国家防衛能力の回復として扱う。,Fact Cards FACT_MEXEMP_1327-1347 and Timeline Entries TIME_MEXEMP_0194-0196 created; FACT_MEXEMP_1347 resolved in CAP_MEXEMP_0054 after connection check.
CAP_MEXEMP_0054,Chapter2 53枚目 Rio Grande国境支援・Matamoros攻防・Veranos事件,draft,2026-06-08,2026-06-08,capture;chapter2;mexemp;shawcross,SRC_SHAWCROSS_2022_LAST_EMPEROR_MEXICO,The Last Emperor of Mexico: A Disaster in the New World,Chapter 2 THE ARCHDUKE AND THE PRINCESS / 6 LIBERAL EMPIRE,Kindle PC 179/400,No.2521/7062,スクリーンショット 2026-05-31 13.09.11.png,2026-06-08,reading_summary,Rio Grande国境支援によるJuárez側部隊再建、Brownsvilleの拠点化、Army of Observationによる米国圧力、Napoleon IIIのBazaine南下命令、October 1865のMatamoros攻防、Veranos事件を整理する。,Juárez側はRio Grande越しの支援により部隊再建を進めた;Tomás MejíaはMatamorosで共和派再建を対岸から目撃した;BrownsvilleはJuaristasのrefugeとなった;1865年夏のBrownsvilleには自由派亡命者やUnion officersが集まった;Army of ObservationはTexas占領とMexico監視を担った;米国当局者は武器がJuarista側へ流れるのを黙認したとされる;MejíaはMatamorosで士気維持のため音楽や祝宴を用いた;Ernst PitnerはAustrian Legionの一員としてMatamorosに派遣された;Matamorosの帝政側は町のみを保持し周辺ではguerrillasに脅かされた;米軍増強はNapoleon IIIにBazaine南下命令を出させた;BrincourtのJuárez追撃はNapoleon IIIの命令で妨げられた;MejíaはFrench armyの保護を失ったMatamorosの将来を悲観した;1865年10月にliberal armyがMatamorosへ降伏要求を行った;Matamoros攻撃には多数のAmericansを含むJuaristasが参加した;Imperial gunboatsとMejíaの騎兵はMatamoros攻撃を撃退した;帝政側は米国との衝突を恐れて越境反撃を控えた;Matamoros攻防後、liberalsは大損害を避けて撤退した;Veranos事件ではFrench soldiersが包囲・降伏後に報復を受けた,"finance, recruit, and equip;Army of Observation;almost direct support;resolved to die;not to return fire;Veranos;Whatever the truth of that",Tomás Mejía;Napoleon III;Achille Bazaine;Auguste Henri Brincourt;Ernst Pitner;Armand Alexandre de Castagny;Benito Juárez,American Civil War aftermath;Republican recovery across the Rio Grande;US military buildup in Texas;October 1865 Matamoros attack;French campaign in northwest Mexico;Veranos incident,Matamoros;Brownsville;Rio Grande;Texas;El Paso del Norte;Veranos,Juaristas;Mexican liberals;United States;Union;Army of Observation;French army;Austrian Legion;French Empire;imperialistas,US border support;Monroe Doctrine context;foreign intervention;occupation warfare;guerrilla warfare;imperial military dependency;French withdrawal anxiety;Republican resistance;border warfare;occupation violence;reprisals,Army of Observationの兵力規模、任務、配置時期;BrownsvilleにおけるJuarista活動、密輸、武器流入の一次史料;Tomás MejíaのMatamoros駐屯時期と報告書;Ernst Pitnerの回想録・証言の原典;Napoleon IIIがBazaineに出した撤退・南下命令の日時と文書;BrincourtのEl Paso del Norte / Juárez追撃中止の経緯;October 1865のMatamoros攻防の詳細;Juaristas側に参加したAmericansの人数・所属;Veranos事件の発生日、場所の比定、French側・Juarista側双方の記録;Castagnyの命令内容と村落焼却の範囲;Juaristasが主張した女性殺害の出典;次画像でVeranos文の続きを確認する,MatamorosとBrownsvilleを対岸の鏡像として描ける。片側では帝政軍の軍楽・祝宴・士気維持、もう片側では亡命者、密輸商、Union officers、武器、人員、噂が渦巻く。Veranosは占領軍と共和派抵抗が孤立、放火、遺体損壊、報復、村落焼却へ転化する場面素材になるが、外国軍による占領と報復作戦の構造を併置する。,Fact Cards FACT_MEXEMP_1347-1364 and Timeline Entries TIME_MEXEMP_0197-0199 created; next screenshot should confirm Veranos continuation before any further Fact Card.
CAP_MEXEMP_0055,Chapter2 54枚目 Black Decree・Yucatán巡幸計画・Iturbide養子縁組,draft,2026-06-08,2026-06-08,capture;chapter2;mexemp;shawcross,SRC_SHAWCROSS_2022_LAST_EMPEROR_MEXICO,The Last Emperor of Mexico: A Disaster in the New World,Chapter 2 THE ARCHDUKE AND THE PRINCESS / 6 LIBERAL EMPIRE,Kindle PC 181/400,No.2560/7062,スクリーンショット 2026-05-31 13.09.14.png,2026-06-08,reading_summary,Veranos事件を広範な村落焼却・報復戦の文脈に接続し、Bazaineの強硬方針、1865年10月3日のBlack Decree、Yucatán巡幸計画、Carlotaの政治参加、Iturbide養子縁組とAlice Greenの強制退去を整理する。,Shawcrossは、Veranosがフランス軍によって焼かれた唯一の村ではなく、メキシコ各地で村落焼却と報復の連鎖が生じていたと位置づけている。;54枚目では、あるフランス兵がメキシコでの戦争を休戦も慈悲もない紛争と述べ、別の兵士が軍による焼却・破壊を報復として認めたとされる。;Shawcrossによれば、Bazaineはフランス軍の残虐行為を非難するのではなく、Mexicoをより強い手で鎮定する必要があると考え、MaximilianにBlack Decree署名を促した。;1865年10月3日、Maximilian名義で、帝政軍に対して捕虜を取らない方針を含むBlack Decreeが発せられた。;Black Decreeは、武器を持って捕えられた者を階級にかかわらず死刑対象とし、今後捕虜交換を行わない趣旨を含んでいた。;Shawcrossは、MaximilianがBlack Decreeに積極的に賛成したのではなく、渋々同意しつつ、なお伝統的な君主的手段で臣民を引きつけようとしていたと描いている。;Maximilianは臣民を懐柔するため、戦争で荒廃した遠隔地Yucatánへの大規模な王室巡幸を計画したとされる。;MaximilianとCarlotaに子がいない理由について、Maximilianの過去の性病を疑う噂があったとされる。;Carlotaは、政府への積極的参加によって野心家との非難を受け、祖母宛の手紙で、子のない妻が夫の仕事を分かつのは自然であり、自分の目的は善をなすことだと弁明したとされる。;Maximilianは、後継者問題への対応として、初代メキシコ皇帝Agustín de Iturbideの孫であるSalvadorとAgustínを養子にしたとされる。;養子縁組の対象となった幼児AgustínはMexicoに住んでおり、その母はアメリカ人のAlicia Iturbide、出生名Alice Greenだった。;Shawcrossによれば、困窮したIturbide家はMaximilianから金銭を約束され、Alice Greenに息子を手放すよう圧力をかけ、AliceはSeptember 9に契約へ署名した。;Alice GreenはPueblaまで行った後、子との別離に耐えられず首都へ戻り、Bazaineに面会してMaximilianへ契約撤回を求める手紙の取り次ぎを依頼した。;Shawcrossによれば、Alice Greenは皇帝夫妻に会えると告げられて馬車に乗ったが、実際にはPueblaへ連行され、夫と再会させられたうえでVeracruzからMexicoを去るよう命じられた。;Alice GreenはUnited Statesに到着後、WashingtonでWilliam H. Sewardに会い、French governmentに対して自分のために介入するよう求めた。;DanoはIturbide養子縁組を不可解かつ時宜を失した決定と見たが、French foreign ministryの反応は次画像確認が必要。,"Black Decree;October 3, 1865;Yucatán;venereal disease;September 9;$150,000;Alicia Iturbide, born Alice Green;Seward;inopportune as puerile;French foreign minis-",Maximilian;Carlota;Achille Bazaine;Agustín de Iturbide;Salvador de Iturbide;Agustín de Iturbide y Green;Alicia Iturbide;Alice Green;William H. Seward;Alphonse Dano,Veranos incident;French village burnings;Black Decree;planned royal progress to Yucatán;Iturbide adoption;forced removal of Alice Green from Mexico;Iturbide adoption contract;Alice Green appeal to Bazaine;Alice Green appeal to Seward;Dano report to Paris,Mexico;Veranos;Yucatán;Venice;Brazil;Paris;Puebla;Veracruz;Mexico City;National Palace;Chapultepec;United States;Washington,French army;imperial forces;French Empire;French government;Habsburg dynasty;Iturbide family;Maximilian’s household guard;Mexican Empire;United States government;French foreign ministry,occupation violence;counterinsurgency;reprisal warfare;dynastic legitimacy;imperial image-making;motherhood and coercion;Carlota’s political role;French diplomatic embarrassment;repression;succession;women in politics;deportation;United States diplomacy,Veranos以外の村落焼却の事例・頻度・作戦命令;Black Decree原文と執行実態;Yucatán巡幸計画の詳細;Carlota書簡原文;Iturbide養子縁組の法的形式;Alice Green契約・強制移送・Seward請願の原典;55枚目でFrench foreign minis-の接続は確認済み。French foreign ministerの氏名・Bigelow要請文書・Dano報告原文を確認する,Black Decreeは自由主義的帝国の理念と占領戦争の苛烈化が衝突する転換点として使える。Iturbide養子縁組は王朝正統性工作とAlice Greenの母子分離を分けて扱える。,Fact Cards FACT_MEXEMP_1365-1379 and Timeline Entry TIME_MEXEMP_0200 created; FACT_MEXEMP_1380 created in CAP_MEXEMP_0056 after French foreign minister connection check.
CAP_MEXEMP_0056,Chapter2 55枚目 Alice Green事件外交化・Carlota Yucatán巡幸,processed,2026-06-08,2026-06-08,capture;chapter2;mexemp;shawcross,SRC_SHAWCROSS_2022_LAST_EMPEROR_MEXICO,The Last Emperor of Mexico: A Disaster in the New World,Chapter 2 THE ARCHDUKE AND THE PRINCESS / 6 LIBERAL EMPIRE,Kindle PC 184/400,No.2600/7062,スクリーンショット 2026-05-31 13.09.23.png,2026-06-08,reading_summary,Iturbide養子縁組とAlice Green事件の外交化から、CarlotaのYucatán巡幸、Mérida歓迎、Mayans理解、Austrian Legion証言、Jalapa回避書簡までを整理する。,54枚目末尾のFrench foreign minis-は55枚目冒頭のterと接続しFrench foreign ministerになる;DanoのIturbide養子縁組批判を正式Fact化する;John BigelowはAlice Green事件への介入をFrench foreign ministerに求めた;ParisとWashingtonの同情がAlice Green側に広がったとされる;MaximilianはNapoleon III宛てにAlice Green事件を自己弁護した;1865年末にMaximilianはYucatán旅行を断念しCarlotaを派遣した;Carlotaは1865年11月に随員団とエジプト兵護衛を伴い出発した;CarlotaはVeracruzで多国籍の軍事的歓迎を受けた;Carlotaは豪華なオーストリア艦ではなくメキシコ船を選んだ;MaximilianはCarlotaの好意的報告を帝政人気の証拠と見た;CarlotaはOrizabaで歓迎失敗と不穏な噂を報告した;CarlotaはMéridaで大規模歓迎と宗教儀礼を受けた;Méridaでの歓呼は王朝への支持として受け止められた;Yucatán旅行は皇帝夫妻を先住民の擁護者として示す政治的意味を持った;CarlotaはMayansを自然な君主主義者と見なした;Austrian Legion兵士はYucatánの戦闘・処刑・黄熱病被害を語った;Maximilianは1865年12月15日にCarlotaへJalapa回避を促した,"French foreign minister;John Bigelow;royal kidnapping case;November 1865;Orizaba;Mérida;Mayans;Juaristas;yellow fever;December 15, 1865;Jalapa;imperialistas to",Maximilian;Carlota;Napoleon III;John Bigelow;Alphonse Dano;Alicia Iturbide;Alice Green;Agustín de Iturbide y Green;Ramírez;Eloin;Moctezuma,Iturbide adoption controversy;Alice Green diplomatic appeal;Carlota's Yucatán journey;Veracruz reception;Orizaba report;Mérida reception;Austrian Legion in Yucatán;Maximilian letter to Carlota on Jalapa,France;Paris;Washington;Mexico;Veracruz;Orizaba;Yucatán;Mérida;Mexico City;Jalapa;Vienna,French foreign ministry;French government;United States;Austrian Legion;Egyptian regiment;French marines;Austrian riflemen;Juaristas;Mexican Empire,dynastic legitimacy;imperial scandal;United States diplomacy;French diplomacy;royal travel;imperial propaganda;public acclamation;indigenous representation;guerrilla warfare;occupation resistance,French foreign ministerの氏名・Bigelow要請日・Maximilian書簡原文・Yucatán旅程・Carlota報告原文・Mérida歓迎の主催と動員・Mayans側記録・Austrian Legion証言原典・1865年12月15日書簡全文・次画像でimperialistas toの接続確認,Alice Green事件は王朝正統性工作が米仏外交問題化する場面に使える。CarlotaのYucatán巡幸は祝祭的演出と帝国の軍事的脆弱性を対比できる。,Fact Cards FACT_MEXEMP_1380-1395 and Timeline Entries TIME_MEXEMP_0201-0202 created; confirm imperialistas to continuation in next screenshot.
CAP_MEXEMP_0064,Chapter2 63枚目 The Times報道・Hidalgo逃亡・軍制改革・新条約構想,draft,2026-06-08,2026-06-08,capture;chapter2;mexemp;shawcross,SRC_SHAWCROSS_2022_LAST_EMPEROR_MEXICO,The Last Emperor of Mexico: A Disaster in the New World,Chapter 2 THE ARCHDUKE AND THE PRINCESS / 7 THE END OF THE AFFAIR,Kindle PC 205/400,No.2896/7062,スクリーンショット 2026-05-31 13.09.46.png,2026-06-08,reading_summary,The Times経由のBelgian diplomats襲撃報道、Hidalgoの召還と逃亡、Gutiérrez de Estradaとの書簡対立、Napoleon IIIの曖昧な4月書簡、Maximilianの軍制改革案、Bazaineの撤兵引き延ばし、新条約構想を整理する。,The TimesはBelgian diplomats襲撃を英国読者に伝えた;Belgian mission襲撃後、帝国支持者も安全性を主張しにくくなった;José Manuel Hidalgo y EsnaurrízarはParisから召還された;HidalgoはMexico帰還を嫌がった;HidalgoはVeracruzから首都まで強力な護衛を求めた;HidalgoはFrench governmentの態度変化をMaximilianに警告した;MaximilianはHidalgoを罷免しつつcounsellor of stateに任命した;Hidalgoは偽名でVeracruzへ逃れEurope行きを手配した;MaximilianはGutiérrez de Estradaと長い書簡関係を維持していた;Gutiérrez de EstradaはMaximilianの自由主義路線を批判した;Maximilianは帝国の問題をFrench側に帰した;Gutiérrez de EstradaはMexico行きを拒んだ;Napoleon IIIは撤兵方針と帝国維持希望を同時に示した;Napoleon IIIはFrench Foreign Legion残留と25 million francs利払い放棄を約束した;Maximilianは帝国存続には自前の財政と軍隊が必要だと認識した;Maximilianは外国人義勇兵とMexican imperialistasを組み合わせた軍を構想した;Maximilianは軍制改革案をCarlotaに誇らしげに伝えた;Franz JosephはMaximilianに軍事問題へ関わらないよう忠告していた;MaximilianはMexicoでの軍制改革をEuropean powersの手本と見なした;BazaineはMaximilianと対立しつつ帝国存続の可能性を感じていた;Bazaineには帝国存続に結びつく私的利害があった;BazaineはFrench evacuationをできるだけ長引かせる構想を持った;Bazaineの構想では最後のFrench contingentは1867年末まで残る予定だった;French military supportによりMaximilianはJuárezへの攻勢を想定した;MaximilianはTreaty of Miramarに代わるFranceとの新条約作成に取り組んだ;MaximilianはNapoleon IIIが自分の構想を完全には見捨てていないと考え続けた;Maximilianのentente cordiale構想はFrench troops継続駐留を含んでいた,John Bull;José Manuel Hidalgo y Esnaurrízar;José María Gutiérrez de Estrada;French Foreign Legion;25 million francs;imperialistas;Franz Joseph;end of 1867;entente cordiale;Treaty of Miramar,Maximilian;Carlota;Napoleon III;José Manuel Hidalgo y Esnaurrízar;José María Gutiérrez de Estrada;Achille Bazaine;Franz Joseph;Benito Juárez;Baron d’Huart,Belgian mission襲撃後の報道;Hidalgo召還;Hidalgo逃亡;Maximilian-Gutiérrez de Estrada correspondence;French withdrawal crisis;Mexican Empire military reform;French evacuation planning;Treaty of Miramar replacement proposal,Mexico City;Veracruz;Paris;France;Mexico;Britain;Europe,The Times;French government;French Empire;French army;French Foreign Legion;Catholic Church;Conservative Party;Austrian volunteers;Belgian volunteers;Mexican imperialistas;Mexican Empire;Mexican army;Belgian mission,British public opinion;European press;European credit;imperial insecurity;French withdrawal;military dependence;Mexican imperial finance;Conservative Party;Catholic Church;foreign volunteers;occupation and legitimacy;diplomacy;treaty revision,The Timesの記事原文と掲載日;Hidalgoの召還・罷免・counsellor of state任命・逃亡の一次資料;Gutiérrez de Estradaとの書簡原文;Napoleon IIIの1866年4月書簡の正確な日付と全文;French Foreign Legion残留および25 million francs利払い放棄の具体条件;Bazaineが1867年末まで撤兵を引き延ばす構想を示した一次資料;Treaty of Miramarに代わる新条約案の条文・草案・交渉過程;次画像でFrench troops remaining in Mexico until the country was pacifiedの続き確認,Hidalgoの逃亡は帝国建設の担い手が危機のMexicoには戻りたがらない皮肉として使える。Gutiérrez de Estradaとの書簡は保守派・カトリック勢力からも離反される構図に使える。Napoleon IIIの曖昧な書簡は見捨てられていないと信じ続ける心理的足場になる。Bazaineの撤兵引き延ばしは希望とFrench army依存を同時に示す。entente cordiale構想はMexico独立理念とFrench troops継続駐留依存の矛盾を描く材料になる。,Fact Cards FACT_MEXEMP_1500-1526 and Timeline Entries TIME_MEXEMP_0225-0227 created; verify primary documents and next screenshot continuation.
CAP_MEXEMP_0066,Chapter2 65枚目 退位決意・Carlota渡欧・1866年欧州戦争,draft,2026-06-08,2026-06-08,capture;chapter2;mexemp;shawcross,SRC_SHAWCROSS_2022_LAST_EMPEROR_MEXICO,The Last Emperor of Mexico: A Disaster in the New World,Chapter 2 THE ARCHDUKE AND THE PRINCESS / 7 THE END OF THE AFFAIR,Kindle PC 211/400,No.2978/7062,スクリーンショット 2026-05-31 13.09.52.png,2026-06-08,reading_summary,MaximilianがMexicoでの使命をなお肯定的に語っていたところから、1866年6月28日のParisからのentente cordiale案拒絶通知によって退位を考える段階に至り、Carlotaが退位に反発して自らNapoleon IIIへ訴えるためEuropeへ向かう決断をする流れを整理する。後半では1866年夏のPrussia・Italy対Austria戦争、Napoleon IIIの中立、Biarritz会談の叙述に接続する。,MaximilianはMexicoでの状況を周囲に肯定的に語っていた;Maximilianは友人宛書簡でMexicoでの地位放棄を否定した;Maximilianは苦難と戦いを自分の本領として語った;Maximilianは事情を知っていてもMexico皇帝位を受けたと語った;Maximilianは帝国崩壊や自死的破滅をも使命の一部として語った;1866年6月28日にParisから拒絶の知らせが届いた;MaximilianはParisからの知らせを受け退位を決意したとされる;CarlotaはMaximilianの退位意思に激しく反発した;CarlotaはLouis Philippe退位を一族の破滅として理解していた;Carlotaは退位を自己断罪・無能表明とみなした;Carlotaは皇帝がいる限り帝国は存在すると主張した;Carlotaは退位をHabsburgにふさわしくない行為と考えた;CarlotaはAlmonteの失敗後に自らEuropeへ行く決意をした;CarlotaはNapoleon IIIに直接真実を示せば説得できると考えた;Carlotaは帝国存続の可能性をなお信じていた;CarlotaはMiramarでの私生活を皇后の地位より望ましいとは考えなかった;Carlotaは出発前に女官たちやMaximilianと別れを交わした;Carlotaは1866年7月9日早朝にEuropeへ向けMexico Cityを出発した;Carlotaは帝国存続の最終責任を自ら担う形でEuropeへ向かった;1866年夏にPrussiaとItalyがAustriaと戦争状態に入った;ItalyはHabsburg勢力をイタリア半島から排除しようとしていた;1866年夏にはMaximilianだけでなくFranz JosephもFrench helpを必要としていた;Napoleon IIIはPrussia対Austriaの危機で中立を保った;Biarritz会談でNapoleon IIIはAustria孤立の見返りを期待していたとされる,"June 28, 1866;entente cordiale;would abdicate;not worthy of a Habsburg;Jules Favre;July 9;summer of 1866;Bismarck;Biarritz",Maximilian;Carlota;Napoleon III;Juan Nepomuceno Almonte;Louis Philippe;Jules Favre;Otto von Bismarck;Franz Joseph,rejection of entente cordiale;Maximilian’s contemplated abdication;Carlota’s mission to Europe;Austro-Prussian War;Biarritz meeting,Mexico;Mexico City;Europe;Paris;Miramar;Prussia;Austria;Italy;Biarritz,French Empire;French government;Prussia;Austria;Italy;Habsburg monarchy;Mexican Empire,imperial legitimacy;abdication;Habsburg honor;foreign dependence;French withdrawal;European diplomacy;Mexican Empire survival crisis,Maximilianが友人・元私設秘書に送った書簡の原典;1866年6月28日のMaximilian退位決意場面の出典;Carlotaの退位反対メモの原典;CarlotaがNapoleon IIIに直接訴えると述べた発言の原典;Biarritz会談におけるNapoleon IIIへの territorial gains 約束の具体的史料と研究上の評価;1866年夏のPrussia・Italy対Austriaの戦争がMexico政策に与えた影響について、フランス側・オーストリア側・メキシコ共和派側の資料で要クロスチェック,Maximilianは、外面では使命感と英雄性を語る一方、外交的失敗の知らせにより一気に退位へ傾く。人物造形上、「高貴な使命感」と「現実処理能力の脆さ」の対比に使える。;Carlotaは単なる同行者ではなく、帝国存続の最後の政治的主体として描ける。彼女にとって退位は合理的撤退ではなく、王朝的名誉の死である。;CarlotaのEurope行きは、政治交渉であると同時に、Habsburg・Orléans・Bonaparte外交の終局的対決として構成できる。;1866年欧州戦争の挿入により、Mexico帝国の崩壊をMexico国内問題だけでなく、欧州国際政治の変動の中に置ける。,Fact Cards FACT_MEXEMP_1557-1580 and Timeline Entries TIME_MEXEMP_0233-0237 created; CAP_MEXEMP_0067 processed; next Capture Note CAP_MEXEMP_0068; next Fact Card FACT_MEXEMP_1609; next Timeline Entry TIME_MEXEMP_0242.
CAP_MEXEMP_0067,Chapter2 66枚目 Carlota Paris到着・Eugenie会談・Saint-Cloud謁見前,draft,2026-06-08,2026-06-08,capture;chapter2;mexemp;shawcross,SRC_SHAWCROSS_2022_LAST_EMPEROR_MEXICO,The Last Emperor of Mexico: A Disaster in the New World,Chapter 2 THE ARCHDUKE AND THE PRINCESS / 7 THE END OF THE AFFAIR,Kindle PC 213/400,No.3020/7062,スクリーンショット 2026-05-31 13.09.55.png,2026-06-08,reading_summary,MaximilianがCarlota渡仏直前にもNapoleon IIIの余力を期待し、French troops残留・追加財政支援・Bazaine更迭を交渉させようとしていた一方、Carlota到着時点ではPrussia勝利でNapoleon IIIの欧州外交が悪化していた。CarlotaはBrussels・Vienna訪問を拒んでParisへ直行し、Gare Montparnasse到着、Grand Hotel滞在、Eugenieとの会談を経て、1866年8月11日にSaint-CloudでNapoleon IIIとの謁見へ向かう。,MaximilianはCarlota渡仏直前にもNapoleon IIIを有利な立場にあると見ていた;MaximilianはCarlotaにFrench troops残留・財政支援・Bazaine更迭を交渉させようとした;MaximilianはFrench interests軽視批判に対応して内閣を刷新した;MaximilianはNapoleon IIIがCarlotaの要求を拒めないと考えた;Maximilianは成果なしの帰欧を避けるようCarlotaに圧力をかけた;Carlotaは1866年8月初旬にSaint-Nazaireへ到着した;Prussiaは短期戦でAustriaに大勝しcontinental Europeの有力勢力となった;Austria側では海軍の対Italy勝利だけが肯定的要素だったとされる;ShawcrossはNapoleon IIIのPrussia政策を重大な外交的誤算と評価する;Napoleon IIIは1866年8月にBismarckからの領土的見返りを得ようとしたとされる;BismarckはGerman nationalismを軍事国家的体制に結集させていたと描かれる;FranceではNapoleon IIIの対Prussia政策批判が高まっていた;EugenieもNapoleon IIIがBismarckに出し抜かれたと非難したとされる;Napoleon IIIは病気を理由にCarlotaとの面会を遅らせようとした;CarlotaはBrusselsとViennaへの訪問拒否を電報で伝えていた;CarlotaはNapoleon IIIの口実を無視してParisへ向かった;Carlota到着時にNapoleon III側の随員は誤った駅にいた;CarlotaはParisのGrand Hotelに滞在した;CarlotaはParis滞在期間を必要なだけと答えた;Eugenieは翌日にSaint-CloudからCarlotaのホテルを訪れた;CarlotaはEugenieに兵・時間・資金の追加を求めた;CarlotaはNapoleon IIIとの面会を強硬に要求した;Carlotaは初回会談を有望でないとMaximilianへ報告した;CarlotaはEugenieについて私的に辛辣な印象を書いた;1866年8月11日にCarlotaはNapoleon IIIとの謁見に向かった;Carlotaは黒い絹のドレスと白い帽子で群衆の歓声を受けた;CarlotaはSaint-Cloudへ向かう途中に強い不安を示したと描かれる;CarlotaはSaint-Cloud到着時に威厳を取り戻した,"Europe very changed;wise Napoleon;French troops;Bazaine;gare Montparnasse;as long as it took;more men, time, and money;August 11;Saint-Cloud",Maximilian;Carlota;Napoleon III;Eugenie;Achille Bazaine;Franz Joseph;Otto von Bismarck;Juan Nepomuceno Almonte;José María Gutiérrez de Estrada;John Schofield;Georges-Eugène Haussmann,Carlota’s mission to Europe;French intervention in Mexico;Austro-Prussian War;Prussia-Italy war against Austria;Bismarck-Napoleon III diplomatic crisis;Saint-Cloud audience;Carlota-Eugenie meeting,Mexico;France;Europe;Saint-Nazaire;Paris;Gare Montparnasse;Grand Hotel;Saint-Cloud;Brussels;Vienna;Austria;Prussia;Italy;Rhine,French Empire;French army;Prussian army;Austrian army;Austrian navy;Imperial Guard;Mexican Empire,Mexican Empire dependence on France;foreign intervention;imperial diplomacy;Habsburg crisis;European balance of power;Napoleon III’s foreign policy;Carlota’s political agency;collapse of French support,Maximilian書簡原文;French officers任命の氏名・役職;CarlotaのSaint-Nazaire到着日;Bismarck-Napoleon III秘密外交の史料;Eugenie発言の典拠;Carlota電報原文;Gare Montparnasse出迎え手違いの性格;Saint-Cloud謁見内容;Mexican republicans / Juaristas側の反占領抵抗との併置,CarlotaのParis到着を、帝国存続の具体的交渉任務と、Second Empire Parisの華やかさ、Napoleon III外交危機の落差として描ける。Saint-Cloudへの馬車場面では外面的威厳と内面の不安を対比できる。,Fact Cards FACT_MEXEMP_1581-1608 and Timeline Entries TIME_MEXEMP_0238-0241 created; next Capture Note CAP_MEXEMP_0068; next Fact Card FACT_MEXEMP_1609; next Timeline Entry TIME_MEXEMP_0242.
CAP_MEXEMP_0068,"Chapter2 67枚目 Saint-Cloud会談・500,000 francs要求・Grand Hotel最終拒絶",draft,2026-06-08,2026-06-08,capture;chapter2;mexemp;shawcross,SRC_SHAWCROSS_2022_LAST_EMPEROR_MEXICO,The Last Emperor of Mexico: A Disaster in the New World,Chapter 2 THE ARCHDUKE AND THE PRINCESS / 7 THE END OF THE AFFAIR,Kindle PC 216/400,No.3060/7062,スクリーンショット 2026-05-31 13.09.58.png,2026-06-08,reading_summary,"Saint-CloudでのCarlotaとNapoleon IIIの直接会談、閣僚説得、8月13日の月額500,000 francs要求、フランス閣議の追加資金・兵力拒否、8月15日のMaximilian宛書簡、8月19日のGrand Hotel最終拒絶を整理する。","CarlotaはNapoleon IIIの息子がMexican Order of the Eagleを身につけているのを見た;EugenieはCarlotaをNapoleon IIIの書斎へ案内した;CarlotaはMaximilianの書簡と覚書をNapoleon IIIに提示した;CarlotaはNapoleon IIIの名誉とMaximilianへの約束に訴えた;CarlotaはNapoleon IIIが以前より弱っていると感じた;Napoleon IIIはMaximilian支援はもはや自分の裁量ではないと述べた;Napoleon IIIはCarlotaとの会談中に涙を見せたとされる;会談はオレンジエードを持った召使いの入室で中断された;CarlotaはNapoleon IIIの閣僚がMaximilian放棄を強いたと主張した;Napoleon IIIは閣僚と相談後に最終判断すると約束した;CarlotaはSaint-Cloudを去る際に旗へ敬礼しなかった;Carlotaは外相・蔵相・陸相と会談したが実質的な約束は得られなかった;Carlotaは8月13日に月額500,000 francsの支払い承認を求めた;Maximilianは補助なしでは政府職員にも軍にも支払えない状態だったとされる;CarlotaはNapoleon IIIの手書き書簡を示して約束を想起させた;Napoleon IIIは動揺したが閣議前の決定を拒んだ;フランス閣議はMexicoへの追加資金・兵力投入を拒否した;Carlotaは8月15日にMaximilianへなお希望を持つと書いた;CarlotaはNapoleon IIIとEugenieを未成熟で涙もろいと評した;Carlotaは月額500,000 francsの補助獲得に失敗したことを認めた;Napoleon IIIはCarlotaがParisを去ることを望んだが彼女は拒んだ;CarlotaはNapoleon III本人にFrench support終了を説明させようとした;8月19日にNapoleon IIIはGrand HotelでCarlotaと会った;CarlotaはCorps législatifが資金を認めないなら議会を解散すべきだと主張した;CarlotaはFranceに忠実で利益をもたらすLatin America帝国構想に訴えた;Napoleon IIIはCarlotaに幻想を抱けないと告げた;CarlotaはNapoleon III自身もこの件の当事者だと反論した;Napoleon IIIはCarlotaに返答せず退室した;Napoleon IIIの最終拒絶はCarlotaを深く動揺させた","Mexican Order of the Eagle;500,000 francs;no more French money or soldiers;August 13;August 15;August 19;Corps législatif;Grand Hotel",Carlota;Maximilian;Napoleon III;Eugenie;Napoleon III's son,Carlota's mission to France;French withdrawal from Mexico;Crisis of the Mexican Empire,Saint-Cloud;Paris;Grand Hotel;Mexico,French Empire;French army;Mexican Empire;Corps législatif,French military dependency;diplomatic abandonment;imperial obligation;financial collapse;Carlota's political desperation;Maximilian-centered tragedy;foreign intervention,"Carlotaが提示したMaximilianの覚書・書簡の原典;8月11日Saint-Cloud会談の記録源;8月13日の二度目の会談記録;月額500,000 francs要求の根拠資料;8月14日相当の閣議決定の一次資料;8月15日のCarlota書簡の原文;8月19日Grand Hotel会談の記録源;Napoleon IIIの涙・動揺・冷淡な態度が誰の証言に基づくか;Corps législatif解散提案がCarlota本人の発言としてどの資料に残っているか","Carlotaの交渉は悲劇的使命感と外交的孤立を同時に描ける;Napoleon IIIの息子の勲章は形式的親密さと実質的見捨ての対照に使える;500,000 francs要求は帝政存続が給与・軍費・補助金に依存していたことを示す;Grand Hotel会談は政治的切迫感とFrance国内政治による占領体制延命の訴えを併置できる",Fact Cards FACT_MEXEMP_1609-1637 and Timeline Entries TIME_MEXEMP_0242-0246 created; verify primary documents and Mexico-side republican context.
CAP_MEXEMP_0069,Chapter2 68枚目 Carlota精神悪化・Rome使命・Miramar帰還・Blasio到着,draft,2026-06-08,2026-06-08,capture;chapter2;mexemp;shawcross,SRC_SHAWCROSS_2022_LAST_EMPEROR_MEXICO,The Last Emperor of Mexico: A Disaster in the New World,Chapter 2 THE ARCHDUKE AND THE PRINCESS / 7 THE END OF THE AFFAIR,Kindle PC 219/400,No.3100/7062,スクリーンショット 2026-05-31 13.10.01.png,2026-06-08,reading_summary,Napoleon IIIの最終拒絶後のCarlotaの心身悪化、8月22日のMaximilian宛書簡、Romeでのconcordat交渉への期待、Miramar帰還、9月14日のBlasio到着、9月16日のMexican independence祝宴冒頭を整理する。,Carlotaの心身悪化;Carlotaの頭痛・不眠・悪夢;1866年8月22日の書簡;Carlotaの道徳的勝利意識;Napoleon III拒絶の原因認識;Napoleon IIIの悪魔視;Napoleon IIIの涙と約束への不信;退位しないよう促すCarlota;Napoleon III体制崩壊への期待;MaximilianのEurope渡航反対;Saint-Cloudのオレンジエード毒殺疑念;Rome行きの継続決意;Concordatへの期待;Concordatの政治目的;Rome前のMiramar滞在;Italian countrysideによる鎮静;Italian tricolourとMexican flag;1866年9月のMiramar到着;Maximilianの写真入り書簡;French support喪失を好機とする返書;United States承認への期待;共和派闘争放棄の見通し;財政改善への楽観;Franceの力の継承という幻想;Napoleon III消滅後のMaximilian像;BlasioのTrieste到着;Blasioの異変察知;到着遅延への苛立ち;書簡改竄への疑念;Napoleonへの恐怖表明;封蝋でも疑念は消えなかった;自室での食事;Manuelaとの食事;外見上の威厳;9月16日のMiramar祝宴;Blasio観察の途中切れ,August 22;Paris of Babylon;orangeade;mission to Rome;concordat;September 14;September 16;Mexican independence,Carlota;Maximilian;Napoleon III;Pope Pius IX;Benito Juárez;José Luis Blasio;Manuela Gutiérrez Estrada del Barrio;José María Gutiérrez de Estrada,Carlota's European mission;French withdrawal from Mexico;Saint-Cloud meeting;planned Rome mission;Miramar stay;Mexican Independence Day celebration at Miramar,Paris;Saint-Cloud;Rome;Miramar;Trieste;Italian countryside;Mexico,French Empire;Corps législatif;United States;Catholic Church;Mexican Empire;Mexican republicans,Carlota's mental deterioration;foreign intervention;French support withdrawal;Catholic concordat;imperial legitimacy;paranoia and poisoning fear;Maximilian's refusal to abdicate,8月22日のMaximilian宛書簡の原文・所蔵・刊行形態;Saint-Cloudのオレンジエード毒殺疑念の根拠と証言源;Blasioの正式姓名・役職・回想録または報告書;Manuela Gutiérrez Estrada del Barrioの人物情報;9月16日のMiramar祝宴に関する次画像のBlasio観察;Pope Pius IXとのconcordat交渉の実際の経過,政治的敗北が宗教的・黙示録的な世界認識へ変換される場面として使える;Miramar帰還は過去の幸福と帝国崩壊を重ねる対照場面として使える;Blasio視点は内的崩壊と外見上の威厳の二重性を描く外部観察に使える,Fact Cards FACT_MEXEMP_1638-1673 and Timeline Entries TIME_MEXEMP_0247-0250 created; verify primary documents and next screenshot continuation. Next IDs: CAP_MEXEMP_0070; FACT_MEXEMP_1674; TIME_MEXEMP_0251.
CAP_MEXEMP_0071,Chapter2 70枚目 Vatican宿泊・修道院での火傷・Philippe到着,draft,2026-06-09,2026-06-09,capture;chapter2;mexemp;shawcross,SRC_SHAWCROSS_2022_LAST_EMPEROR_MEXICO,The Last Emperor of Mexico: A Disaster in the New World,Chapter 2 THE ARCHDUKE AND THE PRINCESS / 7 THE END OF THE AFFAIR,Kindle PC 224/400ページ,No.3179/7062,スクリーンショット 2026-05-31 13.10.07.png,2026-06-09,reading_summary,69枚目末尾からの続きとして、Carlotaの同行者逮捕要求、Vaticanでの例外的宿泊、翌日の遺言・修道院での毒殺恐怖と火傷、Grand Hotelでの食事管理、Blasioの観察、1866年10月8日のPhilippe到着とMiramar移送を整理する。,Carlotaは同行者たちの逮捕を求めた;CarlotaはManuelaと同じ皿から食べる条件で昼食に応じた;Carlotaは夕方になってもホテルへの帰還を拒んだ;Vatican宮殿では女性の宿泊が原則認められていなかったと叙述される;Pius IXは図書室に二つの寝台を用意させた;Carlotaは翌日に遺言を作りMaximilianへ全財産を残した;CarlotaはMaximilianへ別れの言葉を書いた;Carlotaは近くの修道院訪問に説得された;Carlotaは修道院で食器が毒を盛られていると叫んだ;Carlotaは煮えた料理の鍋に手を入れて火傷し失神した;Carlotaは失神後ホテルへ運ばれ自室に閉じこもった;Carlotaは食材を目の前で調理させた;Carlotaは猫を毒見役として使ったと叙述される;Carlotaは数日後Blasioを呼び出した;BlasioはCarlotaの部屋で脚に結ばれた鶏を見た;Carlotaは側近たちを殺害未遂で告発する命令書作成を求めた;Carlotaは反逆罪で解任予定の家政責任者に命令書署名を求めようとした;BlasioはCarlotaの衰弱した容貌を観察した;1866年10月8日にPhilippeがBelgiumからRomeへ到着した;PhilippeはCarlotaをRomeからMiramarへ移送した;Maximilianの側近へCarlotaの病状が伝えられた;目撃者たちはMaximilianが病状を知れば退位すると考えた,"travelling companions;same plate;will;knife and fork;boiling pot;personal taster;October 8, 1866;Philippe, Count of Flanders","Carlota;Pope Pius IX;Manuela Gutiérrez Estrada del Barrio;José Luis Blasio;Maximilian;Philippe, Count of Flanders;unnamed colonel",Carlota's Rome mission;Carlota's Vatican asylum episode;Carlota's breakdown;Crisis of the Mexican Empire,Vatican;Rome;Grand Hotel;nearby convent;Miramar;Belgium;Mexico,Vatican;Vatican police;Catholic Church;Imperial household,papal diplomacy;Carlota's mental state;poison fear;imperial collapse;Habsburg family intervention;Maximilian's possible abdication,三人の同行者の実名;colonelの所属・氏名;Vatican宮殿の女性宿泊規則;Carlotaの遺言・Maximilian宛別れの書簡の原典;Blasio観察の原典;Philippe到着日と移送経路,毒殺疑念は客観的陰謀ではなく、Carlota側の認識・周囲の観察・Shawcrossの叙述として扱う。Vatican、修道院、Grand Hotel、Miramarへの移送を連続場面として使える。,Fact Cards FACT_MEXEMP_1707-1728 and Timeline Entries TIME_MEXEMP_0256-0258 created; verify primary documents and avoid medical diagnosis.
CAP_MEXEMP_0072,Chapter2 71枚目 Abdication Crisis・Matamoros/Bagdad襲撃・Monterrey輸送隊,draft,2026-06-09,2026-06-09,capture;chapter2;mexemp;shawcross,SRC_SHAWCROSS_2022_LAST_EMPEROR_MEXICO,The Last Emperor of Mexico: A Disaster in the New World,Chapter 2 THE ARCHDUKE AND THE PRINCESS / 8 ABDICATION CRISIS,Kindle PC 227/400ページ,No.3205/7062,スクリーンショット 2026-05-31 13.10.11.png,2026-06-09,reading_summary,新節ABDICATION CRISIS冒頭として、Napoleon IIIに見捨てられた帝国の後退、MatamorosとBrownsvilleをめぐる国境危機、1866年1月のBagdad raid、EscobedoのArmy of the North指揮、PitnerらAustrian Legionの輸送隊行軍を整理する。,"71枚目から節ABDICATION CRISISに入る;Napoleon IIIに見捨てられた帝国は1866年にさらなる後退へ向かった;French troopsのMexico City方面後退により遠隔拠点が不安定化した;Tomás MejíaはMatamorosを保持していた;BrownsvilleではJuaristasがMaximilian打倒を画策していた;2人のUnited States市民がliberal armyで募集活動を行った;募集は無頼者・冒険者を集めたと報告された;1866年1月にBagdadが攻撃された;BagdadはMejíaの海路補給拠点だった;Bagdad襲撃でFrench gunboatは退却した;Bagdad襲撃後、物資はUnited States側へ運ばれた;Bagdad占拠は長続きせずMejía側が奪回した;Bagdadの一時的勝利はEscobedoに帝国支配の弱さを示した;ShawcrossはEscobedoを知識人風の外見を持つ軍人として描く;Escobedoは対アメリカ・対保守派・対帝国の戦歴を持つ;1865年末頃、JuárezはEscobedoを国境地帯へ派遣した;Escobedoの任務は共和派を憲法政府の下にまとめることだった;Escobedoへの人員・資金流入の中でMejíaはMatamorosを守った;Ernst PitnerはMatamoros防衛に加わるAustrian Legion将校だった;PitnerはMatamorosの環境を劣悪なものとして母に書いた;約300人のAustriansは首都近くで必要とされた;Pitnerらは1,400人の護衛部隊と輸送隊を守る予定だった;Guerrillasにより商人の単独移動は危険とされた;Pitnerらが護衛した輸送隊は巨大だった;1866年6月7日に輸送隊はMonterreyへ向けて出発した;輸送隊の行軍初期にAustriansが日射病で死亡した;水不足と道路事情が輸送隊を苦しめた","ABDICATION CRISIS;Abandoned by Napoleon III;Matamoros;Brownsville;Bagdad;Mariano Escobedo;Army of the North;Ernst Pitner;Austrian Legion;11 million francs;June 7, 1866",Maximilian;Napoleon III;Tomás Mejía;Mariano Escobedo;Benito Juárez;Ernst Pitner,Abdication crisis;French withdrawal;Bagdad raid;Matamoros campaign;convoy march toward Monterrey,Mexico City;Matamoros;Brownsville;Rio Grande;Bagdad;Monterrey;Nuevo León;northeast Mexico,French army;Juaristas;Mexican imperialistas;liberal army;Army of the North;Austrian Legion,abdication crisis;imperial collapse;foreign intervention;border warfare;republican resistance;guerrilla warfare;logistics;Austrian volunteers;occupation dependency,"Brownsvilleで任官・募集した2人のUnited States市民の氏名;Bagdad raidに関する一次報告の出典;Bagdadの奪回時期;EscobedoがMatamoros攻略を再開した具体的日付;JuárezがEscobedoをArmy of the North指揮官として派遣した正確な日付・命令文;Pitnerの母宛書簡の原典;1866年6月7日の輸送隊の正式名称、出発地、目的地、実際の到達状況;11 million francs相当の商品内容と所有者;300人のAustriansがMexico City方面へ必要とされた軍事的理由;合流予定だった2,000人のimperialistasの所属・指揮官",Maximilian個人の悲劇から、帝国崩壊の軍事・兵站・国境政治へ視点を広げられる。Bagdad raidは小規模越境支援と略奪的混乱が帝国の脆弱性を露呈する場面に使える。Pitnerの行軍描写は宮廷イメージと地方戦線の酷暑・泥・補給難の落差を描ける。,Fact Cards FACT_MEXEMP_1729-1755 and Timeline Entries TIME_MEXEMP_0259-0262 created; next Capture Note CAP_MEXEMP_0073; next Fact Card FACT_MEXEMP_1756; next Timeline Entry TIME_MEXEMP_0263.
CAP_MEXEMP_0073,Chapter2 72枚目 Escobedo伏撃・Matamoros降伏・北部帝政崩壊,draft,2026-06-09,2026-06-09,capture;chapter2;mexemp;shawcross,SRC_SHAWCROSS_2022_LAST_EMPEROR_MEXICO,The Last Emperor of Mexico: A Disaster in the New World,Chapter 2 THE ARCHDUKE AND THE PRINCESS / 8 ABDICATION CRISIS,Kindle PC 229/400ページ,No.3240/7062,スクリーンショット 2026-05-31 13.10.20.png,2026-06-09,reading_summary,71枚目から続くPitner輸送隊行軍が、Escobedoによる待ち伏せと輸送隊壊滅、Matamoros降伏、Rio Grande沿い帝政拠点喪失、Monterrey放棄へ展開する過程を整理する。,72枚目は輸送隊行軍からJuaristasの銃撃開始へ続く;Escobedoは輸送隊の進路を把握していた;Escobedoは合流予定の帝政軍を遅滞させた;輸送隊前衛は重い攻撃を受けて野営した;Escobedoは翌日に本格的な待ち伏せを発動した;PitnerのAustriansは挟撃を受けて大損害を出した;Pitnerは戦闘中に喉を撃たれた;生存したimperialistasは捕虜となった;Mexican imperialistasの多くは戦闘前に降伏したと叙述される;Escobedoは輸送隊・武器・Austrian Legion残存者を獲得した;約300人のAustriansのうち約120人が死亡した;Escobedoの勝利は資金・宣伝面で大きかった;Escobedoは勝利後にMatamoros進軍を促した;MejíaはMatamorosを保持できず降伏した;Antonio CarvajalがBrownsvilleから交渉に来た;Mejía軍は武器携行で撤退する条件を得た;Mejía軍はBagdadへ撤退しFrench shipに乗った;Rio Grande沿いの最後のMaximilian忠誠都市が陥落した;Matamoros喪失は関税収入と補給線に打撃を与えた;Monterreyは1866年7月26日に放棄された,On the thirteenth;some three thousand;around 120;June 22;July 26;Matamoros;Antonio Carvajal,Maximilian;Benito Juárez;Mariano Escobedo;Tomás Mejía;Ernst Pitner;Antonio Carvajal,Abdication Crisis;Escobedo convoy ambush;fall of Matamoros;evacuation of Monterrey,Matamoros;Monterrey;Bagdad;Brownsville;Rio Grande;Chihuahua;Tamaulipas;Pacific Coast,Juaristas;Austrian Legion;Mexican imperialistas;French army;Army of the North,French withdrawal;republican resistance;border logistics;customs revenue;foreign volunteers;imperial military collapse,Battle of Santa Gertrudisに該当するか;On the thirteenthが1866年6月13日でよいか;Two days laterとthe next dayの対応日付;Pitnerの記録・書簡・回想の原典;Escobedoの演説・布告の原典;Antonio Carvajalによる交渉の詳細;Chihuahua再占領の日付;Tamaulipas北東部の最後の港の具体名;Pacific CoastでFrench troopsが放棄した港湾名;Matamoros喪失による関税収入減の規模,輸送隊壊滅は、帝国崩壊を宮廷の退位危機ではなく地方戦線・補給・士気・関税収入の崩壊として描ける。Pitner視点は酷暑・渇き・見えない敵・伏撃に追い込まれる戦場描写に使える。Escobedo側は通信・遅滞戦術・待ち伏せ・補給獲得・宣伝効果を理解した共和国軍指揮官として描ける。Mejíaの撤退は忠誠心不足ではなく構造的敗北として扱う。,Fact Cards FACT_MEXEMP_1756-1775 and Timeline Entries TIME_MEXEMP_0263-0268 created; next Capture Note CAP_MEXEMP_0074; next Fact Card FACT_MEXEMP_1776; next Timeline Entry TIME_MEXEMP_0269.
CAP_MEXEMP_0076,Chapter2 75枚目 Napoleon III退位構想・Castelnau派遣・Orizaba中間策・Carlota病気電報,draft,2026-06-09,2026-06-09,capture;chapter2;mexemp;shawcross,SRC_SHAWCROSS_2022_LAST_EMPEROR_MEXICO,The Last Emperor of Mexico: A Disaster in the New World,Chapter 2 THE ARCHDUKE AND THE PRINCESS / 8 ABDICATION CRISIS,Kindle PC 237/400ページ,No.3361/7062,スクリーンショット 2026-05-31 13.10.33.png,2026-06-09,reading_summary,Napoleon IIIの退位構想、Seward抗議、Castelnau派遣、MaximilianのOrizaba中間策、Carlota病気電報の到着を整理する。,Napoleon IIIは、Maximilianの退位を明確な選択肢として扱い始めた。;退位処理は、Maximilianの自発的退位、宣言、国民会議、暫定政府という形式で包まれていた。;Sewardの抗議は、French armyのMexico政府関与を否認・縮小する圧力になった。;Castelnau派遣は、Maximilian説得とBazaine監視を兼ねる二重任務だった。;CastelnauにはBazaine解任権が条件付きで与えられた。;MaximilianはNapoleon IIIの書簡で強い衝撃を受けた。;Herzfeldは退位を勧め、Fischerは保守派・教会・外国人部隊を頼る継戦策を勧めた。;Maximilianは即時退位でも全面継戦でもなく、国民会議に帝国存続を諮る中間策を選んだ。;Orizabaへの移動計画は、政治判断の場であると同時に、VeracruzでCarlotaを迎えるための地理的選択でもあった。;10月18日の電報により、Carlotaの病気がMaximilianに伝わり始める。,abdicate?;insurmountable obstacles;François Castelnau;September 17;beginning of October;October 18;Orizaba;With tears in his ...,Maximilian;Carlota;Napoleon III;William H. Seward;Achille Bazaine;François Castelnau;Stefan Herzfeld;Augustin Fischer;Samuel Basch,Abdication Crisis;French withdrawal from Mexico;Castelnau mission;Bazaine appointments dispute;Carlota mission to Europe;Carlota illness telegram,Mexico;Mexico City;Paris;France;United States;Miramar;Orizaba;Veracruz;Rome,French army;United States government;French government;Foreign Legion;Austrian volunteers;Belgian volunteers;Conservative ministry;Catholic Church,abdication;foreign intervention;imperial dependency;French military control;US diplomatic pressure;conservative turn;imperial legitimacy;communication delay and telegraphy;personal crisis,75枚目末尾の With tears in his ... の続き。;MaximilianがBaschへ何を求めるか。;Carlotaの病状報告がどのように具体化されるか。,Napoleon IIIの責任回避、Maximilianの政治的中間策、Carlota病気電報による私的悲劇への転換を分けて使える。,"Fact Cards FACT_MEXEMP_1830-1856 and Timeline Entries TIME_MEXEMP_0279-0283 created; next IDs CAP_MEXEMP_0077, FACT_MEXEMP_1857, TIME_MEXEMP_0284."
CAP_MEXEMP_0079,Chapter2 78枚目 報道声明・Herzfeld退去論・Fischer工作・Miramón帰国・Scarlett説得,draft,2026-06-09,2026-06-09,capture;chapter2;mexemp;shawcross,SRC_SHAWCROSS_2022_LAST_EMPEROR_MEXICO,The Last Emperor of Mexico: A Disaster in the New World,Chapter 2 THE ARCHDUKE AND THE PRINCESS / 8 ABDICATION CRISIS,Kindle PC 246/400ページ,No.3482/7062,スクリーンショット 2026-05-31 13.10.42.png,2026-06-09,reading_summary,Maximilianの報道向け声明、Herzfeldの欧州派遣と即時退去論、Fischerによる退位阻止工作、Orizabaでの保守派説得、Miramón夫妻の帰国、Scarlettへの打ち明け話とFischerの反フランス的説明を整理する。,77枚目末尾の to influence は78枚目冒頭の世論働きかけに接続する;Maximilianは報道向け声明で退位危機の説明形成を試みた;MaximilianはHerzfeldを欧州での調整へ向かわせた;FischerはHerzfeldの即時退去論を抑えようとした;FischerはHerzfeldがMaximilianに直接会うことを妨げた;HerzfeldはHavanaからFischerに即時退去を促す書簡を送った;Fischerは退位計画への同意を時間稼ぎに使ったと叙述される;LaresはFischerの助言で辞任を撤回したとされる;Fischerは保守派にMaximilian留位の必要を説いた;保守派はOrizaba歓迎を組織し帝政人気と教会資金調達を約束した;Maximilianは当初なお退位決意を変えなかった;1866年11月7日にMiramón夫妻がVeracruzへ到着した;Miramónは正規召還なしに帰国した;FischerはMiramónに皇帝を留めるよう促した;MiramónとMárquezは軍事的希望を示した;Scarlettは1866年11月1日にOrizabaへ到着しMaximilianの相談相手となった;MaximilianはCarlotaと後継者不在への不安をScarlettに語った;FischerはScarlettにHerzfeldらを悪しき助言者として説明した;Fischerは反フランス的陰謀論をScarlettに語った;ShawcrossはScarlettがその説明を信じやすかった背景を説明している,public opinion;Herzfeld;November 7;Peter Campbell Scarlett;evil counsellors;use all the influence,Maximilian;Carlota;Stefan Herzfeld;Augustin Fischer;Teodosio Lares;Miguel Miramón;Concepción Lombardo;Leonardo Márquez;Tomás Mejía;Jesús González Ortega;Benito Juárez;Peter Campbell Scarlett;Samuel Basch;Dominik Billimeck / Bilimek;Achille Bazaine,Abdication Crisis;Maximilian’s stay at Orizaba;Conservative attempt to prevent abdication;Miramón’s return to Mexico;Fischer’s anti-French persuasion campaign,Orizaba;Veracruz;Havana;Mexico City;Europe;Berlin;Paris;Austria;Ottoman Empire,Conservative Party;French army;Mexican conservatives;Republican forces;Catholic Church;United States;France,abdication;propaganda;public opinion;anti-French sentiment;Carlota illness;conservative restoration strategy;foreign intervention;French withdrawal;Maximilian psychological crisis;rumor_hearsay,HerzfeldのHavana書簡の原典;FischerがHerzfeldをMaximilianに会わせなかった経緯の一次史料;Teodosio Laresの辞任撤回がFischerの助言によるものか;Orizaba歓迎を保守派がどの程度組織したか;MiramónのBerlin任務離脱、Paris・Austria滞在、帰国判断の裏付け;Leonardo MárquezのOttoman Empireからの帰還時期;Scarlettの回想・書簡・外交報告;FischerがScarlettに語った反フランス陰謀論の出典;Billimeck / Bilimek の表記,Maximilianが退位に傾きながらも周囲が別々の動機で引き留める構図に使える。Herzfeldは逃がす者、Fischerは留める者、MiramónとMárquezは軍事的希望を見せる者、Scarlettは弱音の受け皿として配置できる。Orizabaでは群衆歓迎の余韻と密室政治が交錯する。,Fact Cards FACT_MEXEMP_1909-1936 and Timeline Entries TIME_MEXEMP_0298-0301 created; verify primary documents and keep rumor_hearsay / staged welcome / psychological cautions distinct.
CAP_MEXEMP_0084,Chapter2 83枚目 Under Siege・首都郊外帰還・Bazaine退位勧告・1月14日保守派閣議,draft,2026-06-09,2026-06-09,capture;chapter2;mexemp;shawcross,SRC_SHAWCROSS_2022_LAST_EMPEROR_MEXICO,The Last Emperor of Mexico: A Disaster in the New World,Chapter 2 THE ARCHDUKE AND THE PRINCESS / 9 UNDER SIEGE,Kindle PC 260/400,No.3674/7062,スクリーンショット 2026-05-31 13.10.58.png,2026-06-09,reading_summary,Maximilianの健康悪化、1867年1月5日のMexico City郊外帰還、Chapultepecの空洞化、Bazaineの退位勧告、1月14日の保守派閣議での抗戦決定を整理する。,Maximilianは1867年1月5日にMexico City郊外へ静かに到着した;Chapultepecの家具はVeracruzへ運ばれておりMaximilianは空の城で寝ることを拒んだ;SophieとKarl Ludwigの手紙はMaximilianの残留判断を支えた;Bazaineは外国人部隊なしでは敗北するとし即時退位と出国を勧めた;Maximilianは名誉と破れない約束を理由に退位勧告を拒んだ;Bazaineは1月14日の閣議で帝国を財政的・軍事的・政治的に破綻していると論じた;Leonardo Márquezや保守派閣僚は抗戦継続と兵員・資金調達を約束した;Labastida大司教はCatholic Churchの支持を表明した;会議は28対5でMaximilian続投を決議した;ShawcrossはMaximilianがConservative Partyの長へ近づいたと整理する;José Fernando Ramírezの具体的扱いは次ページ確認が必要,"UNDER SIEGE;January 5;must abdicate and leave now;financially, militarily, and politically bankrupt;twenty-eight votes against five;head of the Conservative Party",Maximilian;Carlota;Sophie;Franz Joseph;Karl Ludwig;Achille Bazaine;François Castelnau;Alphonse Dano;Benito Juárez;Leonardo Márquez;Pelagio Antonio de Labastida y Dávalos;Augustin Fischer;José Fernando Ramírez,Abdication crisis;Under Siege;French withdrawal from Mexico;Conservative cabinet meeting of 14 January 1867;Maximilian’s return to Mexico City,Mexico City;Chapultepec;Veracruz;Vienna;Mexico,French army;French Foreign Legion;Belgian volunteers;Austrian volunteers;Mexican army;Conservative Party;Catholic Church;Juaristas,abdication;honour;dynastic duty;imperial legitimacy;military dependency;conservative resistance;forced loans;conscription;civil war;foreign intervention;collapse of imperial authority,1867年1月5日の到着場所の具体名;Chapultepec家具移送の時期・理由;SophieとKarl Ludwigの書簡原典;BazaineのMaximilian宛または会談記録の原典;1月14日閣議の参加者範囲と投票記録;Márquezの軍事情勢見通しの根拠;2万6000人・年額1100万ドルの調達可能性;Labastida発言の原典とCatholic Church内部の幅;強制借款・徴兵の実施範囲;José Fernando Ramírezの具体的離反・評価は次画像で確認,衰弱した皇帝の逼塞した帰還、現実を突きつけるBazaine、楽観的な保守派閣僚の多数決を対比できる。抗戦方針は理念ではなく強制借款・徴兵へ傾くものとして扱う。,"Created CAP_MEXEMP_0084, Fact Cards FACT_MEXEMP_2029-2049, and Timeline Entries TIME_MEXEMP_0323-0325. Next candidates: CAP_MEXEMP_0085; FACT_MEXEMP_2050; TIME_MEXEMP_0326."
CAP_MEXEMP_0085,Chapter2 84枚目 Under Siege・Ramírez亡命・French army撤退・DíazのOaxaca作戦,draft,2026-06-09,2026-06-09,capture;chapter2;mexemp;shawcross,SRC_SHAWCROSS_2022_LAST_EMPEROR_MEXICO,The Last Emperor of Mexico: A Disaster in the New World,Chapter 2 THE ARCHDUKE AND THE PRINCESS / 9 UNDER SIEGE,Kindle PC 262/400,No.3713/7062,スクリーンショット 2026-05-31 13.11.01.png,2026-06-09,reading_summary,José Fernando Ramírezの亡命、liberal imperialistasの首都離脱、Castagny配下のフランス軍残部到着、Veracruz退避期限、Bazaine・Castelnauと帝政政府の断絶、1867年2月5日のFrench army撤退、Márquezの首都防衛布告、DíazのOaxaca作戦を整理する。,RamírezはJuaristasからの報復を恐れて亡命した;多くのliberal imperialistasがMexico Cityを離れた;Castagny配下のフランス軍残部は1867年1月15日にMexico Cityへ到着した;Castagny配下の部隊は病気・日射病・戦闘で大きく消耗していた;撤退軍とともにimperialista refugeesがMexico Cityへ到着した;French armyは1867年2月1日をVeracruzへの安全通行保証期限とした;Sara Yorke Stevensonは送別会を葬送のように回想した;ShawcrossはFrench armyが保守派の戦争努力を妨げていたように描く;CastelnauはVeracruz関税収入や軍需物資を帝政側が利用しにくいようにした;French armyは撤退時に砲・火薬・要塞を無力化した;Teodosio Laresの抗議に対しBazaineは帝政政府との連絡断絶を表明した;BazaineはMaximilianに自分の行動を弁明する書簡を送った;BazaineはMaximilianが保守派と残れば流血と破局を招くと警告した;MaximilianはBazaineの表現を侮辱と受け取り交渉を拒絶した;1867年2月5日未明にFrench armyはMexico Cityから撤退した;French army撤退時に難民がその後を追った;MaximilianはFrench army撤退をNational Palaceの屋上から見届けたとされる;Maximilianは最後のフランス兵が見えなくなった後に自由を得たと述べたとされる;MárquezはFrench army撤退後のMexico City防衛責任者となった;Márquezの布告は秩序違反への強硬対応を示した;Juarista armiesはMexico Cityに接近していた;Porfirio DíazはArmy of the Eastを率いて南からMexico Cityへ接近していた;Díazは1866年10月にOaxacaへ進軍した;DíazはOaxaca救援に向かう帝政側部隊を待ち伏せして破った;Díazは捕虜396人を得たと報告した;Oaxaca救援部隊のMexican officersはJuárezの1862年1月法に基づき銃殺された;鹵獲された砲はOaxaca攻略に転用されOaxacaは約2週間後に降伏した,"Ramírez went into exile;January 15;February 1;January 28;February 5, 1867;At last we are free;Porfirio Díaz",Maximilian;José Fernando Ramírez;General Castagny;Sara Yorke Stevenson;François Castelnau;Achille Bazaine;Teodosio Lares;Augustin Fischer;Leonardo Márquez;Porfirio Díaz;Benito Juárez,French withdrawal from Mexico City;Siege of Mexico City;Oaxaca campaign;liberal imperialista exodus,Mexico City;Veracruz;Sinaloa;Pacific Coast;National Palace;Oaxaca,French army;Conservative Party;French Foreign Legion;Austrian Legion;Juaristas;Army of the East,imperial collapse;foreign military dependency;conservative militarization;liberal imperialist disillusionment;French withdrawal;republican offensive;occupation and counter-occupation violence,José Fernando Ramírezの亡命時期と亡命先;RamírezとMaximilianの別れの一次出典;Castagny配下のフランス軍残部がSinaloaからMexico Cityへ到達した正確な経路と部隊規模;1867年2月1日のVeracruz安全通行保証期限の命令文書;CastelnauがVeracruz関税収入や軍需物資を帝政側に渡さなかった具体的命令・実施範囲;Teodosio Laresの抗議文とBazaineの1867年1月28日回答;BazaineのMaximilian宛書簡原文;1867年2月5日のFrench army Mexico City撤退の一次記録;Márquezの布告文の原文;Porfirio DíazのOaxaca作戦報告、捕虜数、Juárezの1862年1月法の適用実態;Oaxaca降伏の正確な日付,Ramírezの別れは自由主義者離反の象徴として使える。French army撤退は沈黙する群衆、閉ざされたNational Palace、屋上のMaximilian、難民の移動で視覚化できる。DíazのOaxaca作戦は共和派の国土回復作戦としての視点も残す。,"Created CAP_MEXEMP_0085, Fact Cards FACT_MEXEMP_2050-2076, and Timeline Entries TIME_MEXEMP_0326-0332. Next candidates: CAP_MEXEMP_0086; FACT_MEXEMP_2077; TIME_MEXEMP_0333."
CAP_MEXEMP_0086,Chapter2 85枚目 Under Siege・共和派内部対立・Cuernavaca喪失・MiramónのZacatecas襲撃,draft,2026-06-09,2026-06-09,capture;chapter2;mexemp;shawcross,SRC_SHAWCROSS_2022_LAST_EMPEROR_MEXICO,The Last Emperor of Mexico: A Disaster in the New World,Chapter 2 THE ARCHDUKE AND THE PRINCESS / 9 UNDER SIEGE,Kindle PC 265/400,No.3753/7062,スクリーンショット 2026-05-31 13.11.03.png,2026-06-09,reading_summary,85枚目は、84枚目末尾のOaxaca陥落叙述から接続し、Juárez側の北方情勢、Matamorosをめぐる共和派内部対立、US Armyの介入、González Ortegaの大統領請求、EscobedoとDíazによる帝政包囲、Cuernavaca喪失、外国人義勇兵の離脱、MiramónのZacatecas襲撃へ展開する。,"北方ではJuárez側のliberals同士にも対立があった;EscobedoはMatamorosを包囲していた;CanalesはGonzález OrtegaをJuárezの対抗的な大統領請求者として支持していた;1866年11月23日にUS ArmyがMatamoros中心部を占拠した;US colonelはEscobedoとCanalesの妥協を試みたが失敗した;EscobedoはMatamorosを攻撃し、短い停戦に至った;CanalesはJuárezの権威に服した;米国の介入は共和派内部の分裂収束に寄与した;González OrtegaはNew Orleansで大統領就任を主張する宣言を出した;米国当局はJuárezを保護する形でOrtegaを逮捕した;OrtegaはMexicoへ到達できず1867年1月に再拘束された;EscobedoとDíazの前進によりMaximilianの帝国は包囲されつつあった;帝国領域はMexico Cityと少数拠点に縮小していた;1867年1月末にJuaristasはCuernavacaを奪取した;Cuernavaca喪失により共和派は首都から一日の行軍距離に迫った;外国人義勇兵は士気低下・給与遅配・反抗傾向にあった;Maximilianは外国人義勇兵の誓約を解除した;約8,000人の外国人義勇兵のうち残留したのは少数だった;MaximilianはMárquez・Mejía・Miramónの軍事能力に依存した;Miramónは1866年12月28日にMexico Cityを出発した;Miramónは途中で兵を募りながら北上した;1867年1月20日にMiramónは約1,500人を率いてさらに北上した;Juárezは1867年1月22日にZacatecasへ入った;Zacatecasの共和派祝賀はMiramón接近で中断された;MiramónはZacatecasを襲撃したがJuárezを捕らえられなかった;MiramónはZacatecas占領を首都へ報告した;MaximilianはMiramónの成功に高揚した;MaximilianはConcepción Lombardoを訪ねてMiramónの成功を祝った;MiramónはZacatecasを保持できず数日後に退却した","Matamoros;November 23, 1866;January 1867;Cuernavaca;December 28, 1866;January 20;January 22;January 26;Zacatecas",Maximilian;Benito Juárez;Mariano Escobedo;Servando Canales;Jesús González Ortega;Porfirio Díaz;Miguel Miramón;Leonardo Márquez;Tomás Mejía;Joaquín Miramón;Concepción Lombardo;Ernst Pitner,Matamoros conflict;González Ortega presidential claim;Escobedo southward advance;Siege of Mexico City;Cuernavaca loss;foreign volunteers dissolution;Miramón Zacatecas raid,Matamoros;Rio Grande;New Orleans;Mexico City;Cuernavaca;Querétaro;Morelia;Veracruz;Zacatecas;Berlin,Republic of Mexico;Juaristas;US Army;Austrian Legion;imperial army;foreign volunteers;Mexican army;Mexican Empire;imperialistas,republican divisions;United States intervention;contested legitimacy;imperial collapse;foreign volunteers;military morale;republican advance;siege;conservative generals;tactical success;strategic failure;misplaced optimism,外国人義勇兵の数字の原典;MiramónのZacatecas占領報告または電報;Juárez逃走場面の一次記録;Concepción Lombardo訪問の回想・証言;MatamorosでのUS Army介入記録;González Ortega逮捕・再拘束の米国側・共和派側資料,Matamorosの共和派内部対立は、帝政側正統性ではなく戦時の地域権力・対外承認・米国介入の交錯として使う。Cuernavaca喪失と外国人義勇兵離脱は、Maximilianの避難先と軍事的支柱が同時に失われる局面として使える。MiramónのZacatecas襲撃は一時的成功と戦略的孤立をセットで扱う。,"Created CAP_MEXEMP_0086, Fact Cards FACT_MEXEMP_2077-2105, and Timeline Entries TIME_MEXEMP_0333-0342. Next candidates: CAP_MEXEMP_0087; FACT_MEXEMP_2106; TIME_MEXEMP_0343."
CAP_MEXEMP_0087,Chapter2 86枚目 Under Siege・Miramón敗北・Bazaine撤退・MaximilianのQuerétaro進軍,draft,2026-06-09,2026-06-09,capture;chapter2;mexemp;shawcross,SRC_SHAWCROSS_2022_LAST_EMPEROR_MEXICO,The Last Emperor of Mexico: A Disaster in the New World,Chapter 2 THE ARCHDUKE AND THE PRINCESS / 9 UNDER SIEGE,Kindle PC 268/400,No.3792/7062,スクリーンショット 2026-05-31 13.11.07.png,2026-06-09,reading_summary,86枚目は、85枚目末尾のMiramónがZacatecasを保持できず数日後に撤退した叙述から接続し、撤退が遅すぎたためEscobedoに捕捉される展開、Miramón軍の壊滅、捕虜処刑、Bazaineの退去支援伝言と撤退、MaximilianのQuerétaro進軍へ展開する。,"MiramónはZacatecas撤退後にEscobedoに追いつかれた; Escobedo側共和派は兵力と米国製連発銃で優勢だった; Miramón軍は壊滅的敗北を喫した; Joaquín Miramónは捕虜となり数日後に処刑された; Joaquín Miramónの遺体損壊に関する話は報告・伝聞として扱う; フランス人志願兵捕虜も処刑されたと叙述される; BazaineはMaximilian退去支援がまだ可能だが数日で手遅れになると伝えた; MaximilianはBazaineの伝言を見なかった; Bazaineは1867年3月12日にVeracruzから出航した; MárquezはMaximilianにQuerétaro進軍と残存帝政軍の個人指揮を説いた; Maximilianは1867年2月13日朝に約1,500人と5万ペソを伴ってMexico Cityを出発した; Maximilianの部隊は統制・補給・経験面で脆弱だった; MárquezとMiguel LópezがMaximilianに同行した; Miguel Lópezはこの時点ではMaximilianの近臣・軍事的信任者として描かれる; MaximilianはMexico Cityを離れながらHernán Cortésの故事を想起した","He left too late; March 12, 1867; February 13; fifteen hundred men; 50,000 pesos; Miguel López; Empress’ Regiment",Maximilian;Miguel Miramón;Joaquín Miramón;Mariano Escobedo;Achille Bazaine;Leonardo Márquez;Benito Juárez;Miguel López;Carlota;Hernán Cortés,Miramón’s defeat after Zacatecas;execution of Joaquín Miramón;execution of French volunteers;Bazaine’s warning;French withdrawal from Mexico;Maximilian’s march to Querétaro,Zacatecas;Mexico City;Querétaro;Veracruz;remote hacienda southeast of Zacatecas,Republic of Mexico;republicans;imperialistas;French army;imperial army;Austrian Legion;foreign volunteers;Empress’ Regiment,imperial military collapse;prisoner execution;foreign withdrawal;Maximilian’s military inexperience;Mexican command structure;guerrilla warfare;imperial vulnerability;US support;foreign intervention,hacienda名・正確な戦闘日; Escobedo側の兵力・武器供給経路; Joaquín Miramón処刑の一次史料; フランス人志願兵処刑の一次史料; Bazaine伝言の原文と未達経路; 1867年3月12日のBazaine出航記録; 1867年2月13日のMaximilian出発記録; Miguel Lópezの受章記録とEmpress’ Regiment指揮記録; Cortés想起の原典,MiramónのZacatecas成功が即座に軍事的破局へ反転する構成に使える。捕虜処刑と遺体損壊報告は戦時の苛烈さを示すが、伝聞・一次証言として慎重に扱う。共和派の行動だけを孤立して残虐化せず、フランス干渉、占領統治、Black Decree、帝政側暴力、Juárez政権の正統性、米国のJuárez承認継続、外国干渉への国家防衛を留保する。Miguel Lópezはこの時点では近臣・信任者として扱い、後の展開を先取りして断定しない。,"Created CAP_MEXEMP_0087, Fact Cards FACT_MEXEMP_2106-2128, and Timeline Entries TIME_MEXEMP_0343-0344; verify primary documents and Mexico-side context."
CAP_MEXEMP_0089,Chapter2 88枚目 Under Siege・共和派三軍集結・Querétaro包囲開始・La Cruz本営移動,draft,2026-06-10,2026-06-10,capture;chapter2;mexemp;shawcross,SRC_SHAWCROSS_2022_LAST_EMPEROR_MEXICO,The Last Emperor of Mexico: A Disaster in the New World,Chapter 2 THE ARCHDUKE AND THE PRINCESS / 9 UNDER SIEGE,Kindle PC 273/400,No.3872/7062,スクリーンショット 2026-05-31 13.11.12.png,2026-06-10,reading_summary,"Querétaroでの帝政側9,000人の運用問題、共和派三軍の収斂、Maximilianの将軍依存、MiramónとMárquezの方針対立、Vidaurriの強制借款、1867年3月4日から5日にかけた包囲開始、Querétaroの地形・拠点防御、Cerro de las CampanasからLa Cruzへの本営移動を整理する。",三つの共和派軍がQuerétaroへ収斂していた;Ramón Coronaは西から八千人で接近した;Escobedoは北から一万二千人で接近した;Vicente Riva Palacioは七千人を率いて後続していた;共和派三軍が合流すれば帝政側を三対一で上回る見込みだった;Maximilianは名目上総指揮官だったが将軍に判断を委ねた;MiramónはEscobedo軍への即時攻撃を主張した;Márquezは援軍と資金を待つ方針を提案した;Miramónは直近の敗北でMaximilianの信頼を失っていたと描かれる;Maximilianは待機中にQuerétaro市民と自由に接したと描かれる;MaximilianのQuerétaroでの宿舎と日課は簡素で規則的だった;VidaurriはQuerétaroで帝政軍の財政調達を担った;Vidaurriは住民への強制借款で九千人の軍を維持した;Querétaroの戦時財政措置は短期的解決にすぎなかった;包囲直前のQuerétaroでは劇場・カフェ・闘牛が続いていた;Querétaroの人々はMaximilianに好意を示したと描かれる;1867年3月4日に敵接近の知らせが帝政側に届いた;1867年3月5日推定に共和派軍が西の平原へ集結し包囲が始まった;Querétaroは三方を丘に囲まれ西に開けた谷間の都市だった;Salm-SalmはQuerétaroを防御に不利な場所と評価した;Maximilian軍には周囲の丘を占領する兵力が不足していた;帝政側はQuerétaro市内の複数拠点を防御線とした;Cerro de las Campanasは西側防衛拠点として守備された;Querétaroの狭い範囲に九千人の兵士と約三万人の市民が密集した;Escobedo軍はSan Sebastianを占領した;Maximilianは当初Cerro de las Campanasに本営を置いた;MaximilianはCerro de las Campanasで小洞窟を私的避難所にした;Maximilianは断続的な銃声の中でCerro de las Campanasで朝食をとった;即時攻撃が起きなかったため本営はLa Cruzへ移された;1867年3月13日にMaximilianはLa Cruzの元修道女の房へ移った,three to one;March 4;Cerro de las Campanas;La Cruz;Do not tell anyone;An iron ...,Maximilian;Ramón Corona;Mariano Escobedo;Vicente Riva Palacio;Miguel Miramón;Leonardo Márquez;Santiago Vidaurri;Prince Felix Salm-Salm;Samuel Basch,Siege of Querétaro;Republican convergence on Querétaro;Maximilian’s Querétaro headquarters;Defence of La Cruz,Querétaro;Mexico City;Chapultepec;Casa Blanca;Alameda;Convent of Santa Cruz;La Cruz;Cerro de las Campanas;San Sebastian,Republic of Mexico;Juaristas;imperialistas;imperial army;Liberal Party,siege warfare;imperial military collapse;leadership indecision;urban defence;logistics;forced loans;civilian burden;Maximilian self-fashioning;foreign intervention,San Sebastianは標準表記San Sebastiánの可能性があるため要確認;Salm-Salmの防御評価の原典;Baschへの洞窟発言の原典;Maximilianの日課・朝食描写の証言源;1867年3月5日はMarch 4翌日からの推定日として扱う;An ironで切れる末尾は次画像で接続確認する,共和派三軍が迫る包囲戦の緊張と、Maximilianの規則的生活・洞窟・朝食描写の私的世界を対比できる。ただし市民の好意や日常の継続は、自由な全国民意や帝政支持の証拠として扱わない。Vidaurriの資金調達は軍維持能力であると同時に、市民への強制的負担として描く。,"Created CAP_MEXEMP_0089, Fact Cards FACT_MEXEMP_2158-2187, and Timeline Entries TIME_MEXEMP_0346-0348; next IDs: CAP_MEXEMP_0090, FACT_MEXEMP_2188, TIME_MEXEMP_0349."
"CAP_MEXEMP_0091","Chapter2 90枚目 Under Siege・La Cruz奪回・Márquez脱出・4月10日祝賀","draft","2026-06-10","2026-06-10","capture;chapter2;mexemp;shawcross","SRC_SHAWCROSS_2022_LAST_EMPEROR_MEXICO","The Last Emperor of Mexico: A Disaster in the New World","Chapter 2 THE ARCHDUKE AND THE PRINCESS / 9 UNDER SIEGE","Kindle PC 279/400","No.3946/7062","スクリーンショット 2026-05-31 13.11.18.png","2026-06-10","reading_summary","90枚目は、3月14日のLa Cruz東側奪回から、包囲継続、弾薬不足、3月22日のMiramón陽動とMárquez・Vidaurri脱出、包囲下のMaximilianの日課と宮廷儀礼、4月10日の帝冠受諾三周年祝賀までを整理する。","帝政側はLa Cruz東側の礼拝堂と周辺家屋を奪回した;Miramónは防衛線調整後にLa Cruzへ戻った;Maximilianは夕方に前線兵士を閲兵した;Querétaro市内では勝利祝賀が起きた;3月14日の勝利後もQuerétaro包囲は続いた;Riva Palacio率いる第三Juarista軍がQuerétaroに到着した;帝政側は鉛屋根と教会鐘を弾薬に転用した;軍議はMárquezとVidaurriのMexico City脱出を決めた;MaximilianはMárquezに広範な権限を与えた;3月22日にMiramónは西方平原で陽動攻撃を行った;MárquezとVidaurriは約1100騎で包囲線を脱出した;Maximilianは包囲下でも早朝散歩の日課を続けた;Maximilianは砲火の中でBlasioに非常時宮廷儀礼を口述した;Márquezは二週間以内の帰還を約束したが4月10日にも戻らなかった;司法大臣は帝政を国民の意思と主張した;Maximilianはなお国民議会への希望を述べた;Maximilianは過去の9月16日演説を想起させた","concentrated their artillery;retook the chapel;constitutional president Ortega;roughly forty thousand men;March 22;eleven hundred cavalry;April 10;will of the nation;national congress;kept my word","Maximilian;Miguel Miramón;Leonardo Márquez;Santiago Vidaurri;Vicente Riva Palacio;Mariano Escobedo;Ramón Méndez;José Luis Blasio;Jesús González Ortega;minister of justice","Siege of Querétaro;1867年3月14日のQuerétaro攻撃;Márquez・VidaurriのMexico City脱出;1867年4月10日の帝冠受諾記念日","Querétaro;La Cruz;Convent of Santa Cruz;Mexico City;western plain","Mexican Empire;imperialistas;imperial army;Republic of Mexico;Juaristas;liberals;conservative ministers","包囲戦;戦時補給;帝政側士気;共和派軍事圧力;儀礼的君主制;戦時宣伝;帝政側の楽観;占領下帝政の正統性問題","Miramónの陽動攻撃、MárquezとVidaurriの脱出、Escobedo軍約四万人、捕虜中のアメリカ人、Ortegaへの言及、司法大臣演説は原典・他史料で確認が必要。","帝政側の高揚、包囲下での儀礼維持、救援期待の失速、4月10日の正統性演説を、共和国側の外国干渉排除という文脈と併置して使う。","Created CAP_MEXEMP_0091, Fact Cards FACT_MEXEMP_2218-2247, and Timeline Entries TIME_MEXEMP_0354-0358; next IDs: CAP_MEXEMP_0092, FACT_MEXEMP_2248, TIME_MEXEMP_0359."
"CAP_MEXEMP_0092","Chapter2 91枚目 Under Siege・Salm-Salm突破失敗・Márquez敗北・4月27日突破計画","draft","2026-06-10","2026-06-10","capture;chapter2;mexemp;shawcross","SRC_SHAWCROSS_2022_LAST_EMPEROR_MEXICO","The Last Emperor of Mexico: A Disaster in the New World","Chapter 2 THE ARCHDUKE AND THE PRINCESS / 9 UNDER SIEGE","Kindle PC 282/400","No.3986/7062","スクリーンショット 2026-05-31 13.11.21.png","2026-06-10","reading_summary","91枚目は、Maximilian称賛の著者評価、Querétaroの資金・食糧・情報不足、Salm-Salm突破失敗、MárquezのPuebla敗北とMexico City退却、4月27日の総突破計画への移行を整理する。","Maximilianの勇気称揚は包囲下の儀礼・士気維持として機能した;Querétaro守備側は資金・食糧・情報不足に直面した;Salm-Salmの突破作戦は失敗し士気崩壊を加速させた;MárquezはPuebla方面でPorfirio Díazに敗れてMexico Cityに退却した;MaximilianはMárquez敗北情報を限定し4月27日の総突破へ移った","April 15;twenty points;Austrian corvette;Sierra Gorda;emperor’s courier;Márquez was not coming;Puebla;April 27;Márquez will attack tomorrow","Maximilian;Miguel Miramón;Tomás Mejía;Ramón Méndez;Leonardo Márquez;Prince Felix Salm-Salm;Porfirio Díaz;Samuel Basch","Siege of Querétaro;Salm-Salm breakout attempt;Puebla siege;Márquez defeat;April 27 breakout plan","Querétaro;Mexico City;Sierra Gorda;Puebla","Mexican Empire;imperialistas;imperial army;Republic of Mexico;Juaristas;liberals;Porfirio Díaz’s troops;official newspaper","siege warfare;imperial morale;propaganda;military intelligence;resource shortage;Maximilian leadership;republican military pressure","Salm-Salm突破失敗の詳細は本人回想録・同時代証言と照合;MárquezのPuebla救援失敗とDíazのPuebla攻略は共和国側史料で確認;公式新聞の紙名・発行日・紙面確認;Baschへの発言の原典確認;Miramón攻撃の成否は次ページで確認","Maximilian称揚と支配圏縮小の対比、Salm-Salmの夜間突破失敗、Márquez救援不在を伏せる情報統制を、共和国側の軍事攻勢と外国干渉排除の文脈も残して使う。","Created CAP_MEXEMP_0092, Fact Cards FACT_MEXEMP_2248-2279, and Timeline Entries TIME_MEXEMP_0359-0363; next IDs: CAP_MEXEMP_0093, FACT_MEXEMP_2280, TIME_MEXEMP_0364."
CAP_MEXEMP_0093,Chapter2 92枚目 Under Siege・Miramón攻撃成功と突破失敗・5月5日砲撃,draft,2026-06-10,2026-06-10,capture;chapter2;mexemp;shawcross,SRC_SHAWCROSS_2022_LAST_EMPEROR_MEXICO,The Last Emperor of Mexico: A Disaster in the New World,Chapter 2 THE ARCHDUKE AND THE PRINCESS / 9 UNDER SIEGE,Kindle PC 285/400,No.4026/7062,スクリーンショット 2026-05-31 13.11.24.png,2026-06-10,reading_summary,92枚目は、91枚目末尾のAsから接続し、4月27日未明のMiramón主導攻撃の初動成功、即時突破遅延、Escobedoの戦線回復、Maximilianの前進と退却、包囲下の食糧不足・脱走・砲撃・市民負担、5月5日のPuebla戦勝記念と夜間砲撃を整理する。,4月27日未明、帝政側の攻撃開始合図が出された;帝政側は騎兵とErnst Pitner率いる歩兵の二列で共和派線へ突入した;共和派部隊は奇襲と側面攻撃で一時的に崩れた;Coronaは自陣を蹂躙され兵を散乱させられた;帝政側は砲・捕虜・弾薬・食糧を奪取した;飢えたQuerétaro住民は放棄された共和派線で食糧を奪った;Maximilianは修道院から戦場へ到着しMiramónを祝福した;Miramónは兵士に皇帝万歳を叫ばせた;初動勝利によりMexico Cityへの道が一時的に開いた;Miramónは即時脱出より側面確保を優先した;Escobedoは破れた共和派線をふさぐため大部隊を派遣した;Maximilianは自ら進軍を率いることを決めた;Escobedo軍は高地で防御態勢を整えた;共和派側の一斉射撃と騎兵側面攻撃が帝政側前進を止めた;Salm-SalmはMaximilianに退却を求めた;Salm-Salmは退却時の混乱を記録した;Salm-Salmは退却時損失を約250人と見積もった;共和派は南方脱出路を再び封鎖した;Salm-Salmは東方突破の可能性をなお信じていた;Maximilianは負傷者と市の運命を理由に東方突破を拒んだ;Querétaroでは食糧事情がさらに悪化した;帝政側兵士の脱走は一日十人から二十人規模になった;公式発表はMárquez救援を主張したが町では信じられなくなった;戦闘・疾病・脱走により帝政側は塹壕維持が困難になった;馬を失った騎兵は兵数補填のため前線に出された;Maximilianの食事は酢漬けの焼きラバ肉にまで落ちた;BlasioによればMiramónは猫肉パイの冗談を披露した;Shawcrossは猫肉パイ逸話の滑稽さを酒の存在と関連づけた;5月5日、共和派陣営ではPueblaでのフランス敗北記念が祝われた;5月5日夜、共和派砲兵はQuerétaroへの砲撃を激化させた;Querétaro市街はほぼ常時砲撃を受けていた;砲撃で女性や子どもも死傷した;金を持つ市民は毎日帝政側への拠出を強いられた;食糧と飼料はほぼ尽きていた;Lópezは皇帝の馬の飼料を何とか確保していた;帝政軍は脱出戦を行わなければ崩壊すると判断された,reveille;Ernst Pitner;twenty guns;Supremos Poderes;frijoles;May 5;Puebla in 1862;six every afternoon;Miramón’s success of ...,Maximilian;Miguel Miramón;Ernst Pitner;Ramón Corona;Mariano Escobedo;Benito Juárez;Prince Felix Salm-Salm;Leonardo Márquez;José Luis Blasio;Miguel López,Siege of Querétaro;attempted breakout from Querétaro;Battle of Puebla anniversary;May 5 republican bombardment,Querétaro;Mexico City;Puebla,Mexican Empire;imperialistas;imperial army;Republic of Mexico;liberal forces;republican forces;Supremos Poderes;Juárez’s personal guard,siege warfare;morale collapse;starvation;military leadership;failed breakout;propaganda;civilian suffering;republican counteroffensive,Ernst Pitnerの表記・役職・所属;Supremos Poderesの正式名称・部隊性格;Salm-Salmの約250人損失見積りの原典;Blasioの猫肉パイ逸話の原典と信頼性;5月5日の砲撃規模・共和派側砲数・民間人被害;末尾の次ページ接続,Miramónの一時的成功と即時突破遅延は、勝利直後に敗北の種が生まれる戦場構図として使える。Maximilianの前線行動は軍事的有能さではなく名誉・儀礼・自己像に基づく行動として扱う。住民の食糧略奪、5月5日の祝賀と砲撃、猫肉パイ逸話は、それぞれ都市飢餓、共和国側記憶、Blasio由来の逸話として慎重に使う。,"Created CAP_MEXEMP_0093, Fact Cards FACT_MEXEMP_2280-2315, and Timeline Entries TIME_MEXEMP_0364-0367; next IDs: CAP_MEXEMP_0094, FACT_MEXEMP_2316, TIME_MEXEMP_0368."
