id,title,status,created,updated,tags,date_start,date_end,date_precision,calendar,evidence_category,confidence,summary,source_id,chapter,page,kindle_location,screenshot_file,people,events,places,organizations,themes,related_fact_cards,notes
TL-18640528-001,Example Arrival,draft,2026-05-31,2026-05-31,timeline;example,1864-05-28,,day,Gregorian,historical_fact,uncertain,Maximilian arrives in Mexico.,SRC-EXAMPLE-001,1,10,,SRC-EXAMPLE-001_ch01_p0010_20260531_01.png,Maximilian,Second_Mexican_Empire,Veracruz,,Foreign_Intervention,FC-1864-001,Verify date and place.
TIME_MEXEMP_0001,1862年、フランス軍がメキシコに侵攻した,draft,2026-05-31,2026-05-31,timeline;prologue;mexemp,1862,,year,Gregorian,historical_fact,probable,フランス軍がメキシコに侵攻し、マクシミリアンを統治者とする王国・帝国の創出へ向かう軍事的前提を作った。,SRC_UNSET_001,Prologue,Prologue p. 3? 版差あり,,プロローグ.txt,Napoleon III;Ferdinand Maximilian,French intervention in Mexico;Second Mexican Empire,Mexico;France,French Empire,foreign intervention;Monroe Doctrine;monarchy vs republic,FACT_MEXEMP_0006;FACT_MEXEMP_0005,"External check: French intervention chronology is supported by Americas Quarterly, FRUS context, and Britannica summaries; exact Shawcross eBook page remains unconfirmed. Creative use: ナポレオン3世の野心と、マクシミリアン帝国成立の軍事的背景を示す年表項目として使える。 Verification needed: true."
TIME_MEXEMP_0002,1867年春、三人はケレタロで死刑を待っていた,draft,2026-05-31,2026-05-31,timeline;prologue;mexemp,1867,,season,Gregorian,historical_fact,probable,1867年春、マクシミリアン、ミラモン、メヒアの三人はケレタロで死刑を待つ身となっていた。,SRC_UNSET_001,Prologue,Prologue pp. 1-4? 版差あり,,プロローグ.txt,Ferdinand Maximilian;Miguel Miramón;Tomás Mejía,Fall of Querétaro;Execution of Maximilian,Querétaro,Second Mexican Empire;Conservative Party,execution;imperial collapse;conservative defeat,FACT_MEXEMP_0001,External check: FRUS confirms the June 1867 council-of-war sentence and 19 June execution; Capuchin Convent imprisonment is supported by Querétaro/Catholic Encyclopedia sources. Season: spring. Creative use: 小説の冒頭または終盤の到達点として設定できる。 Verification needed: true.
TIME_MEXEMP_0003,1556年、カール5世が帝国を分割した,draft,2026-05-31,2026-05-31,timeline;chapter2;mexemp;shawcross,1556,,year,Gregorian,historical_fact,probable,カール5世が帝国を、スペイン領を継承するフェリペ2世と、中欧領を継承する弟の系統に分けた。,SRC_SHAWCROSS_2022_LAST_EMPEROR_MEXICO,2 THE ARCHDUKE AND THE PRINCESS,Kindle PC 37/400,No. 459/7062,スクリーンショット 2026-05-31 12.54.48.png,Charles V;Philip II,Division of Charles V's empire,Spain;Central Europe,House of Habsburg,dynastic succession;Habsburg division,FACT_MEXEMP_0010,Creative use: ハプスブルク家とメキシコの関係を説明する前史に使える。 Verification needed: true.
TIME_MEXEMP_0004,1700年、スペイン系ハプスブルク家が断絶した,draft,2026-05-31,2026-05-31,timeline;chapter2;mexemp;shawcross,1700,,year,Gregorian,historical_fact,probable,スペイン系ハプスブルク家が断絶し、ハプスブルク家の主要な存続線はオーストリア系となった。,SRC_SHAWCROSS_2022_LAST_EMPEROR_MEXICO,2 THE ARCHDUKE AND THE PRINCESS,Kindle PC 37/400,No. 459/7062,スクリーンショット 2026-05-31 12.54.48.png,,Extinction of the Spanish Habsburg line,Spain;Austria,Spanish Habsburgs;Austrian Habsburgs,dynastic extinction,FACT_MEXEMP_0011,Creative use: マクシミリアンとカール5世時代のメキシコ支配の間にある家系上・時代上の距離を示せる。 Verification needed: true.
TIME_MEXEMP_0005,1830年、ゾフィーがフランツ・ヨーゼフを出産した,draft,2026-05-31,2026-05-31,timeline;chapter2;mexemp;shawcross,1830,,year,Gregorian,historical_fact,probable,ゾフィー・フォン・バイエルンがフランツ・ヨーゼフを出産した。,SRC_SHAWCROSS_2022_LAST_EMPEROR_MEXICO,2 THE ARCHDUKE AND THE PRINCESS,Kindle PC 37/400,No. 459/7062,スクリーンショット 2026-05-31 12.54.48.png,Sophie of Bavaria;Franz Joseph,Birth of Franz Joseph,Austria,House of Habsburg,Habsburg succession,FACT_MEXEMP_0017,Creative use: マクシミリアンの兄フランツ・ヨーゼフとの年齢差・教育環境の前提になる。 Verification needed: true.
TIME_MEXEMP_0006,1832年7月、ライヒシュタット公が死去した,draft,2026-05-31,2026-05-31,timeline;chapter2;mexemp;shawcross,1832-07,,month,Gregorian,historical_fact,probable,ナポレオン2世ことライヒシュタット公が結核により死去した。,SRC_SHAWCROSS_2022_LAST_EMPEROR_MEXICO,2 THE ARCHDUKE AND THE PRINCESS,Kindle PC 37/400,No. 459/7062,スクリーンショット 2026-05-31 12.54.48.png,Napoleon II / Duke of Reichstadt;Sophie of Bavaria;Ferdinand Maximilian,Death of the Duke of Reichstadt,Vienna,House of Habsburg;Bonaparte family,Habsburg-Bonaparte connection;paternity rumor background,FACT_MEXEMP_0015;FACT_MEXEMP_0016,Creative use: マクシミリアン誕生直後の宮廷内の噂や感情を描く背景に使える。 Verification needed: true.
TIME_MEXEMP_0007,1833年、カール・ルートヴィヒが生まれた,draft,2026-05-31,2026-05-31,timeline;chapter2;mexemp;shawcross,1833,,year,Gregorian,historical_fact,probable,カール・ルートヴィヒが生まれ、フランツ・ヨーゼフ、マクシミリアンと共に教育される弟として言及される。,SRC_SHAWCROSS_2022_LAST_EMPEROR_MEXICO,2 THE ARCHDUKE AND THE PRINCESS,Kindle PC 37/400,No. 459/7062,スクリーンショット 2026-05-31 12.54.48.png,Karl Ludwig;Franz Joseph;Ferdinand Maximilian,Birth of Karl Ludwig,Austria,House of Habsburg,royal childhood;sibling education,FACT_MEXEMP_0017,Creative use: ハプスブルク兄弟の教育環境を描く背景に使える。 Verification needed: true.
TIME_MEXEMP_0008,1835年、フェルディナントがオーストリア皇帝となった,draft,2026-05-31,2026-05-31,timeline;chapter2;mexemp;shawcross,1835,,year,Gregorian,historical_fact,probable,フェルディナントがオーストリア皇帝となった。,SRC_SHAWCROSS_2022_LAST_EMPEROR_MEXICO,2 THE ARCHDUKE AND THE PRINCESS,Kindle PC 37/400,No. 459/7062,スクリーンショット 2026-05-31 12.54.48.png,Ferdinand I of Austria;Franz Karl,Accession of Ferdinand I of Austria,Austria,Austrian Empire;House of Habsburg,succession politics;imperial weakness,FACT_MEXEMP_0013,Creative use: フランツ・カール家の子供たちが継承政治上重要になる背景として使える。 Verification needed: true.
TIME_MEXEMP_0009,1848年3月、革命情勢によりマクシミリアンの教育が中断された,draft,2026-06-01,2026-06-01,timeline;chapter2;mexemp;shawcross,1848-03,,month,Gregorian,historical_fact,probable,Maximilianが16歳になる直前、パリ二月革命の報がウィーンに届き、彼の教育が中断された。,SRC_SHAWCROSS_2022_LAST_EMPEROR_MEXICO,2 THE ARCHDUKE AND THE PRINCESS,Kindle PC 37/400 continuity_from_previous_screenshot,around No.459/7062; exact_location_not_visible_in_second_screenshot,スクリーンショット 2026-05-31 13.04.05.png,Maximilian,February Revolution in Paris;1848 revolutionary unrest in Vienna,Vienna;Paris,House of Habsburg;Habsburg monarchy,1848 revolutions;Habsburg crisis;political awakening,FACT_MEXEMP_0033,Creative use: 宮廷教育から革命政治へ移る転換点として使える。 Verification needed: ウィーンに報が届いた正確な時期、教育中断の具体的内容を確認。
TIME_MEXEMP_0010,1848年3月3日、ラヨシュ・コシュートがハプスブルク体制批判の演説を行った,draft,2026-06-01,2026-06-01,timeline;chapter2;mexemp;shawcross,1848-03-03,,day,Gregorian,historical_fact,probable,ハンガリーで、民族主義者Lajos Kossuthがハプスブルク体制を批判する激しい演説を行った。,SRC_SHAWCROSS_2022_LAST_EMPEROR_MEXICO,2 THE ARCHDUKE AND THE PRINCESS,Kindle PC 37/400 continuity_from_previous_screenshot,around No.459/7062; exact_location_not_visible_in_second_screenshot,スクリーンショット 2026-05-31 13.04.05.png,Lajos Kossuth;Maximilian,"Hungarian insurrection;Lajos Kossuth speech of March 3, 1848",Hungary;Vienna,Habsburg monarchy,nationalism;1848 revolutions;Habsburg crisis,FACT_MEXEMP_0033,Creative use: ハプスブルク帝国が多民族帝国として動揺していた背景を示す。 Verification needed: Kossuth演説の場所、内容、同時代反応を別資料で確認。
TIME_MEXEMP_0011,1848年3月13日、ウィーンで群衆がHofburgへ行進した,draft,2026-06-01,2026-06-01,timeline;chapter2;mexemp;shawcross,1848-03-13,,day,Gregorian,historical_fact,probable,ウィーンで数千人の群衆がHofburgへ行進し、軍との衝突と発砲を経て革命情勢が本格化した。,SRC_SHAWCROSS_2022_LAST_EMPEROR_MEXICO,2 THE ARCHDUKE AND THE PRINCESS,Kindle PC 42/400,No. 535/7062,スクリーンショット 2026-05-31 13.04.37.png,Klemens von Metternich,Vienna uprising of March 1848,Vienna;Hofburg,Austrian government;Austrian army,revolution;state violence;constitutionalism,FACT_MEXEMP_0036;FACT_MEXEMP_0037;FACT_MEXEMP_0038;FACT_MEXEMP_0039,Creative use: 宮廷が街頭政治に圧倒される場面として利用可能。 Verification needed: yes.
TIME_MEXEMP_0012,1848年5月17日、皇帝一家がウィーンを離れた,draft,2026-06-01,2026-06-01,timeline;chapter2;mexemp;shawcross,1848-05-17,,day,Gregorian,historical_fact,probable,帝国政府が首都統制を失う中、皇帝一家はウィーンを離れた。,SRC_SHAWCROSS_2022_LAST_EMPEROR_MEXICO,2 THE ARCHDUKE AND THE PRINCESS,Kindle PC 42/400,No. 535/7062,スクリーンショット 2026-05-31 13.04.37.png,Emperor Ferdinand;Sophie;Franz Karl;Maximilian,Flight of the imperial family from Vienna,Vienna,imperial family;Habsburg Monarchy,monarchy;revolution;humiliation,FACT_MEXEMP_0040;FACT_MEXEMP_0041,Creative use: Maximilianの若年期に刻まれた王朝的屈辱として描ける。 Verification needed: yes.
TIME_MEXEMP_0013,1848年12月2日、Franz Josephがオーストリア皇帝となった,draft,2026-06-01,2026-06-01,timeline;chapter2;mexemp;shawcross,1848-12-02,,day,Gregorian,historical_fact,probable,Ferdinand退位後、Franz Josephがオーストリア皇帝となり、Maximilianは兄の即位を見届けた。,SRC_SHAWCROSS_2022_LAST_EMPEROR_MEXICO,2 THE ARCHDUKE AND THE PRINCESS,Kindle PC 42/400,No. 535/7062,スクリーンショット 2026-05-31 13.04.37.png,Emperor Ferdinand;Franz Joseph;Maximilian;Sophie;Franz Karl,Ferdinand's abdication;Franz Joseph's accession,Austrian Empire,Habsburg Monarchy;imperial family,dynastic succession;monarchy;sibling rivalry,FACT_MEXEMP_0044;FACT_MEXEMP_0045;FACT_MEXEMP_0046;FACT_MEXEMP_0047;FACT_MEXEMP_0048;FACT_MEXEMP_0049,Creative use: Maximilianの政治的位置が大きく変わる転換点。 Verification needed: yes.
TIME_MEXEMP_0014,1815年、オーストリアは旧ヴェネツィア共和国領の支配を確認された,draft,2026-06-01,2026-06-01,timeline;chapter2;mexemp;shawcross,1815,,year,Gregorian,historical_fact,probable,オーストリアは旧ヴェネツィア共和国領の支配を確認され、同地域はLombardy-Venetiaとして組織されたとされる。,SRC_SHAWCROSS_2022_LAST_EMPEROR_MEXICO,2 THE ARCHDUKE AND THE PRINCESS,Kindle PC 45/400,No.573/7062,スクリーンショット 2026-05-31 13.04.55.png,,post_Napoleonic_settlement,Lombardy-Venetia;Venice,Austrian Empire;Venetian Republic,territorial_order;Austrian_Empire;Italian_question,FACT_MEXEMP_0056;FACT_MEXEMP_0057,Creative use: オーストリア海軍の出自と北イタリア支配の背景に使える。 Verification needed: yes.
TIME_MEXEMP_0015,1848年、オーストリア海軍は忠誠問題を露呈した,draft,2026-06-01,2026-06-01,timeline;chapter2;mexemp;shawcross,1848,,year,Gregorian,historical_fact,probable,主にイタリア人乗組員から成るオーストリア海軍は、1848年革命期にハプスブルクへの忠誠問題を露呈したとされる。,SRC_SHAWCROSS_2022_LAST_EMPEROR_MEXICO,2 THE ARCHDUKE AND THE PRINCESS,Kindle PC 45/400,No.573/7062,スクリーンショット 2026-05-31 13.04.55.png,,Revolutions_of_1848,Italy;Adriatic Sea,Austrian Navy;Habsburg dynasty;Italian revolutionaries,nationalism;military_loyalty;imperial_fragility,FACT_MEXEMP_0058,Creative use: 多民族帝国の軍事的脆弱性として使える。 Verification needed: yes.
TIME_MEXEMP_0016,1848〜1849年、Novaraはオーストリア勝利の記憶と結びつけられた,draft,2026-06-01,2026-06-01,timeline;chapter2;mexemp;shawcross,1848,1849,year_range,Gregorian,historical_fact,probable,Novaraは、1848〜1849年革命戦争期のイタリアでのオーストリア勝利にちなむ艦名と説明されている。,SRC_SHAWCROSS_2022_LAST_EMPEROR_MEXICO,2 THE ARCHDUKE AND THE PRINCESS,Kindle PC 45/400,No.573/7062,スクリーンショット 2026-05-31 13.04.55.png,Ferdinand Maximilian,Revolutions_of_1848_1849;Novara_naming_context,Italy,Austrian Navy;Habsburg dynasty,military_memory;dynastic_pride,FACT_MEXEMP_0060,Creative use: Maximilianが乗る艦を王朝的勝利の記憶と結びつけられる。 Verification needed: yes.
TIME_MEXEMP_0017,1854年、Maximilianはオーストリア海軍総司令官に任命された,draft,2026-06-01,2026-06-01,timeline;chapter2;mexemp;shawcross,1854,,year,Gregorian,historical_fact,probable,Maximilianは22歳でオーストリア海軍総司令官に任命されたとされる。,SRC_SHAWCROSS_2022_LAST_EMPEROR_MEXICO,2 THE ARCHDUKE AND THE PRINCESS,Kindle PC 45/400,No.573/7062,スクリーンショット 2026-05-31 13.04.55.png,Ferdinand Maximilian,Maximilian_appointed_commander_in_chief,Austria,Austrian Navy;Habsburg dynasty,naval_career;youthful_promotion;imperial_office,FACT_MEXEMP_0061,Creative use: 若き大公が実務的責任を負う転機として使える。 Verification needed: yes.
TIME_MEXEMP_0018,1856年、Miramarの建設が始まった,draft,2026-06-01,2026-06-01,timeline;chapter2;mexemp;shawcross,1856,,year,Gregorian,historical_fact,probable,Trieste近郊でMaximilianの城Miramarの建設が始まったとされる。,SRC_SHAWCROSS_2022_LAST_EMPEROR_MEXICO,2 THE ARCHDUKE AND THE PRINCESS,Kindle PC 45/400,No.573/7062,スクリーンショット 2026-05-31 13.04.55.png,Ferdinand Maximilian,construction_of_Miramar,Trieste;Miramar;Adriatic Sea,Habsburg dynasty,architecture;dynastic_identity;aesthetic_space,FACT_MEXEMP_0065;FACT_MEXEMP_0066;FACT_MEXEMP_0067;FACT_MEXEMP_0068;FACT_MEXEMP_0069;FACT_MEXEMP_0070,Creative use: Maximilianの美意識と王朝的自己演出を象徴する場面に使える。 Verification needed: yes.
TIME_MEXEMP_0019,1856年5月、MaximilianがFranceでNapoleon IIIと会見した,draft,2026-06-01,2026-06-01,timeline;chapter2;mexemp;shawcross,1856-05,,month,Gregorian,historical_fact,probable,Maximilianがフランス外交使節としてFranceを訪問し、Napoleon IIIと会見した。,SRC_SHAWCROSS_2022_LAST_EMPEROR_MEXICO,2 THE ARCHDUKE AND THE PRINCESS,Kindle PC 48/400,No.612/7062,スクリーンショット 2026-05-31 13.05.20.png,Ferdinand Maximilian;Napoleon III,Maximilian_May_1856_diplomatic_mission_to_France,France;Paris,French Second Empire;Habsburg dynasty,diplomacy;European_monarchy;Maximilian_Napoleon_III_relationship,FACT_MEXEMP_0077;FACT_MEXEMP_0078;FACT_MEXEMP_0079;FACT_MEXEMP_0080;FACT_MEXEMP_0081;FACT_MEXEMP_0082;FACT_MEXEMP_0083;FACT_MEXEMP_0084;FACT_MEXEMP_0085,Creative use: 後のメキシコ帝政計画につながる初期接点として配置できる。 Verification needed: yes.
TIME_MEXEMP_0020,1830年、BelgiumでDutch rulersに対する反乱が起きたと本文は説明する,draft,2026-06-01,2026-06-01,timeline;chapter2;mexemp;shawcross,1830,,year,Gregorian,historical_fact,probable,Franceから広がった革命の影響を背景に、当時Netherlandsの一部だったBelgiumでDutch rulersに対する反乱が起きたと本文は説明する。,SRC_SHAWCROSS_2022_LAST_EMPEROR_MEXICO,2 THE ARCHDUKE AND THE PRINCESS,Kindle PC 48/400,No.612/7062,スクリーンショット 2026-05-31 13.05.20.png,,Belgian_Revolution;French_July_Revolution,France;Belgium;Netherlands,Belgian rebels;Dutch authorities,revolution;nationalism;European_order,FACT_MEXEMP_0088,Creative use: 欧州革命の波及と保守的秩序再編の背景に使える。 Verification needed: yes.
TIME_MEXEMP_0021,1831年、Belgiumが独立したと本文は説明する,draft,2026-06-01,2026-06-01,timeline;chapter2;mexemp;shawcross,1831,,year,Gregorian,historical_fact,probable,Belgiumが独立したと本文は説明する。,SRC_SHAWCROSS_2022_LAST_EMPEROR_MEXICO,2 THE ARCHDUKE AND THE PRINCESS,Kindle PC 48/400,No.612/7062,スクリーンショット 2026-05-31 13.05.20.png,,Belgian_independence,Belgium;Europe,Belgian state;European great powers,state_formation;European_balance_of_power;new_monarchy,FACT_MEXEMP_0087;FACT_MEXEMP_0089;FACT_MEXEMP_0091,Creative use: Carlotaの出自を新国家の王女として整理できる。 Verification needed: yes.
TIME_MEXEMP_0022,1856年、MaximilianはBelgium宮廷訪問の流れでCharlotte / Carlotaと出会ったとされる,draft,2026-06-01,2026-06-01,timeline;chapter2;mexemp;shawcross,1856,,year,Gregorian,historical_fact,uncertain,France訪問後のBelgium宮廷訪問の流れで、MaximilianはCharlotte / Carlotaと出会ったと本文は示している。,SRC_SHAWCROSS_2022_LAST_EMPEROR_MEXICO,2 THE ARCHDUKE AND THE PRINCESS,Kindle PC 48/400,No.612/7062,スクリーンショット 2026-05-31 13.05.20.png,Ferdinand Maximilian;Carlota;Leopold Saxe-Coburg-Saalfeld,Maximilian_first_encounter_with_Carlota;Maximilian_Belgium_court_visit,Belgium,Belgian monarchy;Habsburg dynasty,royal_marriage;dynastic_encounter;Carlota,FACT_MEXEMP_0086;FACT_MEXEMP_0092;FACT_MEXEMP_0094;FACT_MEXEMP_0095,Creative use: MaximilianとCarlotaの関係の導入点として使える。画像内で明示年月日が弱いため confidence は uncertain。 Verification needed: yes.
TIME_MEXEMP_0023,1850年夏、10歳のCarlotaが百日咳にかかったとされる,draft,2026-06-01,2026-06-01,timeline;chapter2;mexemp;shawcross,1850-summer,,season,Gregorian,historical_fact,probable,10歳のCarlotaが百日咳にかかり、母Louise-Marieが看病したとされる。,SRC_SHAWCROSS_2022_LAST_EMPEROR_MEXICO,2 THE ARCHDUKE AND THE PRINCESS,Kindle PC 50/400,No.654/7062,スクリーンショット 2026-05-31 13.05.25.png,Carlota;Louise-Marie,Carlota's illness,Belgium,Belgian monarchy,illness;childhood;family_trauma,FACT_MEXEMP_0104;FACT_MEXEMP_0105,Creative use: Carlotaの母喪失につながる幼少期の危機として使える。 Verification needed: yes.
TIME_MEXEMP_0024,1850年、Louise-Marieが死亡した,draft,2026-06-01,2026-06-01,timeline;chapter2;mexemp;shawcross,1850,,year,Gregorian,historical_fact,probable,Louise-Marieが死亡し、Carlotaの性格形成に大きな影響を与えたとShawcrossは説明している。,SRC_SHAWCROSS_2022_LAST_EMPEROR_MEXICO,2 THE ARCHDUKE AND THE PRINCESS,Kindle PC 50/400,No.654/7062,スクリーンショット 2026-05-31 13.05.25.png,Louise-Marie;Carlota,Death of Louise-Marie,Belgium,Belgian monarchy,bereavement;family_trauma;personality_formation,FACT_MEXEMP_0105;FACT_MEXEMP_0106,死亡はhistorical_factとして扱うが、性格形成への影響はShawcrossの解釈。 Creative use: Carlotaの厳格さ・使命感の起点として使える。 Verification needed: yes.
TIME_MEXEMP_0025,1857年7月27日、CarlotaとMaximilianがBrusselsで結婚した,draft,2026-06-01,2026-06-01,timeline;chapter2;mexemp;shawcross,1857-07-27,,day,Gregorian,historical_fact,probable,CarlotaとMaximilianの結婚式がBrusselsで行われた。,SRC_SHAWCROSS_2022_LAST_EMPEROR_MEXICO,2 THE ARCHDUKE AND THE PRINCESS,Kindle PC 50/400,No.654/7062,スクリーンショット 2026-05-31 13.05.25.png,Carlota;Ferdinand Maximilian;Leopold I;Franz Joseph,Carlota-Maximilian wedding,Brussels;Belgium,Belgian monarchy;Habsburg monarchy,dynastic_marriage;ceremony;European_aristocracy,FACT_MEXEMP_0122;FACT_MEXEMP_0123;FACT_MEXEMP_0124,Creative use: MaximilianとCarlotaの関係の公的成立点として使える。 Verification needed: yes.
TIME_MEXEMP_0032,1858年冬、MaximilianはCarlotaをBelgiumへ送った,draft,2026-06-01,2026-06-01,timeline;chapter2;mexemp;shawcross,1858-winter,,season,Gregorian,historical_fact,probable,MaximilianはCarlotaの安全を考え、1858年冬に彼女をBelgiumへ送った。,SRC_SHAWCROSS_2022_LAST_EMPEROR_MEXICO,2 THE ARCHDUKE AND THE PRINCESS,Kindle PC 56/400,No.735/7062,スクリーンショット 2026-05-31 13.05.33.png,Ferdinand Maximilian;Carlota,Carlota sent to Belgium,Lombardy-Venetia;Belgium,Habsburg monarchy;Belgian monarchy,political_crisis;marital_separation,FACT_MEXEMP_0148,Creative use: 政治危機と夫婦分離を重ねる場面に使える。 出発日・滞在地・理由の詳細は要確認。 Verification needed: yes.
TIME_MEXEMP_0033,1859年4月19日、MaximilianはLombardy-Venetiaの職を解かれた,draft,2026-06-01,2026-06-01,timeline;chapter2;mexemp;shawcross,1859-04-19,,day,Gregorian,historical_fact,probable,Franz JosephはMaximilianをLombardy-Venetiaの職から外し、軍人総督を立てたとされる。,SRC_SHAWCROSS_2022_LAST_EMPEROR_MEXICO,2 THE ARCHDUKE AND THE PRINCESS,Kindle PC 56/400,No.735/7062,スクリーンショット 2026-05-31 13.05.33.png,Ferdinand Maximilian;Franz Joseph,Maximilian dismissal,Lombardy-Venetia;Vienna,Habsburg monarchy,imperial_family_conflict;political_marginalization,FACT_MEXEMP_0151,Creative use: Maximilianの欧州政治上の挫折として重要。 制度上の正式名称・官職名・辞令・後任者を要確認。 Verification needed: yes.
TIME_MEXEMP_0034,1859年4月、AustriaはPiedmont・Franceとの戦争に入ったとされる,draft,2026-06-01,2026-06-01,timeline;chapter2;mexemp;shawcross,1859-04,,month,Gregorian,historical_fact,uncertain,Maximilian解任直後、AustriaはPiedmontおよびFranceとの戦争に入ったとShawcrossは説明している。,SRC_SHAWCROSS_2022_LAST_EMPEROR_MEXICO,2 THE ARCHDUKE AND THE PRINCESS,Kindle PC 56/400,No.735/7062,スクリーンショット 2026-05-31 13.05.33.png,Franz Joseph;Napoleon III,Second Italian War of Independence,Austria;Piedmont;France;Lombardy-Venetia,Austrian Empire;French Empire;Piedmontese government,war;Italian_unification;Habsburg_decline,FACT_MEXEMP_0152;FACT_MEXEMP_0153;FACT_MEXEMP_0154,Creative use: 解任と国際戦争を連続させる構成に使える。 「二日後」という叙述と実際の開戦日、開戦経緯を照合する必要あり。 Verification needed: yes.
TIME_MEXEMP_0035,1859年、MagentaとSolferinoの敗北がHabsburg衰退を印象づけた,draft,2026-06-01,2026-06-01,timeline;chapter2;mexemp;shawcross,1859,,year,Gregorian,historical_fact,probable,French forcesはMagentaでHabsburg軍を破り、MaximilianはSolferinoで兄Franz Josephの敗北を目撃したとされる。,SRC_SHAWCROSS_2022_LAST_EMPEROR_MEXICO,2 THE ARCHDUKE AND THE PRINCESS,Kindle PC 56/400,No.735/7062,スクリーンショット 2026-05-31 13.05.33.png,Ferdinand Maximilian;Franz Joseph;Napoleon III,Battle of Magenta;Battle of Solferino;Loss of Lombardy,Magenta;Solferino;Lombardy;Italy,Habsburg army;French army,military_defeat;Habsburg_decline;political_disillusion,FACT_MEXEMP_0155;FACT_MEXEMP_0156;FACT_MEXEMP_0157;FACT_MEXEMP_0158,Creative use: MaximilianがHabsburg衰退を目撃する場面として使える。 Magenta・Solferinoの戦闘日、Maximilianの到着時点、心理的影響の典拠を要確認。 Verification needed: yes.
TIME_MEXEMP_0036,1859年後、MaximilianはBrazilへ赴きNew Worldへの関心を深めた,draft,2026-06-01,2026-06-01,timeline;chapter2;mexemp;shawcross,after-1859,,relative_period,Gregorian,author_interpretation,uncertain,Habsburg敗北後、Maximilianは数か月Brazilへ赴き、New Worldへの関心とEuropeへの幻滅を深めたとShawcrossは描く。,SRC_SHAWCROSS_2022_LAST_EMPEROR_MEXICO,2 THE ARCHDUKE AND THE PRINCESS,Kindle PC 56/400,No.735/7062,スクリーンショット 2026-05-31 13.05.33.png,Ferdinand Maximilian,Maximilian Brazil journey,Brazil;Latin America;Europe;Miramar,Habsburg monarchy,New_World_imagination;disillusionment;travel,FACT_MEXEMP_0159;FACT_MEXEMP_0160;FACT_MEXEMP_0161;FACT_MEXEMP_0175,Creative use: Mexico帝位受諾への心理的前段階として使える。 Brazil旅行の正確な時期・旅程・旅行記、Ferdinand and Isabellaへの言及、奴隷制批判の原典を要確認。 Verification needed: yes.
TIME_MEXEMP_0037,1850年代後半、Maximilianは海軍・文化・科学分野で活動した,draft,2026-06-01,2026-06-01,timeline;chapter2;mexemp;shawcross,1850s-late,,period,Gregorian,historical_fact,probable,Maximilianは博物館設立、芸術支援、科学振興、Novara号世界周航などを通じて、海軍・文化・科学分野で活動したとShawcrossは整理している。,SRC_SHAWCROSS_2022_LAST_EMPEROR_MEXICO,2 THE ARCHDUKE AND THE PRINCESS,59/400,No.773/7062,スクリーンショット 2026-05-31 13.05.38.png,Ferdinand Maximilian,Novara circumnavigation,Austria,Austrian Navy,navy;arts;science;leadership,FACT_MEXEMP_0177;FACT_MEXEMP_0179;FACT_MEXEMP_0180,Creative use: Mexico帝位以前の実績として使える。 Verification needed: yes.
TIME_MEXEMP_0038,1860年、CarlotaはMaximilianの高位復帰への期待を手紙に書いた,draft,2026-06-01,2026-06-01,timeline;chapter2;mexemp;shawcross,1860,,year,Gregorian,primary_testimony,probable,Carlotaは近しい人物への手紙で、Maximilianが再び高い地位に置かれる日が来るという期待を述べたとされる。,SRC_SHAWCROSS_2022_LAST_EMPEROR_MEXICO,2 THE ARCHDUKE AND THE PRINCESS,59/400,No.773/7062,スクリーンショット 2026-05-31 13.05.38.png,Carlota;Ferdinand Maximilian,Carlota correspondence,,,ambition;dynastic expectation,FACT_MEXEMP_0182;FACT_MEXEMP_0183,Creative use: Carlotaの野心・期待を示す時点。 Verification needed: yes.
TIME_MEXEMP_0039,1861年、Miramarが完成しMaximilianは大きな事業を失ったとされる,draft,2026-06-01,2026-06-01,timeline;chapter2;mexemp;shawcross,1861,,year,Gregorian,historical_fact,probable,Miramarが完成し、Shawcrossはその後Maximilianが大きな事業を失ったと説明している。,SRC_SHAWCROSS_2022_LAST_EMPEROR_MEXICO,2 THE ARCHDUKE AND THE PRINCESS,59/400,No.773/7062,スクリーンショット 2026-05-31 13.05.38.png,Ferdinand Maximilian;Carlota,Completion of Miramar,Miramar,,purposelessness;residence;ambition,FACT_MEXEMP_0181;FACT_MEXEMP_0189,Creative use: Miramar生活の停滞を示す節目。 Verification needed: yes.
TIME_MEXEMP_0040,1861年秋、Gutiérrez de EstradaはMaximilianにMexico皇帝候補の将来を提示した,draft,2026-06-01,2026-06-01,timeline;chapter2;mexemp;shawcross,1861-autumn,,season,Gregorian,author_interpretation,probable,José María Gutiérrez de EstradaがMaximilianにMexico皇帝候補としての将来を提示したとShawcrossは叙述している。,SRC_SHAWCROSS_2022_LAST_EMPEROR_MEXICO,2 THE ARCHDUKE AND THE PRINCESS,59/400,No.773/7062,スクリーンショット 2026-05-31 13.05.38.png,José María Gutiérrez de Estrada;Ferdinand Maximilian;Carlota,Mexican monarchist proposal,Mexico;Miramar,,Mexican monarchy;opportunity;ambition,FACT_MEXEMP_0190;FACT_MEXEMP_0191,Creative use: Mexico帝位構想の入口として使える。 Verification needed: yes.
TIME_MEXEMP_0041,1861年7月4日、Gutiérrez de EstradaはMetternichにMaximilian擁立を打診した,draft,2026-06-01,2026-06-01,timeline;chapter2;mexemp;shawcross,1861-07-04,,day,Gregorian,primary_testimony,probable,Gutiérrez de EstradaはRichard Metternichに手紙を書き、MaximilianがMexico皇帝位を検討するかを尋ねた。,SRC_SHAWCROSS_2022_LAST_EMPEROR_MEXICO,2 THE ARCHDUKE AND THE PRINCESS,59/400,No.773/7062,スクリーンショット 2026-05-31 13.05.38.png,José María Gutiérrez de Estrada;Richard Metternich;Ferdinand Maximilian,Mexican monarchist proposal,Paris;Mexico,Austrian diplomacy,diplomacy;monarchy;candidate selection,FACT_MEXEMP_0192;FACT_MEXEMP_0193;FACT_MEXEMP_0194;FACT_MEXEMP_0195;FACT_MEXEMP_0196;FACT_MEXEMP_0197;FACT_MEXEMP_0198;FACT_MEXEMP_0199,Creative use: 外交文書上の擁立打診として使える。 Verification needed: yes.
TIME_MEXEMP_0042,1861年9月、Napoleon IIIはMexico君主制計画の条件作りを進めた,draft,2026-06-01,2026-06-01,timeline;chapter2;mexemp;shawcross,1861-09,,month,Gregorian,author_interpretation,probable,Napoleon IIIはEugénieおよびJosé Manuel Hidalgo y Esnaurrizarとの会談後、Mexico君主制計画に有利な条件を整えようとしたとShawcrossは説明している。,SRC_SHAWCROSS_2022_LAST_EMPEROR_MEXICO,2 THE ARCHDUKE AND THE PRINCESS,59/400,No.773/7062,スクリーンショット 2026-05-31 13.05.38.png,Napoleon III;Eugénie;José Manuel Hidalgo y Esnaurrizar,French intervention planning in Mexico,France;Mexico,French Empire,foreign intervention;Mexican monarchy;French policy,FACT_MEXEMP_0200;FACT_MEXEMP_0201;FACT_MEXEMP_0202;FACT_MEXEMP_0203,Creative use: サロン政治と帝国政策の接続点として使える。 Verification needed: yes.
TIME_MEXEMP_0050,1861年10月31日、London Conventionが署名された,draft,2026-06-01,2026-06-01,timeline;chapter2;mexemp;shawcross,1861-10-31,,exact,Gregorian,historical_fact,probable,"Britain, France, and Spain signed the Convention of London governing their joint intervention in Mexico.",SRC_SHAWCROSS_2022_LAST_EMPEROR_MEXICO,2 THE ARCHDUKE AND THE PRINCESS / section 3 FRENCH INVASION,Kindle PC 67/400,No.891/7062,スクリーンショット 2026-05-31 13.05.52.png,Lord John Russell;Napoleon III,Convention of London;Joint intervention in Mexico,London;Mexico;Britain;France;Spain,British government;French government;Spanish government,treaty;nonintervention;European intervention,FACT_MEXEMP_0266;FACT_MEXEMP_0269;FACT_MEXEMP_0270,Creative use: 共同干渉の公式な始点として年表に置ける。 Convention of London原文・署名日・非干渉条項の確認が必要。 Verification needed: yes.
TIME_MEXEMP_0051,1861年11月末までに三国の遠征部隊がメキシコへ向かった,draft,2026-06-01,2026-06-01,timeline;chapter2;mexemp;shawcross,1861-11,,by_end_of_month,Gregorian,historical_fact,probable,"By the end of November 1861, Spanish, French, and British troops were sailing to Mexico as part of the joint intervention.",SRC_SHAWCROSS_2022_LAST_EMPEROR_MEXICO,2 THE ARCHDUKE AND THE PRINCESS / section 3 FRENCH INVASION,Kindle PC 67/400,No.891/7062,スクリーンショット 2026-05-31 13.05.52.png,Napoleon III;Lord John Russell,Joint intervention in Mexico,Mexico;Spain;France;Britain,Spanish forces;French forces;British forces,expeditionary force;military intervention,FACT_MEXEMP_0272;FACT_MEXEMP_0273,Creative use: 欧州遠征軍が実際に動き出す転換点として使える。 Spanish/French/British各兵力数と出航状況は軍事史料で確認が必要。 Verification needed: yes.
TIME_MEXEMP_0052,1861年11月末までにMetternichはメキシコ案件を楽観視していた,draft,2026-06-01,2026-06-01,timeline;chapter2;mexemp;shawcross,1861-11,,by_end_of_month,Gregorian,primary_testimony,probable,"By the end of November 1861, Richard Metternich reported to Rechberg in a way that suggested he believed the Mexican affair was proceeding well.",SRC_SHAWCROSS_2022_LAST_EMPEROR_MEXICO,2 THE ARCHDUKE AND THE PRINCESS / section 3 FRENCH INVASION,Kindle PC 67/400,No.891/7062,スクリーンショット 2026-05-31 13.05.52.png,Richard Metternich;Rechberg;Napoleon III,Mexican monarchy project,France;Austria;Mexico,Austrian diplomacy;French diplomacy,diplomatic reporting;disinformation;Austrian perception,FACT_MEXEMP_0268;FACT_MEXEMP_0270;FACT_MEXEMP_0271,Creative use: フランス側の説明がオーストリア側を安心させた場面として使える。 MetternichからRechbergへの書簡の正確な日付・文面を要確認。 Verification needed: yes.
TIME_MEXEMP_0053,1862年1月9日、フランス軍がVeracruz港に到着した,draft,2026-06-01,2026-06-01,timeline;chapter2;mexemp;shawcross,1862-01-09,,day,Gregorian,historical_fact,probable,フランス軍がVeracruz港に到着した。,SRC_SHAWCROSS_2022_LAST_EMPEROR_MEXICO,Chapter 2 THE ARCHDUKE AND THE PRINCESS / 3 FRENCH INVASION,Kindle PC 69/400,No.931/7062,スクリーンショット 2026-05-31 13.05.55.png,Jurien de La Gravière,French invasion of Mexico,Veracruz;Mexico,French expeditionary force,foreign intervention;military landing,FACT_MEXEMP_0283,Creative use: フランス軍の上陸・Veracruz描写の基準日。 Verification needed: yes.
TIME_MEXEMP_0054,1862年1月末、遠征軍は335人の病人を報告した,draft,2026-06-01,2026-06-01,timeline;chapter2;mexemp;shawcross,1862-01,,month_end,Gregorian,historical_fact,probable,1月末時点で遠征軍は335人の病人を報告し、病人は総兵力の1割を超えた。,SRC_SHAWCROSS_2022_LAST_EMPEROR_MEXICO,Chapter 2 THE ARCHDUKE AND THE PRINCESS / 3 FRENCH INVASION,Kindle PC 69/400,No.931/7062,スクリーンショット 2026-05-31 13.05.55.png,,French invasion of Mexico,Veracruz,French expeditionary force,disease;military attrition;logistics,FACT_MEXEMP_0299,Creative use: 戦闘前から疫病で遠征軍が損耗する転換点。 Verification needed: yes.
TIME_MEXEMP_0055,1862年2月20日、SalignyがLa Soledad関連文書へ署名した,draft,2026-06-01,2026-06-01,timeline;chapter2;mexemp;shawcross,1862-02-20,,day,Gregorian,historical_fact,probable,Dubois de SalignyがLa Soledad関連文書へ署名し、連合軍はJuárezをメキシコ共和国大統領として正式承認する形になった。,SRC_SHAWCROSS_2022_LAST_EMPEROR_MEXICO,Chapter 2 THE ARCHDUKE AND THE PRINCESS / 3 FRENCH INVASION,Kindle PC 72/400ページ,No.973/7062,スクリーンショット 2026-05-31 13.05.59.png,Dubois de Saligny;Benito Juárez;Jurien de La Gravière,Preliminaries of La Soledad,La Soledad;Veracruz;Mexico,Allied forces;French Empire;Mexican Republic,diplomacy;republican legitimacy;foreign intervention,FACT_MEXEMP_0303;FACT_MEXEMP_0304,Creative use: フランス介入初期の逆説的外交結果として使える。 Verification needed: yes.
TIME_MEXEMP_0056,1862年1月14日、Napoleon IIIがMaximilianへ書簡を書いた,draft,2026-06-01,2026-06-01,timeline;chapter2;mexemp;shawcross,1862-01-14,,day,Gregorian,primary_testimony,probable,Napoleon IIIがMaximilianに宛てて、メキシコ事業への参加を促す書簡を書いた。,SRC_SHAWCROSS_2022_LAST_EMPEROR_MEXICO,Chapter 2 THE ARCHDUKE AND THE PRINCESS / 3 FRENCH INVASION,Kindle PC 72/400ページ,No.973/7062,スクリーンショット 2026-05-31 13.05.59.png,Napoleon III;Maximilian,Maximilian succession negotiations,France;Miramar;Mexico,French Empire;House of Habsburg,dynastic diplomacy;persuasion;monarchy project,FACT_MEXEMP_0307;FACT_MEXEMP_0308;FACT_MEXEMP_0309,Creative use: Maximilianをおだてる外交文書として場面化できる。 Verification needed: yes.
TIME_MEXEMP_0057,1862年1月、Napoleon IIIがLorencez指揮下の増援を送った,draft,2026-06-01,2026-06-01,timeline;chapter2;mexemp;shawcross,1862-01,,month,Gregorian,historical_fact,probable,"Napoleon IIIがLorencez指揮下の約4,500人の増援をメキシコへ派遣した。",SRC_SHAWCROSS_2022_LAST_EMPEROR_MEXICO,Chapter 2 THE ARCHDUKE AND THE PRINCESS / 3 FRENCH INVASION,Kindle PC 72/400ページ,No.973/7062,スクリーンショット 2026-05-31 13.05.59.png,"Napoleon III;Charles Ferdinand Latrille, Comte de Lorencez",dispatch of French reinforcements;French intervention in Mexico,France;Mexico,French Empire;French expeditionary force,military escalation;intervention,FACT_MEXEMP_0311,Creative use: 介入の段階的拡大として使える。 Verification needed: yes.
TIME_MEXEMP_0058,1803年、Juan Nepomuceno Almonteが生まれた,draft,2026-06-01,2026-06-01,timeline;chapter2;mexemp;shawcross,1803,,year,Gregorian,historical_fact,probable,Juan Nepomuceno Almonteが、José María Morelosの息子として生まれた。,SRC_SHAWCROSS_2022_LAST_EMPEROR_MEXICO,Chapter 2 THE ARCHDUKE AND THE PRINCESS / 3 FRENCH INVASION,Kindle PC 72/400ページ,No.973/7062,スクリーンショット 2026-05-31 13.05.59.png,Juan Nepomuceno Almonte;José María Morelos,Almonte birth,Mexico,Mexican independence movement,independence legacy;political lineage,FACT_MEXEMP_0314,Creative use: Almonteの出自説明に使える。 Verification needed: yes.
TIME_MEXEMP_0059,1815年、AlmonteはNew Orleansへ送られていた,draft,2026-06-01,2026-06-01,timeline;chapter2;mexemp;shawcross,1815,,year,Gregorian,historical_fact,probable,Morelosが処刑される前、Almonteは安全のためNew Orleansへ送られていた。,SRC_SHAWCROSS_2022_LAST_EMPEROR_MEXICO,Chapter 2 THE ARCHDUKE AND THE PRINCESS / 3 FRENCH INVASION,Kindle PC 72/400ページ,No.973/7062,スクリーンショット 2026-05-31 13.05.59.png,José María Morelos;Juan Nepomuceno Almonte,execution of Morelos;Almonte exile,New Orleans;Mexico,Mexican independence movement,exile;political childhood;independence war,FACT_MEXEMP_0315,Creative use: Almonteの亡命経験の背景として使える。 Verification needed: yes.
TIME_MEXEMP_0060,1858〜1861年、Almonteは保守政府を支持し外交代表を務めた,draft,2026-06-01,2026-06-01,timeline;chapter2;mexemp;shawcross,1858,1861,range,Gregorian,historical_fact,probable,Almonteは1858〜1861年の内戦中、保守政府を支持し、Miramónのフランス駐在外交代表を務めた。,SRC_SHAWCROSS_2022_LAST_EMPEROR_MEXICO,Chapter 2 THE ARCHDUKE AND THE PRINCESS / 3 FRENCH INVASION,Kindle PC 72/400ページ,No.973/7062,スクリーンショット 2026-05-31 13.05.59.png,Juan Nepomuceno Almonte;Miguel Miramón,Mexican civil war of 1858-1861,Mexico;France;Paris,Mexican Conservative government,conservative politics;diplomatic representation,FACT_MEXEMP_0316;FACT_MEXEMP_0317,Creative use: Almonteの保守派転向後の立場を示す。 Verification needed: yes.
TIME_MEXEMP_0061,1861年、Almonteはフランスでの外交職を失った,draft,2026-06-01,2026-06-01,timeline;chapter2;mexemp;shawcross,1861,,year,Gregorian,historical_fact,probable,JuárezがMexico Cityを掌握した後、Almonteはフランスでの外交職を失った。,SRC_SHAWCROSS_2022_LAST_EMPEROR_MEXICO,Chapter 2 THE ARCHDUKE AND THE PRINCESS / 3 FRENCH INVASION,Kindle PC 72/400ページ,No.973/7062,スクリーンショット 2026-05-31 13.05.59.png,Benito Juárez;Juan Nepomuceno Almonte,Juárez takes Mexico City;Almonte dismissal,Mexico City;Paris;France,Mexican Republic;Mexican Conservative government,conservative defeat;exile politics,FACT_MEXEMP_0317,Creative use: 敗北した保守派外交官が君主制工作へ向かう転換点。 Verification needed: yes.
TIME_MEXEMP_0062,1862年1月、Napoleon IIIがAlmonteをMiramarへ派遣した,draft,2026-06-01,2026-06-01,timeline;chapter2;mexemp;shawcross,1862-01,,month,Gregorian,historical_fact,probable,Napoleon IIIがAlmonteをMiramarへ派遣し、Maximilianへの書簡を手渡しさせた。,SRC_SHAWCROSS_2022_LAST_EMPEROR_MEXICO,Chapter 2 THE ARCHDUKE AND THE PRINCESS / 3 FRENCH INVASION,Kindle PC 72/400ページ,No.973/7062,スクリーンショット 2026-05-31 13.05.59.png,Napoleon III;Juan Nepomuceno Almonte;Maximilian,Almonte mission to Miramar;Maximilian succession negotiations,Paris;Miramar,French Empire;House of Habsburg;Mexican monarchists,diplomatic mission;monarchy project,FACT_MEXEMP_0319;FACT_MEXEMP_0320;FACT_MEXEMP_0321,Creative use: Miramarでの帝国構想場面の導入。 Verification needed: yes.
TIME_MEXEMP_0063,1862年1月16日、Gutiérrez de EstradaがNapoleon IIIと面会した,draft,2026-06-01,2026-06-01,timeline;chapter2;mexemp;shawcross,1862-01-16,,day,Gregorian,historical_fact,probable,Gutiérrez de EstradaがMaximilianの取りなしを経てNapoleon IIIとの面会を認められた。,SRC_SHAWCROSS_2022_LAST_EMPEROR_MEXICO,Chapter 2 THE ARCHDUKE AND THE PRINCESS / 3 FRENCH INVASION,Kindle PC 72/400ページ,No.973/7062,スクリーンショット 2026-05-31 13.05.59.png,José María Gutiérrez de Estrada;Maximilian;Napoleon III;Empress Eugénie,Gutiérrez de Estrada audience with Napoleon III,France;Paris,French Empire;Mexican monarchists,monarchist lobbying;court politics;conservative politics,FACT_MEXEMP_0326;FACT_MEXEMP_0327,Creative use: メキシコ反動的君主派がフランス宮廷で評価されない場面。 Verification needed: yes.
TIME_MEXEMP_0075,1862年5月4日、Lorencezが翌日のPuebla強襲方針を取った,draft,2026-06-01,2026-06-01,timeline;chapter2;mexemp;shawcross,1862-05-04,,day_inferred,Gregorian,historical_fact,probable,Amozoc占領後、LorencezはPueblaを包囲する時間と兵力がないと判断し、翌日にPueblaを強襲する方針を取った。,SRC_SHAWCROSS_2022_LAST_EMPEROR_MEXICO,Chapter 2 THE ARCHDUKE AND THE PRINCESS / 3 FRENCH INVASION,Kindle PC 80/400ページ,No.1095/7062,スクリーンショット 2026-05-31 13.06.09.png,"Charles Ferdinand Latrille, Comte de Lorencez;Ignacio Zaragoza",Battle of Puebla;French intervention in Mexico,Amozoc;Puebla;Fort Guadalupe,French expeditionary force;Mexican republican forces,operational decision;assault;siege avoidance,FACT_MEXEMP_0392;FACT_MEXEMP_0393;FACT_MEXEMP_0396,Creative use: Puebla戦前夜の決断場面に使える。 Verification needed: yes.
TIME_MEXEMP_0076,1862年5月5日、Puebla守備側がフランス軍を迎え撃った,draft,2026-06-01,2026-06-01,timeline;chapter2;mexemp;shawcross,1862-05-05,,day,Gregorian,historical_fact,probable,Puebla守備側は、欧州式の戦闘隊形で進軍するフランス軍を迎え撃ち、Zaragozaは砦への増援を急がせた。,SRC_SHAWCROSS_2022_LAST_EMPEROR_MEXICO,Chapter 2 THE ARCHDUKE AND THE PRINCESS / 3 FRENCH INVASION,Kindle PC 80/400ページ,No.1095/7062,スクリーンショット 2026-05-31 13.06.09.png,"Ignacio Zaragoza;Charles Ferdinand Latrille, Comte de Lorencez",Battle of Puebla,Puebla;Fort Guadalupe;Fort Loreto,French expeditionary force;Mexican republican forces,defensive preparation;battle formation;tactical surprise,FACT_MEXEMP_0397;FACT_MEXEMP_0398,Creative use: 戦闘開始直前の視覚的場面として使える。 Verification needed: yes.
TIME_MEXEMP_0077,1862年5月5日午後1時、フランス軍がGuadalupe砦へ波状攻撃を行った,draft,2026-06-01,2026-06-01,timeline;chapter2;mexemp;shawcross,1862-05-05 13:00,,hour,Gregorian,historical_fact,probable,午後1時、フランス軍はGuadalupe砦へ波状攻撃を開始したが、メキシコ側の銃砲火とLoretoからの十字砲火に阻まれた。,SRC_SHAWCROSS_2022_LAST_EMPEROR_MEXICO,Chapter 2 THE ARCHDUKE AND THE PRINCESS / 3 FRENCH INVASION,Kindle PC 80/400ページ,No.1095/7062,スクリーンショット 2026-05-31 13.06.09.png,"Charles Ferdinand Latrille, Comte de Lorencez",Battle of Puebla,Fort Guadalupe;Fort Loreto;Puebla,French expeditionary force;Mexican republican forces,infantry assault;fortification;crossfire,FACT_MEXEMP_0401;FACT_MEXEMP_0402;FACT_MEXEMP_0403,Creative use: Puebla戦の中心戦闘場面として使える。 Verification needed: yes.
TIME_MEXEMP_0078,1862年5月5日、LorencezがPuebla攻撃を断念し退却を命じた,draft,2026-06-01,2026-06-01,timeline;chapter2;mexemp;shawcross,1862-05-05,,day,Gregorian,historical_fact,probable,数時間の攻撃と雷雨・雹による戦場悪化の後、LorencezはPuebla攻撃を断念し、フランス軍に退却を命じた。,SRC_SHAWCROSS_2022_LAST_EMPEROR_MEXICO,Chapter 2 THE ARCHDUKE AND THE PRINCESS / 3 FRENCH INVASION,Kindle PC 80/400ページ,No.1095/7062,スクリーンショット 2026-05-31 13.06.09.png,"Charles Ferdinand Latrille, Comte de Lorencez",Battle of Puebla;Cinco de Mayo,Puebla;Fort Guadalupe,French expeditionary force;Mexican republican forces,retreat;weather;French defeat,FACT_MEXEMP_0404;FACT_MEXEMP_0405,Creative use: 軍事的威信が崩れる転換点として使える。 Verification needed: yes.
TIME_MEXEMP_0079,1862年6月7日、EugénieがCarlotaへ楽観的な手紙を書いた,draft,2026-06-01,2026-06-01,timeline;chapter2;mexemp;shawcross,1862-06-07,,day,Gregorian,primary_testimony,probable,Puebla敗北をまだ知らないEugénieはCarlotaへ手紙を書き、Almonteの影響拡大とフランス軍のMexico City到着を楽観的に予想した。,SRC_SHAWCROSS_2022_LAST_EMPEROR_MEXICO,Chapter 2 THE ARCHDUKE AND THE PRINCESS / 3 FRENCH INVASION,Kindle PC 80/400ページ,No.1095/7062,スクリーンショット 2026-05-31 13.06.09.png,Empress Eugénie;Carlota;Juan Nepomuceno Almonte,Battle of Puebla;French intervention in Mexico,France;Mexico;Mexico City;Puebla,French imperial court;French expeditionary force,information delay;imperial optimism;correspondence,FACT_MEXEMP_0414;FACT_MEXEMP_0415;FACT_MEXEMP_0416;FACT_MEXEMP_0417,Creative use: 欧州宮廷の楽観と現地敗北の落差を描ける。 Verification needed: yes.
TIME_MEXEMP_0099,1861年、Maximilianは英国保証条件を後に帝国成立後の同盟工作として再解釈した,draft,2026-06-02,2026-06-02,timeline;chapter2;mexemp;shawcross,1861,,year,Gregorian,primary_testimony,probable,Maximilianは英国からの保証を王冠受諾の条件として求めていたが、後にFranz Josephへの説明で、それは帝国成立後の英国同盟獲得を意味していたと再解釈した。,SRC_SHAWCROSS_2022_LAST_EMPEROR_MEXICO,Chapter 2 THE ARCHDUKE AND THE PRINCESS / 4 THE MEXICAN CROWN,Kindle PC 102/400,No.1415/7062,スクリーンショット 2026-05-31 13.06.39.png,Maximilian;Franz Joseph;Johann Bernhard von Rechberg;Napoleon III,British support condition,Britain;Austria;Mexico;France,British government;Austrian Empire;French Empire;Habsburg dynasty,王冠受諾条件;英国支持;条件撤回,FACT_MEXEMP_0615;FACT_MEXEMP_0616,Creative use: 受諾条件が後退していく過程の節目として使える。 Verification needed: yes. 1861年時点の条件設定文書と後年説明の原文確認が必要。
TIME_MEXEMP_0100,1848年、Carlotaは革命後のオーストリア秩序回復を外国軍支援の先例として持ち出した,draft,2026-06-02,2026-06-02,timeline;chapter2;mexemp;shawcross,1848,,year,Gregorian,primary_testimony,probable,CarlotaはSophieへの反論で、1848年革命後にオーストリア帝国の秩序がロシア軍の支援で回復された例を持ち出し、メキシコでの外国軍支援への懸念に反論した。,SRC_SHAWCROSS_2022_LAST_EMPEROR_MEXICO,Chapter 2 THE ARCHDUKE AND THE PRINCESS / 4 THE MEXICAN CROWN,Kindle PC 102/400,No.1415/7062,スクリーンショット 2026-05-31 13.06.39.png,Carlota;Sophie,Revolutions of 1848;Sophie-Carlota correspondence,Austrian Empire;Russia;Mexico,Austrian Empire;Russian army;French army,外国干渉;鎮圧;歴史的先例,FACT_MEXEMP_0634,Creative use: Carlotaが相手の痛点を突く場面として使える。 Verification needed: yes. これはCarlotaが後年の書簡で持ち出した歴史的先例であり、書簡執筆日そのものではない。
TIME_MEXEMP_0101,1863年12月までに、Maximilianはメキシコ帝冠受諾の障害を合理化していた,draft,2026-06-02,2026-06-02,timeline;chapter2;mexemp;shawcross,1863-12,,month,Gregorian,author_interpretation,probable,1863年12月までに、Maximilianはメキシコ皇帝となる障害を合理化し、Habsburg家族の警告を脇に置くようになっていたとShawcrossは整理する。,SRC_SHAWCROSS_2022_LAST_EMPEROR_MEXICO,Chapter 2 THE ARCHDUKE AND THE PRINCESS / 4 THE MEXICAN CROWN,Kindle PC 105/400,No.1455/7062,スクリーンショット 2026-05-31 13.07.32.png,Maximilian;Carlota;Sophie;Franz Joseph;Napoleon III,Mexican crown offer,Mexico;Austria;France,Habsburg family;French Empire,rationalization;decision-making;imperial legitimacy,FACT_MEXEMP_0643;FACT_MEXEMP_0644;FACT_MEXEMP_0647,Creative use: 即位受諾前の心理的転換点として使える。 Verification needed: yes. 著者解釈を含むため、年表上では史実日付ではなく判断状態の整理として扱う。
TIME_MEXEMP_0102,1864年、Achille Bazaineはフランス元帥に任命される人物として紹介される,draft,2026-06-02,2026-06-02,timeline;chapter2;mexemp;shawcross,1864,,year,Gregorian,historical_fact,probable,Achille Bazaineは1864年にフランス元帥に任命されることになる人物として紹介される。,SRC_SHAWCROSS_2022_LAST_EMPEROR_MEXICO,Chapter 2 THE ARCHDUKE AND THE PRINCESS / 4 THE MEXICAN CROWN,Kindle PC 105/400,No.1455/7062,スクリーンショット 2026-05-31 13.07.32.png,Achille Bazaine,Bazaine marshal appointment,France;Mexico,French army,military career;French command,FACT_MEXEMP_0655;FACT_MEXEMP_0656;FACT_MEXEMP_0657,Creative use: Bazaineの軍内評価と出世を示す背景情報。 Verification needed: yes. 元帥任命の正式日付と任命文書は別資料で確認する。
TIME_MEXEMP_0103,1863年6月12日、Foreyは内戦終結と穏健派統合を呼びかけた,draft,2026-06-02,2026-06-02,timeline;chapter2;mexemp;shawcross,1863-06-12,,day,Gregorian,primary_testimony,probable,ForeyはNapoleon IIIの意向のもと、メキシコ人に内戦を終え、各派の穏健派が団結するよう呼びかける宣言を出した。,SRC_SHAWCROSS_2022_LAST_EMPEROR_MEXICO,Chapter 2 THE ARCHDUKE AND THE PRINCESS / 4 THE MEXICAN CROWN,Kindle PC 108/400,No.1497/7062,スクリーンショット 2026-05-31 13.07.36.png,Élie Frédéric Forey;Napoleon III,"Forey proclamation of June 12, 1863",Mexico,French Army;French Empire,宣言;穏健派統合;占領行政,FACT_MEXEMP_0674;FACT_MEXEMP_0675,Creative use: フランス側が掲げた公式建前として使える。 Verification needed: yes. 宣言全文と発布状況は原典確認が必要。
TIME_MEXEMP_0104,1863年10月1日〜1864年3月10日、BazaineはAlmonteへ194通の書簡を送った,draft,2026-06-02,2026-06-02,timeline;chapter2;mexemp;shawcross,1863-10-01,1864-03-10,range,Gregorian,historical_fact,probable,Bazaineはこの期間にJuan Nepomuceno Almonteへ194通の書簡を送り、名目上は助言として行政統制を行ったとされる。,SRC_SHAWCROSS_2022_LAST_EMPEROR_MEXICO,Chapter 2 THE ARCHDUKE AND THE PRINCESS / 4 THE MEXICAN CROWN,Kindle PC 108/400,No.1497/7062,スクリーンショット 2026-05-31 13.07.36.png,Achille Bazaine;Juan Nepomuceno Almonte,French occupation administration,Mexico,French Army;Regency Council,書簡;軍政;摂政政治,FACT_MEXEMP_0666;FACT_MEXEMP_0668,Creative use: 実質支配が書簡行政として行われる描写に使える。 Verification needed: yes. 書簡の保存先・日付範囲・内容は原典確認が必要。
TIME_MEXEMP_0105,1863年10月4日、Foreyは退去した,draft,2026-06-02,2026-06-02,timeline;chapter2;mexemp;shawcross,1863-10-04,,day,Gregorian,historical_fact,probable,Foreyは1863年10月4日に退去し、Bazaineが自身の方針を実行しやすい状況が生まれた。,SRC_SHAWCROSS_2022_LAST_EMPEROR_MEXICO,Chapter 2 THE ARCHDUKE AND THE PRINCESS / 4 THE MEXICAN CROWN,Kindle PC 108/400,No.1497/7062,スクリーンショット 2026-05-31 13.07.36.png,Élie Frédéric Forey;Achille Bazaine,Forey departure;French intervention in Mexico,Mexico,French Army,指揮官交代;占領行政,FACT_MEXEMP_0661;FACT_MEXEMP_0660,Creative use: Forey期からBazaine期への転換点。 Verification needed: yes. 退去の具体的意味はMexico City退去か帰国かを確認する。
TIME_MEXEMP_0106,1863年10月、BazaineとLabastidaは教会財産問題で対立した,draft,2026-06-02,2026-06-02,timeline;chapter2;mexemp;shawcross,1863-10,,month,Gregorian,primary_testimony,probable,BazaineとLabastidaは初会合で教会財産売却問題をめぐって対立した。,SRC_SHAWCROSS_2022_LAST_EMPEROR_MEXICO,Chapter 2 THE ARCHDUKE AND THE PRINCESS / 4 THE MEXICAN CROWN,Kindle PC 108/400,No.1497/7062,スクリーンショット 2026-05-31 13.07.36.png,Achille Bazaine;Pelagio Antonio de Labastida y Dávalos,Bazaine-Labastida meeting,Mexico,French Army;Catholic Church;Regency Council,教会財産;政教対立;占領政策,FACT_MEXEMP_0679;FACT_MEXEMP_0680;FACT_MEXEMP_0681,Creative use: 帝政支持陣営内部の対立を示す会合。 Verification needed: yes. 会合記録・報告書・発言出典の確認が必要。
TIME_MEXEMP_0107,1863年12月、Salignyはメキシコの富裕家門と結婚したとされる,draft,2026-06-02,2026-06-02,timeline;chapter2;mexemp;shawcross,1863-12,,month,Gregorian,historical_fact,probable,Salignyは再任命後も現地に留まり、1863年12月にメキシコの富裕家門との結婚を行ったとされる。,SRC_SHAWCROSS_2022_LAST_EMPEROR_MEXICO,Chapter 2 THE ARCHDUKE AND THE PRINCESS / 4 THE MEXICAN CROWN,Kindle PC 108/400,No.1497/7062,スクリーンショット 2026-05-31 13.07.36.png,Dubois de Saligny;Pelagio Antonio de Labastida y Dávalos,Saligny marriage,Mexico,French diplomatic service;Catholic Church,外交官;婚姻;利権,FACT_MEXEMP_0663;FACT_MEXEMP_0664,Creative use: 外交官の私益化・現地保守派との結合を示す場面。 Verification needed: yes. 結婚相手、婚姻の政治的意味、帰国時期は別資料で確認する。
TIME_MEXEMP_0108,1863年11月17日、LabastidaがRegency Councilから排除された,draft,2026-06-02,2026-06-02,timeline;chapter2;mexemp;shawcross,1863-11-17,,day,Gregorian,historical_fact,probable,BazaineはAlmonteとSalasに、LabastidaがRegency Councilの一員ではないとする布告を出させ、Labastidaは抗議したが退いた。,SRC_SHAWCROSS_2022_LAST_EMPEROR_MEXICO,Chapter 2 THE ARCHDUKE AND THE PRINCESS / 4 THE MEXICAN CROWN,Kindle PC 111/400,No.1537/7062,スクリーンショット 2026-05-31 13.07.43.png,Achille Bazaine;Juan Nepomuceno Almonte;Mariano Salas;Pelagio Antonio de Labastida y Dávalos,Removal of Labastida from the Regency Council,Mexico,Regency Council;French Army;Catholic Church,church property;occupation administration;regency politics,FACT_MEXEMP_0688;FACT_MEXEMP_0689;FACT_MEXEMP_0690,Creative use: Maximilian到着前の政策枠組みをフランス軍が先取りする場面に使える。 Verification needed: yes. Labastida排除を命じた文書と、Almonte・Salasの関与の自発性を確認する必要がある。
TIME_MEXEMP_0109,1863年10月、Bazaineの北方作戦が始まった,draft,2026-06-02,2026-06-02,timeline;chapter2;mexemp;shawcross,1863-10,,month,Gregorian,historical_fact,probable,Forey退去後、Bazaineの北方作戦が実行に移され、二列のフランス軍がMexico Cityから北上した。,SRC_SHAWCROSS_2022_LAST_EMPEROR_MEXICO,Chapter 2 THE ARCHDUKE AND THE PRINCESS / 4 THE MEXICAN CROWN,Kindle PC 111/400,No.1537/7062,スクリーンショット 2026-05-31 13.07.43.png,Élie Frédéric Forey;Achille Bazaine;Benito Juárez,Bazaine's offensive against Juárez,Mexico City;San Luis Potosí,French Army;Juárez government,military advance;occupation;republican resistance,FACT_MEXEMP_0698;FACT_MEXEMP_0699;FACT_MEXEMP_0700,Creative use: Bazaine期の軍事的拡張とJuárez政府への圧力を示す年表項目に使える。 Verification needed: yes. 作戦命令、開始日、二列の編成、MárquezとMejíaの配置関係を確認する必要がある。
TIME_MEXEMP_0110,1861年、Mejíaが山岳地帯で抵抗を続けたとされる,draft,2026-06-02,2026-06-02,timeline;chapter2;mexemp;shawcross,1861,,year,Gregorian,historical_fact,uncertain,JuárezがMexico Cityを取った後、Tomás Mejíaは降伏せず、山岳地帯で保守派抵抗を続けたとされる。,SRC_SHAWCROSS_2022_LAST_EMPEROR_MEXICO,Chapter 2 THE ARCHDUKE AND THE PRINCESS / 4 THE MEXICAN CROWN,Kindle PC 111/400,No.1537/7062,スクリーンショット 2026-05-31 13.07.43.png,Benito Juárez;Tomás Mejía,Mejía's resistance after Juárez took Mexico City,Mexico City;Sierra Gorda,Juárez government;Mexican conservative forces,civil war;conservative resistance;regional loyalty,FACT_MEXEMP_0705;FACT_MEXEMP_0706,Creative use: Mejíaの地域的忠誠と山地抵抗を示す背景年表として使える。 Verification needed: yes. Mejíaの兵数、活動範囲、政府軍撃退の一次資料確認が必要。
TIME_MEXEMP_0111,1863年11月、MejíaがQuerétaroを占領した,draft,2026-06-02,2026-06-02,timeline;chapter2;mexemp;shawcross,1863-11,,month,Gregorian,historical_fact,probable,Tomás MejíaはQuerétaroを占領し、同地ではFranco-Mexican armyが解放者として歓迎されたとされる。,SRC_SHAWCROSS_2022_LAST_EMPEROR_MEXICO,Chapter 2 THE ARCHDUKE AND THE PRINCESS / 4 THE MEXICAN CROWN,Kindle PC 111/400,No.1537/7062,スクリーンショット 2026-05-31 13.07.43.png,Tomás Mejía,Mejía's occupation of Querétaro,Querétaro;Mexico City,Franco-Mexican army;Mexican conservative forces,military advance;conservative support;religious reception,FACT_MEXEMP_0709;FACT_MEXEMP_0710,Creative use: 帝政支持が局地的に存在したことと、保守派地域の宗教的歓迎を示す場面に使える。 Verification needed: yes. 占領日、歓迎描写の出典、誇張可能性を確認する必要がある。
TIME_MEXEMP_0112,1863年10月、Regency支配範囲は限定的だった,draft,2026-06-02,2026-06-02,timeline;chapter2;mexemp;shawcross,1863-10,,month,Gregorian,author_interpretation,probable,1863年10月時点で、Regencyの支配はVeracruzからMexico Cityまでの回廊と首都周辺に限られ、Maximilian選出承認の投票・請願は困難な状況にあった。,SRC_SHAWCROSS_2022_LAST_EMPEROR_MEXICO,Chapter 2 THE ARCHDUKE AND THE PRINCESS / 4 THE MEXICAN CROWN,Kindle PC 111/400,No.1537/7062,スクリーンショット 2026-05-31 13.07.43.png,Achille Bazaine;Maximilian;Benito Juárez,Ratification campaign for Maximilian's election,Veracruz;Mexico City,Regency Council;French Army;Juárez government,imperial legitimacy;plebiscite;occupation limits,FACT_MEXEMP_0693;FACT_MEXEMP_0694;FACT_MEXEMP_0695;FACT_MEXEMP_0696;FACT_MEXEMP_0697,Creative use: 「国民に選ばれた皇帝」という建前と占領下請願の現実を対比する年表項目に使える。 Verification needed: yes. 支配範囲、請願・投票の実施範囲、集計方法は原典と別資料で確認する必要がある。
TIME_MEXEMP_0113,1863年7月、Miramónがメキシコへ戻った,draft,2026-06-02,2026-06-02,timeline;chapter2;mexemp;shawcross,1863-07,,month,Gregorian,historical_fact,probable,Miguel Miramónはメキシコへ戻り、帝国へ忠誠を誓い、現地兵部隊を率いるよう説得されたとされる。,SRC_SHAWCROSS_2022_LAST_EMPEROR_MEXICO,Chapter 2 THE ARCHDUKE AND THE PRINCESS / 4 THE MEXICAN CROWN,Kindle PC 113/400ページ,No.1580/7062,スクリーンショット 2026-05-31 13.07.47.png,Miguel Miramón,Miramón return to Mexico,Mexico,Second Mexican Empire;Mexican conservative forces,保守派軍人;帝政参加;現地兵,FACT_MEXEMP_0720;FACT_MEXEMP_0721,Creative use: 保守派大物の帝政合流として使える。 Verification needed: yes. 帰国・忠誠・部隊指揮の一次資料確認が必要。
TIME_MEXEMP_0114,1863年12月17日、UragaがMoreliaを攻撃した,draft,2026-06-02,2026-06-02,timeline;chapter2;mexemp;shawcross,1863-12-17,,day,Gregorian,historical_fact,probable,José López Uragaは約1万2千人を率い、Márquezの守るMoreliaを攻撃した。,SRC_SHAWCROSS_2022_LAST_EMPEROR_MEXICO,Chapter 2 THE ARCHDUKE AND THE PRINCESS / 4 THE MEXICAN CROWN,Kindle PC 113/400ページ,No.1580/7062,スクリーンショット 2026-05-31 13.07.47.png,José López Uraga;Leonardo Márquez,Battle of Morelia,Morelia;Michoacán,republican forces;Mexican conservative forces,市街戦;帝政派対共和派;地方支配,FACT_MEXEMP_0726;FACT_MEXEMP_0727;FACT_MEXEMP_0728;FACT_MEXEMP_0729;FACT_MEXEMP_0730;FACT_MEXEMP_0731;FACT_MEXEMP_0732,Creative use: Moreliaをめぐる大規模市街戦として使える。 Verification needed: yes. 兵力数・損害数・戦闘経過は要検証。
TIME_MEXEMP_0115,1863年12月、MejíaがSan Luis Potosíへ進軍しJuárezがCoahuilaへ退いた,draft,2026-06-02,2026-06-02,timeline;chapter2;mexemp;shawcross,1863-12,,approximate,Gregorian,historical_fact,probable,Morelia戦の数日後、Tomás MejíaはSan Luis Potosíへ進軍し、JuárezはCoahuilaへ退却した。,SRC_SHAWCROSS_2022_LAST_EMPEROR_MEXICO,Chapter 2 THE ARCHDUKE AND THE PRINCESS / 4 THE MEXICAN CROWN,Kindle PC 113/400ページ,No.1580/7062,スクリーンショット 2026-05-31 13.07.47.png,Tomás Mejía;Benito Juárez,Mejía advance on San Luis Potosí;Juárez retreat to Coahuila,San Luis Potosí;Coahuila,Mexican conservative forces;Juárez government,共和派政府移動;北方退却;帝政派攻勢,FACT_MEXEMP_0733;FACT_MEXEMP_0734,Creative use: Juárez政府が北へ追われる連続的危機として使える。 Verification needed: yes. San Luis Potosí退去とCoahuila退却の正確な日付確認が必要。
TIME_MEXEMP_0116,1863年12月末、匿名聖職者書簡がMexico Cityで配布された,draft,2026-06-02,2026-06-02,timeline;chapter2;mexemp;shawcross,1863-12,,end_of_month,Gregorian,primary_testimony,probable,Mexico Cityで、摂政府を非難し教会財産返還を迫る匿名聖職者の書簡が配布された。,SRC_SHAWCROSS_2022_LAST_EMPEROR_MEXICO,Chapter 2 THE ARCHDUKE AND THE PRINCESS / 4 THE MEXICAN CROWN,Kindle PC 113/400ページ,No.1580/7062,スクリーンショット 2026-05-31 13.07.47.png,Archbishop Labastida;unnamed clergymen,anonymous clerical letter in Mexico City,Mexico City,Catholic clergy;Regency Council,教会財産;反摂政府運動;破門,FACT_MEXEMP_0738,Creative use: 首都で密かに反政府文書が拡散する場面として使える。 Verification needed: yes. 書簡原典、配布者、Labastidaの直接関与は要確認。
TIME_MEXEMP_0117,1864年1月20日、Juárezが辞任要求を拒んだ,draft,2026-06-02,2026-06-02,timeline;chapter2;mexemp;shawcross,1864-01-20,,day,Gregorian,primary_testimony,probable,Juárezは批判者に対し、国民から託された地位を選挙または敵の排除以外では放棄しないと反論した。,SRC_SHAWCROSS_2022_LAST_EMPEROR_MEXICO,Chapter 2 THE ARCHDUKE AND THE PRINCESS / 4 THE MEXICAN CROWN,Kindle PC 113/400ページ,No.1580/7062,スクリーンショット 2026-05-31 13.07.47.png,Benito Juárez,Juárez response to resignation pressure,Mexico,Juárez government,共和派正統性;抵抗継続;政治的危機,FACT_MEXEMP_0736,Creative use: Juárezの不退転の政治姿勢を示す書簡場面に使える。 Verification needed: yes. 書簡原文、宛先、引用範囲の確認が必要。
TIME_MEXEMP_0118,1863年12月、Juárez側で離反や辞任要求が生じた,draft,2026-06-02,2026-06-02,timeline;chapter2;mexemp;shawcross,1863-12,,month,Gregorian,historical_fact,probable,Morelia戦とSan Luis Potosíへの圧迫により、Juárez側では離反や辞任要求が生じたとされる。,SRC_SHAWCROSS_2022_LAST_EMPEROR_MEXICO,Chapter 2 THE ARCHDUKE AND THE PRINCESS / 4 THE MEXICAN CROWN,Kindle PC 113/400ページ,No.1580/7062,スクリーンショット 2026-05-31 13.07.47.png,Benito Juárez;José López Uraga;Leonardo Márquez;Tomás Mejía,Juárez political crisis,Morelia;San Luis Potosí;Coahuila,Juárez government;liberal forces;Mexican conservative forces,士気低下;辞任要求;共和派内部不安,FACT_MEXEMP_0735,Creative use: Juárez陣営内部の動揺として使える。 Verification needed: yes. 離反者・辞任要求の具体資料を確認する必要がある。
TIME_MEXEMP_0119,1864年1月16日、NeigreがLabastidaへ警告書簡を送った,draft,2026-06-02,2026-06-02,timeline;chapter2;mexemp;shawcross,1864-01-16,,day,Gregorian,primary_testimony,probable,Neigreは、匿名聖職者書簡をめぐりLabastidaを疑い、彼へ警告書簡を送ったとされる。,SRC_SHAWCROSS_2022_LAST_EMPEROR_MEXICO,Chapter 2 THE ARCHDUKE AND THE PRINCESS / 4 THE MEXICAN CROWN,Kindle PC 116/400ページ,No.1619/7062,スクリーンショット 2026-05-31 13.07.51.png,Charles Louis Camille Neigre;Pelagio Antonio de Labastida y Dávalos,Labastida-Neigre confrontation,Mexico City,French army;Catholic Church,church-state conflict;occupation administration,FACT_MEXEMP_0739;FACT_MEXEMP_0740,Creative use: NeigreとLabastidaの対立開始点として使える。 Verification needed: yes. Neigre書簡の原文・宛先・保存先を確認する必要がある。
TIME_MEXEMP_0120,1864年1月、MaximilianがNapoleon IIIへ帝政支持への期待を書いた,draft,2026-06-02,2026-06-02,timeline;chapter2;mexemp;shawcross,1864-01,,month,Gregorian,primary_testimony,probable,MaximilianはNapoleon IIIに対し、フランス軍の前進によってメキシコ国民の多数がまもなく帝政支持を表明するだろうと書いた。,SRC_SHAWCROSS_2022_LAST_EMPEROR_MEXICO,Chapter 2 THE ARCHDUKE AND THE PRINCESS / 4 THE MEXICAN CROWN,Kindle PC 116/400ページ,No.1619/7062,スクリーンショット 2026-05-31 13.07.51.png,Maximilian;Napoleon III,Maximilian correspondence with Napoleon III,Europe;Mexico,French army,imperial legitimacy;plebiscite;military occupation,FACT_MEXEMP_0748,Creative use: 占領軍前進と民意期待を結びつけるMaximilianの判断として使える。 Verification needed: yes. 書簡原文と支持表明の自由性・代表性を確認する必要がある。
TIME_MEXEMP_0121,1864年1月末、Maximilianが料理人・馬丁・建築家を秘密裏にメキシコへ送った,draft,2026-06-02,2026-06-02,timeline;chapter2;mexemp;shawcross,1864-01,,month_late,Gregorian,historical_fact,probable,Maximilianは1864年1月末頃、料理人、馬丁、建築家を秘密裏にメキシコへ送った。,SRC_SHAWCROSS_2022_LAST_EMPEROR_MEXICO,Chapter 2 THE ARCHDUKE AND THE PRINCESS / 4 THE MEXICAN CROWN,Kindle PC 116/400ページ,No.1619/7062,スクリーンショット 2026-05-31 13.07.51.png,Maximilian,Maximilian’s preparation for Mexico,Mexico;Europe,Maximilian’s household,imperial household;court preparation,FACT_MEXEMP_0750,Creative use: 帝国到着前の宮廷準備の密かな動きとして使える。 Verification needed: yes. 各人物名、出発日、任務内容を確認する必要がある。
TIME_MEXEMP_0122,1864年2月、Almonteが食卓用具購入の必要をMaximilianへ伝えた,draft,2026-06-02,2026-06-02,timeline;chapter2;mexemp;shawcross,1864-02,,month,Gregorian,primary_testimony,probable,AlmonteはMaximilianに対し、四十人分の新しい食卓用具を購入する必要があると伝えた。,SRC_SHAWCROSS_2022_LAST_EMPEROR_MEXICO,Chapter 2 THE ARCHDUKE AND THE PRINCESS / 4 THE MEXICAN CROWN,Kindle PC 116/400ページ,No.1619/7062,スクリーンショット 2026-05-31 13.07.51.png,Juan Nepomuceno Almonte;Maximilian,preparation of imperial household,Mexico;Europe,Maximilian’s household,imperial court;material culture;logistics,FACT_MEXEMP_0752,Creative use: 宮廷儀礼と物資準備の細部として使える。 Verification needed: yes. Almonteの報告原文と食器類の所在を確認する必要がある。
TIME_MEXEMP_0123,1864年3月5日、MaximilianとCarlotaがParisへ到着した,draft,2026-06-02,2026-06-02,timeline;chapter2;mexemp;shawcross,1864-03-05,,day,Gregorian,historical_fact,probable,MaximilianとCarlotaはParisに到着し、Napoleon IIIとEugénieの歓迎を受けた。,SRC_SHAWCROSS_2022_LAST_EMPEROR_MEXICO,Chapter 2 THE ARCHDUKE AND THE PRINCESS / 4 THE MEXICAN CROWN,Kindle PC 116/400ページ,No.1619/7062,スクリーンショット 2026-05-31 13.07.51.png,Maximilian;Carlota;Napoleon III;Eugénie,Paris visit of Maximilian and Carlota,Paris;France,French court,diplomacy;imperial recognition;Treaty of Miramar negotiations,FACT_MEXEMP_0754;FACT_MEXEMP_0755;FACT_MEXEMP_0756,Creative use: Paris宮廷の歓迎と条約交渉の重圧を重ねる場面に使える。 Verification needed: yes. 歓迎の詳細、宮廷記録、新聞報道、交渉日程を確認する必要がある。
TIME_MEXEMP_0124,1864年3月18日、Napoleon IIIがMaximilianへ支援継続を保証した,draft,2026-06-02,2026-06-02,timeline;chapter2;mexemp;shawcross,1864-03-18,,day,Gregorian,primary_testimony,probable,Napoleon III は Maximilian に書簡を送り、フランスの支援は失われないと保証した。,SRC_SHAWCROSS_2022_LAST_EMPEROR_MEXICO,Chapter 2 THE ARCHDUKE AND THE PRINCESS / 4 THE MEXICAN CROWN,Kindle PC 119/400ページ,No.1657/7062,スクリーンショット 2026-05-31 13.07.54.png,Napoleon III;Maximilian,Treaty of Miramar negotiations,France;Mexico,French Empire;Mexican Empire,French support;diplomatic assurance,FACT_MEXEMP_0763,Creative use: Napoleon IIIがMaximilianを安心させようとする場面に使える。 Verification needed: yes. Napoleon IIIの1864年3月18日書簡原文・保存先確認が必要。
TIME_MEXEMP_0125,1864年3月、MaximilianとCarlotaがEnglandを訪問した,draft,2026-06-02,2026-06-02,timeline;chapter2;mexemp;shawcross,1864-03,,month,Gregorian,historical_fact,probable,Paris 滞在後、Maximilian と Carlota は England を訪れ、Leopold I と Queen Victoria に会った。,SRC_SHAWCROSS_2022_LAST_EMPEROR_MEXICO,Chapter 2 THE ARCHDUKE AND THE PRINCESS / 4 THE MEXICAN CROWN,Kindle PC 119/400ページ,No.1657/7062,スクリーンショット 2026-05-31 13.07.54.png,Maximilian;Carlota;Leopold I;Queen Victoria;Marie Amélie,Maximilian and Carlota’s England visit,Paris;England,British monarchy;Belgian monarchy;House of Habsburg,European skepticism;royal networks,FACT_MEXEMP_0764;FACT_MEXEMP_0765;FACT_MEXEMP_0766;FACT_MEXEMP_0767,Creative use: 欧州王室からの懐疑を示す場面に使える。 Verification needed: yes. 訪問日程、Queen Victoria日記、Marie Amélie発言原典の確認が必要。
TIME_MEXEMP_0126,1864年3月、RechbergがMaximilianに継承権放棄署名を求めた,draft,2026-06-02,2026-06-02,timeline;chapter2;mexemp;shawcross,1864-03,,month,Gregorian,historical_fact,probable,Vienna で Rechberg は Maximilian にハプスブルク継承権放棄文書への署名を求めたが、Maximilian は拒否した。,SRC_SHAWCROSS_2022_LAST_EMPEROR_MEXICO,Chapter 2 THE ARCHDUKE AND THE PRINCESS / 4 THE MEXICAN CROWN,Kindle PC 119/400ページ,No.1657/7062,スクリーンショット 2026-05-31 13.07.54.png,Maximilian;Johann Bernhard von Rechberg;Franz Joseph;Carlota,Habsburg succession renunciation dispute,Vienna,Austrian Foreign Ministry;House of Habsburg,dynastic succession;imperial acceptance crisis,FACT_MEXEMP_0768;FACT_MEXEMP_0770;FACT_MEXEMP_0772;FACT_MEXEMP_0773;FACT_MEXEMP_0774;FACT_MEXEMP_0775,Creative use: 華やかな祝宴の翌日に政治的圧力が来る対比に使える。 Verification needed: yes. 署名文書の正式名称、書簡原文、法的効力の確認が必要。
TIME_MEXEMP_0127,1864年3月28日未明、MetternichがEugénieの書簡を受け取った,draft,2026-06-02,2026-06-02,timeline;chapter2;mexemp;shawcross,1864-03-28,,day,Gregorian,historical_fact,probable,3月28日未明、Metternich は Napoleon III の側近に起こされ、Eugénie からの書簡を受け取った。,SRC_SHAWCROSS_2022_LAST_EMPEROR_MEXICO,Chapter 2 THE ARCHDUKE AND THE PRINCESS / 4 THE MEXICAN CROWN,Kindle PC 119/400ページ,No.1657/7062,スクリーンショット 2026-05-31 13.07.54.png,Richard Metternich;Eugénie;Napoleon III,Napoleon III intervention of March 1864,Paris,French Empire;Austrian diplomatic service,crisis diplomacy;imperial correspondence,FACT_MEXEMP_0780;FACT_MEXEMP_0781,Creative use: 深夜の緊急連絡として緊迫感を出せる。 Verification needed: yes. Metternichの行動記録とEugénie書簡原文の確認が必要。
TIME_MEXEMP_0128,1864年3月28日朝、MetternichがTuileriesでNapoleon III夫妻に会った,draft,2026-06-02,2026-06-02,timeline;chapter2;mexemp;shawcross,1864-03-28,,day,Gregorian,historical_fact,probable,同日朝、Metternich は Tuileries に向かい、Napoleon III と Eugénie に会って Maximilian の継承権問題を協議した。,SRC_SHAWCROSS_2022_LAST_EMPEROR_MEXICO,Chapter 2 THE ARCHDUKE AND THE PRINCESS / 4 THE MEXICAN CROWN,Kindle PC 119/400ページ,No.1657/7062,スクリーンショット 2026-05-31 13.07.54.png,Richard Metternich;Napoleon III;Eugénie;Maximilian,Napoleon III intervention of March 1864;Habsburg succession renunciation dispute,Tuileries;Paris,French Empire;Austrian diplomatic service;House of Habsburg,Franco-Austrian relations;crisis diplomacy,FACT_MEXEMP_0782;FACT_MEXEMP_0783;FACT_MEXEMP_0784;FACT_MEXEMP_0785,Creative use: 家族問題が外交危機化する場面に使える。 Verification needed: yes. Tuileries会談記録とMetternich側報告の一次確認が必要。
TIME_MEXEMP_0129,1864年3月28日、Napoleon IIIがMaximilianへ書簡と電報を送った,draft,2026-06-02,2026-06-02,timeline;chapter2;mexemp;shawcross,1864-03-28,,day,Gregorian,primary_testimony,probable,Napoleon III は Maximilian の即時決断を避けさせるため、Maximilian へ書簡と電報を送った。,SRC_SHAWCROSS_2022_LAST_EMPEROR_MEXICO,Chapter 2 THE ARCHDUKE AND THE PRINCESS / 4 THE MEXICAN CROWN,Kindle PC 119/400ページ,No.1657/7062,スクリーンショット 2026-05-31 13.07.54.png,Napoleon III;Maximilian,Napoleon III intervention of March 1864;Mexican crown acceptance crisis,Paris;Miramar,French Empire;Mexican Empire;House of Habsburg,diplomatic pressure;imperial acceptance,FACT_MEXEMP_0786,Creative use: 次画像へ続く緊迫した電報場面として使える。 Verification needed: yes. 電報全文は次画像で接続確認が必要。
TIME_MEXEMP_0130,1864年3月28日、Napoleon IIIがMaximilianの即時辞退を止めた,draft,2026-06-02,2026-06-02,timeline;chapter2;mexemp;shawcross,1864-03-28,,day,Gregorian,primary_testimony,probable,Napoleon IIIはMaximilianの即時辞退を止めるため、書簡・電報・Frossard派遣によって翻意を迫り、Maximilianはメキシコ代表団との接見を延期した。,SRC_SHAWCROSS_2022_LAST_EMPEROR_MEXICO,Chapter 2 THE ARCHDUKE AND THE PRINCESS / 4 THE MEXICAN CROWN,Kindle PC 122/400ページ,No.1701/7062,スクリーンショット 2026-05-31 13.07.58.png,Napoleon III;Maximilian;General Charles de Frossard;Mexican deputation,Mexican crown crisis,Paris;Miramar,French Empire;Mexican deputation,diplomatic pressure;honour;imperial commitment,FACT_MEXEMP_0787;FACT_MEXEMP_0788;FACT_MEXEMP_0790;FACT_MEXEMP_0791,Creative use: 王冠辞退直前に電報で流れが止まる場面として使える。 Verification needed: yes.
TIME_MEXEMP_0131,1864年3月30日、FrossardがMiramarに到着した,draft,2026-06-02,2026-06-02,timeline;chapter2;mexemp;shawcross,1864-03-30,,inferred_day,Gregorian,historical_fact,probable,Napoleon IIIの電報から二日後、General Charles de FrossardがMiramarへ到着し、Napoleon IIIの書簡をMaximilianに手渡した。,SRC_SHAWCROSS_2022_LAST_EMPEROR_MEXICO,Chapter 2 THE ARCHDUKE AND THE PRINCESS / 4 THE MEXICAN CROWN,Kindle PC 122/400ページ,No.1701/7062,スクリーンショット 2026-05-31 13.07.58.png,General Charles de Frossard;Napoleon III;Maximilian;Carlota,Miramar crisis,Miramar;Paris,French Empire,messenger;diplomatic pressure;honour,FACT_MEXEMP_0792,Creative use: 使者到着による局面転換として使える。 Verification needed: yes.
TIME_MEXEMP_0132,1864年4月、CarlotaがViennaでFranz Josephと交渉した,draft,2026-06-02,2026-06-02,timeline;chapter2;mexemp;shawcross,1864-04,,month,Gregorian,historical_fact,probable,CarlotaはViennaへ赴き、Franz JosephとMaximilianの継承権放棄条件について3時間以上議論したが、追加譲歩を得られなかった。,SRC_SHAWCROSS_2022_LAST_EMPEROR_MEXICO,Chapter 2 THE ARCHDUKE AND THE PRINCESS / 4 THE MEXICAN CROWN,Kindle PC 122/400ページ,No.1701/7062,スクリーンショット 2026-05-31 13.07.58.png,Carlota;Franz Joseph;Maximilian;Leopold I,Habsburg succession renunciation,Vienna,Habsburg dynasty;Belgian monarchy,dynastic negotiation;Carlota's role;compromise failure,FACT_MEXEMP_0799;FACT_MEXEMP_0800;FACT_MEXEMP_0801,Creative use: Carlotaの交渉能力と限界を描く場面。 Verification needed: yes.
TIME_MEXEMP_0133,1864年4月8日、Maximilianがメキシコ皇帝冠受諾を決めた,draft,2026-06-02,2026-06-02,timeline;chapter2;mexemp;shawcross,1864-04-08,,day,Gregorian,historical_fact,probable,Maximilianは、Napoleon IIIの圧力とCarlotaの働きかけを受け、メキシコ皇帝冠を受諾する決断をした。,SRC_SHAWCROSS_2022_LAST_EMPEROR_MEXICO,Chapter 2 THE ARCHDUKE AND THE PRINCESS / 4 THE MEXICAN CROWN,Kindle PC 122/400ページ,No.1701/7062,スクリーンショット 2026-05-31 13.07.58.png,Maximilian;Carlota;Napoleon III,Mexican crown acceptance,Miramar;Paris;Mexico,Mexican Empire;French Empire,acceptance;imperial legitimacy;pressure,FACT_MEXEMP_0802;FACT_MEXEMP_0803;FACT_MEXEMP_0804;FACT_MEXEMP_0805,Creative use: 最終決断の日として章の山場に使える。 Verification needed: yes.
TIME_MEXEMP_0134,1864年4月9日、Maximilianがハプスブルク継承権を放棄した,draft,2026-06-02,2026-06-02,timeline;chapter2;mexemp;shawcross,1864-04-09,,day,Gregorian,historical_fact,probable,Franz JosephはMiramarを訪れ、Maximilianと長時間議論した後、Maximilianはハプスブルク継承権を放棄する文書に署名した。,SRC_SHAWCROSS_2022_LAST_EMPEROR_MEXICO,Chapter 2 THE ARCHDUKE AND THE PRINCESS / 4 THE MEXICAN CROWN,Kindle PC 122/400ページ,No.1701/7062,スクリーンショット 2026-05-31 13.07.58.png,Franz Joseph;Maximilian,Habsburg succession renunciation,Miramar;Austria,Habsburg dynasty,dynastic renunciation;inheritance;sacrifice,FACT_MEXEMP_0806;FACT_MEXEMP_0807;FACT_MEXEMP_0808,Creative use: Maximilianが帰る場所を失う場面として使える。 Verification needed: yes.
TIME_MEXEMP_0135,1864年4月10日、メキシコ代表団がMiramarへ戻った,draft,2026-06-02,2026-06-02,timeline;chapter2;mexemp;shawcross,1864-04-10,,day,Gregorian,historical_fact,probable,メキシコ代表団はMiramarへ戻り、MaximilianはCarlotaとともに代表団を迎え、正式な王冠受諾儀礼へ進んだ。,SRC_SHAWCROSS_2022_LAST_EMPEROR_MEXICO,Chapter 2 THE ARCHDUKE AND THE PRINCESS / 4 THE MEXICAN CROWN,Kindle PC 122/400ページ,No.1701/7062,スクリーンショット 2026-05-31 13.07.58.png,Maximilian;Carlota;Mexican deputation,Mexican crown acceptance,Miramar;Mexico,Mexican deputation;Mexican Empire,formal acceptance;legitimacy;ceremony,FACT_MEXEMP_0809;FACT_MEXEMP_0810,Creative use: 受諾儀礼の開始場面として使える。 Verification needed: yes.
TIME_MEXEMP_0142,1864年5月28日、NovaraがVeracruzへ接近した,draft,2026-06-02,2026-06-02,timeline;chapter2;mexemp;shawcross,1864-05-28,,day,Gregorian,historical_fact,probable,NovaraはVeracruzへ接近し、MaximilianとCarlotaは初めてメキシコを視認した。,SRC_SHAWCROSS_2022_LAST_EMPEROR_MEXICO,Chapter 2 THE ARCHDUKE AND THE PRINCESS / 5 EMPEROR AND EMPRESS,Kindle PC 128/400ページ,No.1777/7062,スクリーンショット 2026-05-31 13.08.05.png,Maximilian;Carlota,Arrival of Maximilian and Carlota at Veracruz,Veracruz;Orizaba,Novara;Mexican Empire,arrival in Mexico;imperial legitimacy,FACT_MEXEMP_0835;FACT_MEXEMP_0836;FACT_MEXEMP_0837,Creative use: 新王国との初対面を不吉な沿岸風景から始める場面に使える。 Verification needed: yes. Caution: 到着日・視認時刻・航海記録は別途確認。
TIME_MEXEMP_0143,1864年5月28日、NovaraがVeracruz沖へ停泊し礼砲が鳴った,draft,2026-06-02,2026-06-02,timeline;chapter2;mexemp;shawcross,1864-05-28,,day,Gregorian,historical_fact,uncertain,Novaraは午後2時にVeracruz沖へ停泊し、101門の礼砲で到着が告げられた。,SRC_SHAWCROSS_2022_LAST_EMPEROR_MEXICO,Chapter 2 THE ARCHDUKE AND THE PRINCESS / 5 EMPEROR AND EMPRESS,Kindle PC 128/400ページ,No.1777/7062,スクリーンショット 2026-05-31 13.08.05.png,Maximilian;Carlota;Juan Nepomuceno Almonte,Novara anchoring off Veracruz,Veracruz,Novara;Mexican Empire,arrival in Mexico;failed ceremonial welcome;yellow fever,FACT_MEXEMP_0838;FACT_MEXEMP_0839;FACT_MEXEMP_0840;FACT_MEXEMP_0841,Creative use: 礼砲と無人に近い港の対比で形式と実質の乖離を示せる。 Verification needed: yes. Caution: 停泊時刻、礼砲数、砦の名称、港の状況を別途確認。
TIME_MEXEMP_0144,1864年5月28日夜、AlmonteがVeracruzへ到着し夫妻を迎えた,draft,2026-06-02,2026-06-02,timeline;chapter2;mexemp;shawcross,1864-05-28,,day,Gregorian,historical_fact,probable,Almonteは同日夜にVeracruzへ到着し、MaximilianとCarlotaへの正式な挨拶を行ったが、夫妻はその夜Novaraに留まった。,SRC_SHAWCROSS_2022_LAST_EMPEROR_MEXICO,Chapter 2 THE ARCHDUKE AND THE PRINCESS / 5 EMPEROR AND EMPRESS,Kindle PC 128/400ページ,No.1777/7062,スクリーンショット 2026-05-31 13.08.05.png,Juan Nepomuceno Almonte;Maximilian;Carlota;French naval commander at Veracruz;Achille Bazaine,Formal greeting by Almonte;French naval warning at Veracruz,Veracruz;Mexico City,Novara;French navy at Veracruz;French army;Mexican Empire,failed ceremonial welcome;French occupation;yellow fever;republican resistance,FACT_MEXEMP_0842;FACT_MEXEMP_0843;FACT_MEXEMP_0844;FACT_MEXEMP_0845;FACT_MEXEMP_0846;FACT_MEXEMP_0847;FACT_MEXEMP_0848;FACT_MEXEMP_0849;FACT_MEXEMP_0850,Creative use: 遅れて整う儀礼と船上に留まる夫妻の不安を並置できる。 Verification needed: yes. Caution: Almonte到着時刻、挨拶内容、船上滞在理由を別途確認。
TIME_MEXEMP_0145,1864年5月29日早朝、Maximilian夫妻がVeracruzへ上陸した,draft,2026-06-02,2026-06-02,timeline;chapter2;mexemp;shawcross,1864-05-29,,day,Gregorian,historical_fact,uncertain,早朝、MaximilianとCarlotaはVeracruzへ上陸し、空虚な街路を馬車で進んで鉄道駅へ向かった。,SRC_SHAWCROSS_2022_LAST_EMPEROR_MEXICO,Chapter 2 THE ARCHDUKE AND THE PRINCESS / 5 EMPEROR AND EMPRESS,Kindle PC 128/400ページ,No.1777/7062,スクリーンショット 2026-05-31 13.08.05.png,Maximilian;Carlota;Benito Juárez;veracruzanos,Veracruz landing of Maximilian and Carlota,Veracruz,Juárez constitutional government;Conservative Party;French army;Mexican Empire,failed ceremonial welcome;Mexican popular support;republican resistance;foreign intervention,FACT_MEXEMP_0851;FACT_MEXEMP_0852;FACT_MEXEMP_0853;FACT_MEXEMP_0854,Creative use: 空虚な街路、未完成の凱旋門、Carlotaの動揺を帝政開始の冷たい拒絶として描ける。 Verification needed: yes. Caution: 上陸記録、住民反応、凱旋門準備状況、Carlota反応の原資料を確認。
TIME_MEXEMP_0146,1864年5月29日、Maximilian夫妻がMexico City方面への移動を始めた,draft,2026-06-02,2026-06-02,timeline;chapter2;mexemp;shawcross,1864-05-29,,day,Gregorian,historical_fact,probable,MaximilianとCarlotaはVeracruzの鉄道駅からMexico City方面への移動を開始した。,SRC_SHAWCROSS_2022_LAST_EMPEROR_MEXICO,Chapter 2 THE ARCHDUKE AND THE PRINCESS / 5 EMPEROR AND EMPRESS,Kindle PC 128/400ページ,No.1777/7062,スクリーンショット 2026-05-31 13.08.05.png,Maximilian;Carlota,Start of journey toward Mexico City,Veracruz;Mexico City;state of Veracruz,French troops;French army;Mexican imperial court;Mexican Empire,military infrastructure;courtly retinue;French occupation,FACT_MEXEMP_0855;FACT_MEXEMP_0856,Creative use: 軍用鉄道と80人規模の随行団で欧州宮廷と占領地の現実のズレを示せる。 Verification needed: yes. Caution: 鉄道の到達地点、運用目的、随行団80人の内訳は要確認。
TIME_MEXEMP_0157,1864年7月、Maximilianが帝国政府の運営へ注意を向けた,draft,2026-06-03,2026-06-03,timeline;chapter2;mexemp;shawcross,1864-07,,month,Gregorian,historical_fact,probable,Maximilianは居所と宮廷を整えた後、1864年7月に帝国政府の運営へ本格的に注意を向けたとされる。,SRC_SHAWCROSS_2022_LAST_EMPEROR_MEXICO,Chapter 2 THE ARCHDUKE AND THE PRINCESS / 5 EMPEROR AND EMPRESS,Kindle PC 141/400ページ,No.1970/7062,スクリーンショット 2026-05-31 13.08.21.png,Maximilian,Formation of Maximilian's government,Mexico,Mexican imperial government,government formation;imperial administration,FACT_MEXEMP_0979;FACT_MEXEMP_0980;FACT_MEXEMP_0981;FACT_MEXEMP_0985,Creative use: 宮廷整備から実務政治への転換点として使える。 Verification needed: yes. Caution: 政府運営への本格着手日、閣僚任命日、会議記録を要確認。
TIME_MEXEMP_0158,1864年8月、CarlotaがChapultepecで孤独を訴えた,draft,2026-06-03,2026-06-03,timeline;chapter2;mexemp;shawcross,1864-08,,month,Gregorian,primary_testimony,probable,Maximilianが首都を離れた最初の旅行中、CarlotaはChapultepecに残り、孤独や体調不良をMaximilian宛書簡で訴えたとされる。,SRC_SHAWCROSS_2022_LAST_EMPEROR_MEXICO,Chapter 2 THE ARCHDUKE AND THE PRINCESS / 5 EMPEROR AND EMPRESS,Kindle PC 141/400ページ,No.1970/7062,スクリーンショット 2026-05-31 13.08.21.png,Maximilian;Carlota,Maximilian's first trip away from the capital,Chapultepec;Mexico City,Mexican imperial court,Carlota's loneliness;imperial marriage;private correspondence,FACT_MEXEMP_0972,Creative use: 雨季のChapultepecで孤独を深めるCarlotaの場面に使える。 Verification needed: yes. Caution: 書簡原文、日付、旅行先、旅行目的を要確認。
TIME_MEXEMP_0168,1864年10月、MaximilianがMoreliaへ入ったとされる,draft,2026-06-03,2026-06-03,timeline;chapter2;mexemp;shawcross,1864-10,,month,Gregorian,historical_fact,probable,Maximilianは1864年10月、charro風衣装をまとってMichoacán州都Moreliaへ入ったとされる。,SRC_SHAWCROSS_2022_LAST_EMPEROR_MEXICO,Chapter 2 THE ARCHDUKE AND THE PRINCESS / 5 EMPEROR AND EMPRESS,Kindle PC 150/400ページ,No.2093/7062,スクリーンショット 2026-05-31 13.08.35.png,Maximilian,Maximilian's provincial tour;Morelia visit,Morelia;Michoacán,,provincial_tour;political_costume;imperial_legitimacy,FACT_MEXEMP_1072,Creative use: Morelia入城場面の時期設定に使える。華やかな衣装と不安定な治安を対比できる。 Verification needed: yes. Caution: Morelia訪問の正確な日付、群衆構成、治安状況、MárquezとUragaの対立事件は要確認。
TIME_MEXEMP_0172,1864年12月、papal nuncioがMexicoに到着したとされる,draft,2026-06-03,2026-06-03,timeline;chapter2;mexemp;shawcross,1864-12,,month,Gregorian,historical_fact,probable,papal nuncioがメキシコに到着し、Maximilianは宗教問題と教会土地問題をめぐる教皇庁との調整に直面したとされる。,SRC_SHAWCROSS_2022_LAST_EMPEROR_MEXICO,Chapter 2 THE ARCHDUKE AND THE PRINCESS / 5 EMPEROR AND EMPRESS,Kindle PC 155/400ページ,No.2175/7062,スクリーンショット 2026-05-31 13.08.42.png,Maximilian;papal nuncio;pope,papal nuncio arrival in Mexico,Mexico,Catholic Church;papacy,church-state conflict;concordat;church lands,FACT_MEXEMP_1120;FACT_MEXEMP_1121;FACT_MEXEMP_1123,Creative use: 帝国初期の宗教交渉開始点として使える。 Verification needed: yes. Caution: papal nuncioの氏名、正式到着日、任務内容、concordat案、教会土地問題の具体的法令を確認する。
TIME_MEXEMP_0173,1864年4月4日、米国側でメキシコ情勢に関する決議が採択されたとされる,draft,2026-06-03,2026-06-03,timeline;chapter2;mexemp;shawcross,1864-04-04,,day,Gregorian,primary_testimony,probable,米国議会関係者は、メキシコ情勢に無関心ではなく、欧州列強の後援による米州の君主政樹立を容認しない趣旨の決議を採択したとされる。,SRC_SHAWCROSS_2022_LAST_EMPEROR_MEXICO,Chapter 2 THE ARCHDUKE AND THE PRINCESS / 5 EMPEROR AND EMPRESS,Kindle PC 155/400ページ,No.2175/7062,スクリーンショット 2026-05-31 13.08.42.png,,US congressional resolution on Mexico;American Civil War,United States;Republic of Mexico,United States House of Representatives,US foreign policy;anti-European intervention;republicanism,FACT_MEXEMP_1130;FACT_MEXEMP_1131;FACT_MEXEMP_1132,Creative use: 米国の対メキシコ帝政警告として使える。 Verification needed: yes. Caution: 決議の正式名称、採択機関、文言、法的効果、Lincoln政権の実際の外交方針との関係を確認する。
TIME_MEXEMP_0174,1864年12月、Francesco MegliaがVeracruzからMexico Cityへ向かったとされる,draft,2026-06-03,2026-06-03,timeline;chapter2;mexemp;shawcross,1864-12,,month,Gregorian,historical_fact,probable,Papal nuncio Francesco MegliaがVeracruzからMexico Cityへ向かい、Maximilianは首都到着時に手厚い歓迎儀礼を用意したとされる。,SRC_SHAWCROSS_2022_LAST_EMPEROR_MEXICO,Chapter 2 THE ARCHDUKE AND THE PRINCESS / 6 LIBERAL EMPIRE,Kindle PC 157/400ページ,No.2191/7062,スクリーンショット 2026-05-31 13.08.46.png,Francesco Meglia;Maximilian;unnamed Swedish envoy,Francesco Megliaのメキシコ到着,Veracruz;Mexico City,Papacy;Mexican Empire,papal diplomacy;court ritual;church-state conflict,FACT_MEXEMP_1138;FACT_MEXEMP_1139;FACT_MEXEMP_1140;FACT_MEXEMP_1141;FACT_MEXEMP_1142,Creative use: 泥濘の道と首都での過剰な儀礼を対比し、帝政の現実と演出の落差を描ける。 Verification needed: yes. Caution: Megliaの正式到着日、Swedish envoyの原典、歓迎儀礼プログラムを確認する。
TIME_MEXEMP_0175,1864年12月、Pope Pius IXがSyllabus of Errorsで自由主義的価値を非難したとされる,draft,2026-06-03,2026-06-03,timeline;chapter2;mexemp;shawcross,1864-12,,month,Gregorian,historical_fact,probable,MegliaがMexico Cityへ到着した翌日、Pope Pius IXはSyllabus of Errorsとして知られる文書で自由主義的価値を非難したとShawcrossは述べる。,SRC_SHAWCROSS_2022_LAST_EMPEROR_MEXICO,Chapter 2 THE ARCHDUKE AND THE PRINCESS / 6 LIBERAL EMPIRE,Kindle PC 157/400ページ,No.2191/7062,スクリーンショット 2026-05-31 13.08.46.png,Pope Pius IX;Francesco Meglia,Syllabus of Errors,Rome;Mexico City,Catholic Church;Papacy,anti-liberal Catholic doctrine;freedom of worship,FACT_MEXEMP_1144;FACT_MEXEMP_1145;FACT_MEXEMP_1146,Creative use: Maximilianの自由主義的帝国構想とローマの反自由主義的姿勢が正面衝突する節目として使える。 Verification needed: yes. Caution: Syllabus of Errorsの発布日、Quanta Curaとの関係、Meglia到着との時系列を確認する。
TIME_MEXEMP_0176,1864年12月23日、MaximilianはCarlotaをMegliaへ送ったとされる,draft,2026-06-03,2026-06-03,timeline;chapter2;mexemp;shawcross,1864-12-23,,day,Gregorian,historical_fact,probable,MaximilianはCarlotaをMegliaへ送り、交渉しなければJuárezの法律を確認する布告を出すという最後通牒を伝えさせたとされる。,SRC_SHAWCROSS_2022_LAST_EMPEROR_MEXICO,Chapter 2 THE ARCHDUKE AND THE PRINCESS / 6 LIBERAL EMPIRE,Kindle PC 157/400ページ,No.2191/7062,スクリーンショット 2026-05-31 13.08.46.png,Maximilian;Carlota;Francesco Meglia,1864年12月23日の最後通牒,Mexico City,Mexican Empire;Papacy,church-state conflict;Juárez laws,FACT_MEXEMP_1155;FACT_MEXEMP_1156;FACT_MEXEMP_1157;FACT_MEXEMP_1158;FACT_MEXEMP_1159;FACT_MEXEMP_1160,Creative use: 皇帝本人が正面衝突を避け、皇后を外交的圧力の担い手にする緊張場面として使える。 Verification needed: yes. Caution: 会談記録、最後通牒の文言、Meglia発言の出典を確認する。
TIME_MEXEMP_0177,1864年12月27日、Maximilianは信教の自由などを布告したとされる,draft,2026-06-03,2026-06-03,timeline;chapter2;mexemp;shawcross,1864-12-27,,day,Gregorian,historical_fact,probable,Maximilianは信教の自由、教会財産売却の確認、Juárez改革の多くの受容を布告したとされる。,SRC_SHAWCROSS_2022_LAST_EMPEROR_MEXICO,Chapter 2 THE ARCHDUKE AND THE PRINCESS / 6 LIBERAL EMPIRE,Kindle PC 157/400ページ,No.2191/7062,スクリーンショット 2026-05-31 13.08.46.png,Maximilian;Benito Juárez;Labastida,1864年12月27日の宗教政策布告,Mexico,Mexican Empire;Catholic Church,freedom of worship;church lands;Juárez reforms;liberal empire,FACT_MEXEMP_1161;FACT_MEXEMP_1162;FACT_MEXEMP_1163;FACT_MEXEMP_1164,Creative use: Maximilianがリベラルな皇帝として立つ一方、帝政の保守的支柱を損なう転換点として扱える。 Verification needed: yes. Caution: 布告の正式名称・条文、Labastida書簡原文、教会側反応を確認する。
TIME_MEXEMP_0178,1865年1月、CarlotaはEugenieへ情勢悪化を書いたとされる,draft,2026-06-03,2026-06-03,timeline;chapter2;mexemp;shawcross,1865-01,,month,Gregorian,primary_testimony,uncertain,CarlotaはEugenieへの書簡で、12月27日の布告後に情勢が激しく揺れたことを伝えたとされる。,SRC_SHAWCROSS_2022_LAST_EMPEROR_MEXICO,Chapter 2 THE ARCHDUKE AND THE PRINCESS / 6 LIBERAL EMPIRE,Kindle PC 157/400ページ,No.2191/7062,スクリーンショット 2026-05-31 13.08.46.png,Carlota;Eugenie,CarlotaのEugenie宛書簡,Mexico,Mexican Empire;French Empire,imperial crisis;clerical backlash,FACT_MEXEMP_1165,Creative use: 布告後の宮廷内の危機感と、フランス宮廷への説明をつなぐ書簡場面として使える。 Verification needed: yes. Caution: 45枚目末尾で文が次画像へ続くため、46枚目で接続確認する。
TIME_MEXEMP_0179,1865年1月、CarlotaはMeglia到着後の危機をEugenieへ書いたとされる,draft,2026-06-03,2026-06-03,timeline;chapter2;mexemp;shawcross,1865-01,,month,Gregorian,primary_testimony,probable,CarlotaはEugenie宛書簡で、Meglia到着後のMexicoが危機に入り、Labastidaを情勢悪化の背後に見ている趣旨を書いたとされる。,SRC_SHAWCROSS_2022_LAST_EMPEROR_MEXICO,Chapter 2 THE ARCHDUKE AND THE PRINCESS / 6 LIBERAL EMPIRE,Kindle PC 159/400ページ,No.2229/7062,スクリーンショット 2026-05-31 13.08.49.png,Carlota;Eugenie;Labastida;Francesco Meglia,conflict over church policy,Mexico City,Catholic Church;Mexican clergy,church-state conflict;conservative backlash;imperial crisis,FACT_MEXEMP_1167;FACT_MEXEMP_1168;FACT_MEXEMP_1169;FACT_MEXEMP_1170,Creative use: Carlotaが宮廷外交の相手に危機感を吐露する場面として利用可能。 Verification needed: yes. Caution: 書簡の原文・日付・所蔵、Labastidaを危機の背後と見る判断の妥当性を確認する。
TIME_MEXEMP_0180,1865年7月、Imperial Academy開会式でMaximilianがMexicoの伝統を語り始めたとされる,draft,2026-06-03,2026-06-03,timeline;chapter2;mexemp;shawcross,1865-07,,month,Gregorian,historical_fact,probable,Imperial Academy of Sciences and Literatureのinaugurationで、MaximilianはMexicoの伝統について語り始めたとされる。ただし演説内容は次画像へ続く。,SRC_SHAWCROSS_2022_LAST_EMPEROR_MEXICO,Chapter 2 THE ARCHDUKE AND THE PRINCESS / 6 LIBERAL EMPIRE,Kindle PC 159/400ページ,No.2229/7062,スクリーンショット 2026-05-31 13.08.49.png,Maximilian,inauguration of the Imperial Academy of Sciences and Literature,Mexico City,Imperial Academy of Sciences and Literature,cultural nation-building;imperial legitimacy,FACT_MEXEMP_1202;FACT_MEXEMP_1203,Creative use: Maximilianが帝国に文化的権威を与えようとする場面として利用可能。 Verification needed: yes. Caution: 開会式日、正式名称、演説全文は要確認。演説内容は次画像へ続く。
TIME_MEXEMP_0181,1865年9月16日、Maximilianは独立記念日にMexicoへの忠誠を演説したとされる,draft,2026-06-03,2026-06-03,timeline;chapter2;mexemp;shawcross,1865-09-16,,inferred_day,Gregorian,primary_testimony,probable,1865年のメキシコ独立記念日に、MaximilianはMexico Cityの中央広場で軍を閲兵し、Mexicoへの忠誠と献身を強調する演説を行ったとされる。,SRC_SHAWCROSS_2022_LAST_EMPEROR_MEXICO,Chapter 2 THE ARCHDUKE AND THE PRINCESS / 6 LIBERAL EMPIRE,Kindle PC 159/400ページ,No.2229/7062,スクリーンショット 2026-05-31 13.08.49.png,Maximilian,Mexican Independence anniversary speech of 1865,Mexico City,Mexican Empire,imperial legitimacy;Mexican identity;public ceremony,FACT_MEXEMP_1201,Creative use: Maximilianが自らをMexicoへ捧げる君主として演出する象徴場面に使える。 Verification needed: yes. Caution: 日付1865-09-16は画像上の直接表記ではなく、メキシコ独立記念日からの推定日として扱う。演説全文・場所は要確認。
TIME_MEXEMP_0182,1865年7月、MaximilianはImperial Academy開会式でMexico古代文明を称揚したとされる,draft,2026-06-03,2026-06-03,timeline;chapter2;mexemp;shawcross,1865-07,,month,Gregorian,primary_testimony,probable,Imperial Academy of Sciences and Literatureの開会式で、MaximilianはMexicoの古代遺跡・Aztec calendarなどを称揚し、Mexicoの科学と芸術の新時代を語ったとされる。,SRC_SHAWCROSS_2022_LAST_EMPEROR_MEXICO,Chapter 2 THE ARCHDUKE AND THE PRINCESS / 6 LIBERAL EMPIRE,Kindle PC 162/400ページ,No.2271/7062,スクリーンショット 2026-05-31 13.08.53.png,Maximilian,Imperial Academy inauguration,Mexico;Teotihuacán;Uxmal,Imperial Academy of Sciences and Literature,cultural legitimacy;science;art;ancient Mexico,FACT_MEXEMP_1204;FACT_MEXEMP_1205;FACT_MEXEMP_1209,Creative use: 外国人皇帝がMexicoの古代文明を帝国正統化に取り込む演説場面として使える。 Verification needed: yes. Caution: 演説全文・正確な日付は要確認。
TIME_MEXEMP_0183,1850年代、自由主義改革は共有地問題の背景として説明される,draft,2026-06-03,2026-06-03,timeline;chapter2;mexemp;shawcross,1850s,,decade,Gregorian,historical_fact,probable,Mexicoの自由主義改革は、教会財産問題だけでなく、共同体的村落土地保有を違法化し、先住民村落の共有地問題を生んだ背景として説明される。,SRC_SHAWCROSS_2022_LAST_EMPEROR_MEXICO,Chapter 2 THE ARCHDUKE AND THE PRINCESS / 6 LIBERAL EMPIRE,Kindle PC 162/400ページ,No.2271/7062,スクリーンショット 2026-05-31 13.08.53.png,Benito Juárez,Juárez reforms,Mexico,Catholic Church;Mexican liberals,church lands;communal land;liberal reform;indigenous villages,FACT_MEXEMP_1211;FACT_MEXEMP_1212,Creative use: Maximilianの先住民土地政策を、Juárez改革への単純な反動ではなく、自由主義改革の副作用への対応として描ける。 Verification needed: yes. Caution: Ley Lerdo等との対応関係を要確認。
TIME_MEXEMP_0184,1865年1月、BazaineはOaxacaを包囲した,draft,2026-06-03,2026-06-03,timeline;chapter2;mexemp;shawcross,1865-01,,month,Gregorian,historical_fact,probable,Achille Bazaine took command of the Oaxaca campaign and placed the city under siege.,SRC_SHAWCROSS_2022_LAST_EMPEROR_MEXICO,Chapter 2 THE ARCHDUKE AND THE PRINCESS / 6 LIBERAL EMPIRE,Kindle PC 168/400ページ,No.2354/7062,スクリーンショット 2026-05-31 13.08.58.png,Achille Bazaine;Porfirio Díaz,Siege of Oaxaca,Oaxaca,French army;Republic of Mexico,military campaign;republican resistance,FACT_MEXEMP_1281;FACT_MEXEMP_1282;FACT_MEXEMP_1283;FACT_MEXEMP_1284,Creative use: BazaineとDíazの軍事的対決の時系列軸になる。 Verification needed: yes. Caution: 包囲開始日・降伏日・指揮系統は別史料で確認する。
TIME_MEXEMP_0185,1865年5月、Danoがメキシコに到着した,draft,2026-06-03,2026-06-03,timeline;chapter2;mexemp;shawcross,1865-05,,month,Gregorian,historical_fact,probable,"French envoy Alphonse Dano arrived in Mexico, with the task of reporting comprehensively on the empire.",SRC_SHAWCROSS_2022_LAST_EMPEROR_MEXICO,Chapter 2 THE ARCHDUKE AND THE PRINCESS / 6 LIBERAL EMPIRE,Kindle PC 168/400ページ,No.2354/7062,スクリーンショット 2026-05-31 13.08.58.png,Alphonse Dano;Maximilian;Carlota,French intervention in Mexico,Mexico;Mexico City,French Empire,diplomacy;French oversight,FACT_MEXEMP_1262;FACT_MEXEMP_1263;FACT_MEXEMP_1264;FACT_MEXEMP_1265;FACT_MEXEMP_1266,Creative use: Franceによる帝国監視の強化を示す時点として使える。 Verification needed: yes. Caution: Danoの正式肩書・着任日・報告文書を確認する。
TIME_MEXEMP_0186,1865年夏、Napoleon IIIはLanglaisを財政改革に派遣した,draft,2026-06-03,2026-06-03,timeline;chapter2;mexemp;shawcross,1865-summer,,season,Gregorian,historical_fact,probable,Napoleon III sent Jacques Langlais to reform the Mexican treasury.,SRC_SHAWCROSS_2022_LAST_EMPEROR_MEXICO,Chapter 2 THE ARCHDUKE AND THE PRINCESS / 6 LIBERAL EMPIRE,Kindle PC 168/400ページ,No.2354/7062,スクリーンショット 2026-05-31 13.08.58.png,Napoleon III;Jacques Langlais,French financial intervention,Mexico;France,Mexican treasury;French Empire,finance;foreign control,FACT_MEXEMP_1271,Creative use: 財政改革・外部統制の導入場面として使える。 Verification needed: yes. Caution: Langlaisの正式役職、任命経緯、報酬額を確認する。
TIME_MEXEMP_0187,1865年8月、フランス外相はMaximilian政権の危機を批判した,draft,2026-06-03,2026-06-03,timeline;chapter2;mexemp;shawcross,1865-08,,month,Gregorian,primary_testimony,probable,"The French foreign minister criticized the gap between Maximilian’s courtly and reformist intentions and the continuing crisis in Mexico’s government, finance, administration, and military situation.",SRC_SHAWCROSS_2022_LAST_EMPEROR_MEXICO,Chapter 2 THE ARCHDUKE AND THE PRINCESS / 6 LIBERAL EMPIRE,Kindle PC 168/400ページ,No.2354/7062,スクリーンショット 2026-05-31 13.08.58.png,Napoleon III;Maximilian,French intervention in Mexico,France;Mexico,French Empire,administrative crisis;finance;military burden,FACT_MEXEMP_1273;FACT_MEXEMP_1274,Creative use: フランス政府内の失望が明確化する時点として使える。 Verification needed: yes. Caution: 外相文書の原文・宛先・日付を確認する。
TIME_MEXEMP_0188,1863年末、Bazaineは前妻の死を知った,draft,2026-06-03,2026-06-03,timeline;chapter2;mexemp;shawcross,1863,,late_year,Gregorian,historical_fact,probable,"While on campaign near the end of 1863, Achille Bazaine received news that his wife of fifteen years had died.",SRC_SHAWCROSS_2022_LAST_EMPEROR_MEXICO,Chapter 2 THE ARCHDUKE AND THE PRINCESS / 6 LIBERAL EMPIRE,Kindle PC 170/400ページ,No.2397/7062,スクリーンショット 2026-05-31 13.09.02.png,Achille Bazaine,Bazaine first wife's death,Mexico,French army,biography;military command;private life,FACT_MEXEMP_1295,Creative use: Bazaineの私生活が後の再婚・宮廷ゴシップ・軍事批判につながる背景として使える。 Verification needed: yes. Caution: Bazaineの前妻死亡の日時・場所、知らせを受けた作戦地を確認する。
TIME_MEXEMP_0189,1865年1月時点でMaximilian軍には多国籍部隊が含まれていた,draft,2026-06-03,2026-06-03,timeline;chapter2;mexemp;shawcross,1865-01,,month,Gregorian,historical_fact,probable,"By January 1865, Maximilian's forces included roughly 1,300 Belgian volunteers, about 6,000 Austrian Legion soldiers from Habsburg lands, and 450 Egyptians secured through French channels.",SRC_SHAWCROSS_2022_LAST_EMPEROR_MEXICO,Chapter 2 THE ARCHDUKE AND THE PRINCESS / 6 LIBERAL EMPIRE,Kindle PC 170/400ページ,No.2397/7062,スクリーンショット 2026-05-31 13.09.02.png,Maximilian,foreign volunteers in Maximilian's army,Mexico;Habsburg lands;Egypt,Belgian volunteers;Austrian Legion;Egyptian contingent;French army;Mexican imperial army,foreign military dependence;imperial army composition;occupation governance,FACT_MEXEMP_1302;FACT_MEXEMP_1303;FACT_MEXEMP_1304,Creative use: 1865年初頭のMaximilian軍が多国籍化し、忠誠と指揮系統が複雑化していたことを示せる。 Verification needed: yes. Caution: 人数、所属、指揮系統、Egyptian contingentの派遣経緯を確認する。
TIME_MEXEMP_0194,1865年4月時点でJuárez軍は少数かつ装備不足だった,draft,2026-06-03,2026-06-03,timeline;chapter2;mexemp;shawcross,1865-04,,month,Gregorian,historical_fact,probable,"By April 1865, Juárez had only a few thousand poorly equipped fighters facing the French, and his ability to resupply had been constrained by the wartime embargo on weapons exports from the North.",SRC_SHAWCROSS_2022_LAST_EMPEROR_MEXICO,Chapter 2 THE ARCHDUKE AND THE PRINCESS / 6 LIBERAL EMPIRE,Kindle PC 176/400ページ,No.2481/7062,スクリーンショット 2026-05-31 13.09.08.png,Benito Juárez,Juárez resistance in 1865,Mexico,Republic of Mexico;French army,military weakness;arms embargo;republican survival,FACT_MEXEMP_1341,Creative use: 共和派が補給回復前に置かれていた脆弱な軍事情勢を示す時点として使える。 Verification needed: yes. Caution: 兵力数、装備、embargoの具体的範囲を別史料で確認する。
TIME_MEXEMP_0195,1865年5月、Johnsonが北部からの武器輸出禁止を解除した,draft,2026-06-03,2026-06-03,timeline;chapter2;mexemp;shawcross,1865-05,,month,Gregorian,historical_fact,probable,"Andrew Johnson revoked the wartime ban on weapons exports from the North, after which military equipment began moving across the border to Juárez's forces.",SRC_SHAWCROSS_2022_LAST_EMPEROR_MEXICO,Chapter 2 THE ARCHDUKE AND THE PRINCESS / 6 LIBERAL EMPIRE,Kindle PC 176/400ページ,No.2481/7062,スクリーンショット 2026-05-31 13.09.08.png,Andrew Johnson;Benito Juárez,revocation of arms export ban;US support for Juárez,United States;US-Mexico border;Mexico,United States government;Republic of Mexico,arms supply;border logistics;post-Civil War US policy,FACT_MEXEMP_1340;FACT_MEXEMP_1342;FACT_MEXEMP_1343,Creative use: 米国の制度変更が国境補給と共和派再建につながる転換点として使える。 Verification needed: yes. Caution: 解除命令の正式文書、日付、輸出管理の運用実態を確認する。
TIME_MEXEMP_0196,1865年8月、Chihuahua占領は帝国最大領域と共和派再建の同時進行を示す,draft,2026-06-03,2026-06-03,timeline;chapter2;mexemp;shawcross,1865-08,,month,Gregorian,author_interpretation,probable,"Brincourt's capture of Chihuahua in August 1865 marked Maximilian's empire at its greatest territorial extent, while Juárez remained precariously on the northern border and liberal forces were beginning to secure the means to recover.",SRC_SHAWCROSS_2022_LAST_EMPEROR_MEXICO,Chapter 2 THE ARCHDUKE AND THE PRINCESS / 6 LIBERAL EMPIRE,Kindle PC 176/400ページ,No.2481/7062,スクリーンショット 2026-05-31 13.09.08.png,Auguste Henri Brincourt;Maximilian;Benito Juárez,Brincourt capture of Chihuahua;imperial territorial maximum,Chihuahua;northern Mexico,Mexican Empire;Republic of Mexico;Mexican liberals,apparent imperial success;republican resilience;turning point,FACT_MEXEMP_1329;FACT_MEXEMP_1340;FACT_MEXEMP_1341,Creative use: 帝国の見かけの最大拡張と共和派再建の始動を同時に見せる転換点として使える。 Verification needed: yes. Caution: 51枚目のTIME_MEXEMP_0192と重複しないよう、Chihuahua入城そのものではなく、帝国最大領域と共和派再建の同時進行という整理にする。
TIME_MEXEMP_0197,1865年夏、BrownsvilleがJuárez側再建の国境拠点化,draft,2026-06-08,2026-06-08,timeline;chapter2;mexemp;shawcross,1865-summer,,season,Gregorian,historical_fact,probable,"In the summer of 1865, Brownsville became a gathering place for liberal exiles, adventurers, and Union officers, while Juaristas used the Rio Grande border zone to rebuild their forces against Maximilian’s empire.",SRC_SHAWCROSS_2022_LAST_EMPEROR_MEXICO,Chapter 2 THE ARCHDUKE AND THE PRINCESS / 6 LIBERAL EMPIRE,Kindle PC 179/400,No.2521/7062,スクリーンショット 2026-05-31 13.09.11.png,Tomás Mejía;Benito Juárez,Republican recovery across the Rio Grande,Brownsville;Matamoros;Rio Grande;Texas,Juaristas;Mexican liberals;Union;United States,US border support;Republican resistance;exile networks,FACT_MEXEMP_1347;FACT_MEXEMP_1348;FACT_MEXEMP_1349;FACT_MEXEMP_1350,Creative use: Brownsvilleを共和派再建の国境拠点として配置できる。 Verification needed: yes. Caution: BrownsvilleにおけるJuarista活動、武器流入、参加者の規模・実名は要確認。
TIME_MEXEMP_0198,1865年、米軍増強を受けNapoleon IIIがBazaineへ南下を命令,draft,2026-06-08,2026-06-08,timeline;chapter2;mexemp;shawcross,1865,,year,Gregorian,historical_fact,probable,"After learning of the US military buildup in Texas, Napoleon III ordered Bazaine to withdraw French soldiers southward and prepare for a possible US invasion, disrupting Brincourt’s movement against Juárez near El Paso del Norte.",SRC_SHAWCROSS_2022_LAST_EMPEROR_MEXICO,Chapter 2 THE ARCHDUKE AND THE PRINCESS / 6 LIBERAL EMPIRE,Kindle PC 179/400,No.2521/7062,スクリーンショット 2026-05-31 13.09.11.png,Napoleon III;Achille Bazaine;Auguste Henri Brincourt;Benito Juárez,US military buildup in Texas;Brincourt’s halted march,Texas;El Paso del Norte;Mexico,French army;French Empire;United States,US military pressure;French withdrawal anxiety;Republican survival,FACT_MEXEMP_1351;FACT_MEXEMP_1356;FACT_MEXEMP_1357;FACT_MEXEMP_1358,Creative use: 米国圧力がフランス軍の作戦選択を変える構造に使える。 Verification needed: yes. Caution: Napoleon IIIの命令の日付・文書、Brincourt作戦停止との因果関係を確認する。
TIME_MEXEMP_0199,1865年10月、liberal armyがMatamorosを攻撃,draft,2026-06-08,2026-06-08,timeline;chapter2;mexemp;shawcross,1865-10,,month,Gregorian,historical_fact,probable,"In October 1865, a liberal army attacked Matamoros after issuing Mejía an ultimatum; Juaristas, including numerous Americans, seized a fort but were repelled by imperial gunboats and Mejía’s cavalry, after which they withdrew into the countryside.",SRC_SHAWCROSS_2022_LAST_EMPEROR_MEXICO,Chapter 2 THE ARCHDUKE AND THE PRINCESS / 6 LIBERAL EMPIRE,Kindle PC 179/400,No.2521/7062,スクリーンショット 2026-05-31 13.09.11.png,Tomás Mejía,October 1865 Matamoros attack,Matamoros;Rio Grande,Juaristas;Mexican liberals;imperialistas;United States,border warfare;Republican offensive;US border support,FACT_MEXEMP_1359;FACT_MEXEMP_1360;FACT_MEXEMP_1361;FACT_MEXEMP_1362;FACT_MEXEMP_1363,Creative use: Matamorosを帝政側が辛うじて守った局地戦として配置できる。 Verification needed: yes. Caution: 攻撃日時、部隊名、Americansの身分、艦名、損害規模は要確認。
TIME_MEXEMP_0200,1865年10月3日、Black DecreeがMaximilian名義で発せられた,draft,2026-06-08,2026-06-08,timeline;chapter2;mexemp;shawcross,1865-10-03,,day,Gregorian,historical_fact,probable,"Black Decree was issued in Maximilian’s name to imperial forces, ordering a harsher anti-guerrilla policy that included no prisoner exchange and death for armed captives.",SRC_SHAWCROSS_2022_LAST_EMPEROR_MEXICO,Chapter 2 THE ARCHDUKE AND THE PRINCESS / 6 LIBERAL EMPIRE,Kindle PC 181/400,No.2560/7062,スクリーンショット 2026-05-31 13.09.14.png,Maximilian;Achille Bazaine,Black Decree,Mexico,imperial forces;French army,counterinsurgency;repression;occupation violence,FACT_MEXEMP_1367;FACT_MEXEMP_1368;FACT_MEXEMP_1369;FACT_MEXEMP_1370,Creative use: 帝政が自由主義的統治から苛烈な対反乱政策へ傾く転換点。 Verification needed: yes. Caution: Black Decree原文、法的範囲、執行実態は別史料で確認する。
TIME_MEXEMP_0201,1865年11月、CarlotaがMaximilianに代わってYucatánへ出発した,candidate,2026-06-08,2026-06-08,timeline;chapter2;mexemp;shawcross,1865-11,,month,Gregorian,historical_fact,probable,"Carlota set out for Yucatán in Maximilian's place, accompanied by a large entourage and an Egyptian military escort.",SRC_SHAWCROSS_2022_LAST_EMPEROR_MEXICO,Chapter 2 THE ARCHDUKE AND THE PRINCESS / 6 LIBERAL EMPIRE,Kindle PC 184/400,No.2600/7062,スクリーンショット 2026-05-31 13.09.23.png,Carlota;Maximilian;Ramírez;Eloin,Carlota's Yucatán journey,Yucatán;Veracruz,Egyptian regiment;Mexican Empire,royal travel;imperial propaganda,FACT_MEXEMP_1384;FACT_MEXEMP_1385;FACT_MEXEMP_1386;FACT_MEXEMP_1387,Creative use: CarlotaがMaximilianの代行者として政治的巡幸に出る節目。 Verification needed: yes. Caution: 正確な出発日、同行者の肩書、旅程は別史料で確認する。
TIME_MEXEMP_0202,1865年12月15日、MaximilianがCarlotaへJalapa回避とOrizaba夜到着を助言した,candidate,2026-06-08,2026-06-08,timeline;chapter2;mexemp;shawcross,1865-12-15,,day,Gregorian,primary_testimony,probable,"Maximilian wrote to Carlota urging her to avoid Jalapa, stating that there were too few imperial supporters to guarantee her safety, and advising her to reach Orizaba at night.",SRC_SHAWCROSS_2022_LAST_EMPEROR_MEXICO,Chapter 2 THE ARCHDUKE AND THE PRINCESS / 6 LIBERAL EMPIRE,Kindle PC 184/400; Kindle PC 187/400,No.2600/7062; No.2640/7062,スクリーンショット 2026-05-31 13.09.23.png; スクリーンショット 2026-05-31 13.09.26.png,Maximilian;Carlota,Carlota's return from Yucatán;Maximilian letter to Carlota on Jalapa,Jalapa;Orizaba;Mexico City,Mexican Empire;Juaristas,guerrilla warfare;imperial insecurity;private correspondence;security risk;public support,FACT_MEXEMP_1395;FACT_MEXEMP_1396,Creative use: 祝祭的巡幸の帰路に、帝政の軍事的脆弱性と歓迎の冷淡さを避ける政治的配慮が露出する転換点。 Verification needed: yes. Caution: 56枚目冒頭で55枚目末尾の接続を確認済み。危険評価はMaximilian書簡上の認識として扱い、共和派抵抗を単なる治安悪化として扱わない。
TIME_MEXEMP_0203,1865年12月19日、MaximilianがCarlotaをVeracruzへ迎えに行こうとしたが危険と警告された,draft,2026-06-08,2026-06-08,timeline;chapter2;mexemp;shawcross,1865-12-19,,day,Gregorian,primary_testimony,probable,"Maximilian, having heard news of Carlota's return, wrote that he wanted to go to Veracruz to meet her but was warned by the French that it was too dangerous.",SRC_SHAWCROSS_2022_LAST_EMPEROR_MEXICO,Chapter 2 THE ARCHDUKE AND THE PRINCESS / 6 LIBERAL EMPIRE,Kindle PC 187/400,No.2640/7062,スクリーンショット 2026-05-31 13.09.26.png,Maximilian;Carlota,Carlota's return from Yucatán,Veracruz;Mexico,French army;Mexican Empire,imperial insecurity;Maximilian-Carlota relationship;French military dependence,FACT_MEXEMP_1397,Creative use: 皇帝が妻を迎えに行くことすらフランス側の安全判断に左右される場面として使える。 Verification needed: yes. Caution: 画像単体では年号が明記されていない。前後文脈上1865年として扱うが、書簡原文とフランス側警告の主体は要確認。
TIME_MEXEMP_0204,1865年12月27日、MaximilianがNapoleon IIIへ統治弁明とTreaty of Miramar支払い肩代わりを求める書簡を書いた,draft,2026-06-08,2026-06-08,timeline;chapter2;mexemp;shawcross,1865-12-27,,day,Gregorian,primary_testimony,probable,"Maximilian wrote a long letter to Napoleon III defending his rule and asking the French government to cover, temporarily, Mexico's payments under the Treaty of Miramar.",SRC_SHAWCROSS_2022_LAST_EMPEROR_MEXICO,Chapter 2 THE ARCHDUKE AND THE PRINCESS / 6 LIBERAL EMPIRE,Kindle PC 187/400,No.2640/7062,スクリーンショット 2026-05-31 13.09.26.png,Maximilian;Napoleon III,Maximilian's December 27 letter to Napoleon III,Mexico;France;Paris,French government;Mexican Empire;Treaty of Miramar,imperial finances;French-Mexican relations;Treaty of Miramar;US pressure,FACT_MEXEMP_1400;FACT_MEXEMP_1401;FACT_MEXEMP_1402,Creative use: 帝政が財政・外交面で限界に達し、Napoleon IIIへの直接請願に至る節目として使える。 Verification needed: yes. Caution: 画像単体では年号が明記されていない。前後文脈上1865年として扱うが、書簡原文、Treaty of Miramarの支払い条項、フランス側反応は要確認。
TIME_MEXEMP_0205,1860年、Napoleon IIIの自由主義的改革がCorps législatifの議論余地を広げた,draft,2026-06-08,2026-06-08,timeline;chapter2;mexemp;shawcross,1860,,year,Gregorian,historical_fact,probable,"Napoleon III introduced liberal reforms that allowed the Corps législatif greater scope to debate, criticize, and vote on government policy and extraordinary expenditure, making the Mexican intervention vulnerable to parliamentary attack.",SRC_SHAWCROSS_2022_LAST_EMPEROR_MEXICO,Chapter 2 THE ARCHDUKE AND THE PRINCESS / 7 THE END OF THE AFFAIR,Kindle PC 189/400,No.2654/7062,スクリーンショット 2026-05-31 13.09.29.png,Napoleon III,liberal reforms of the Second Empire,France,Corps législatif;French Empire,parliamentary liberalization;government accountability;Mexican intervention,FACT_MEXEMP_1405,Creative use: メキシコ遠征批判が制度的に可能になった背景として使える。 Verification needed: yes. Caution: 改革の具体的法令名、発布日、制度変更の範囲は別途確認する。
TIME_MEXEMP_0206,1862年3月、Jules Favreがメキシコ遠征をJuárez転覆と外国君主擁立として批判した,draft,2026-06-08,2026-06-08,timeline;chapter2;mexemp;shawcross,1862-03,,month,Gregorian,primary_testimony,probable,"Jules Favre argued in the Corps législatif that the French expedition to Mexico was not merely redressing wrongs or recovering debts, but aimed at overthrowing Benito Juárez and placing Maximilian as a foreign pawn in a civil war.",SRC_SHAWCROSS_2022_LAST_EMPEROR_MEXICO,Chapter 2 THE ARCHDUKE AND THE PRINCESS / 7 THE END OF THE AFFAIR,Kindle PC 189/400,No.2654/7062,スクリーンショット 2026-05-31 13.09.29.png,Jules Favre;Benito Juárez;Maximilian,French intervention in Mexico;Favre’s March 1862 criticism,France;Mexico,Corps législatif;French government,anti-intervention;Juárez legitimacy;foreign monarchy,FACT_MEXEMP_1408,Creative use: フランス側反対派から見たMaximilian擁立批判として使える。 Verification needed: yes. Caution: Favreの政治的反対派としての演説であり、議事録原典を確認する。
TIME_MEXEMP_0207,1864年1月、Jules Favreがメキシコでの軍事作戦継続と保守派支援を批判した,draft,2026-06-08,2026-06-08,timeline;chapter2;mexemp;shawcross,1864-01,,month,Gregorian,primary_testimony,probable,Jules Favre questioned why military operations in Mexico were still necessary and argued that France was supporting a Conservative Party detested by the Mexican people.,SRC_SHAWCROSS_2022_LAST_EMPEROR_MEXICO,Chapter 2 THE ARCHDUKE AND THE PRINCESS / 7 THE END OF THE AFFAIR,Kindle PC 189/400,No.2654/7062,スクリーンショット 2026-05-31 13.09.29.png,Jules Favre;Miguel Miramón;Leonardo Márquez,January 1864 parliamentary criticism,France;Mexico,Corps législatif;Conservative Party;French army,military operations;Mexican conservatives;withdrawal demand,FACT_MEXEMP_1410,Creative use: フランス軍撤退論の早期表明として使える。 Verification needed: yes. Caution: Miramón・Márquezへの評価はFavreの政治的非難を含むため、演説原典で確認する。
TIME_MEXEMP_0208,1865年1月、Napoleon IIIがCorps législatifでメキシコ帝政の安定を楽観的に述べた,draft,2026-06-08,2026-06-08,timeline;chapter2;mexemp;shawcross,1865-01,,month,Gregorian,primary_testimony,probable,"Napoleon III told the Corps législatif that in Mexico the new throne had been consolidated, the country was pacified, and its resources were being developed.",SRC_SHAWCROSS_2022_LAST_EMPEROR_MEXICO,Chapter 2 THE ARCHDUKE AND THE PRINCESS / 7 THE END OF THE AFFAIR,Kindle PC 189/400,No.2654/7062,スクリーンショット 2026-05-31 13.09.29.png,Napoleon III;Maximilian,Napoleon III’s January 1865 address,France;Mexico,Corps législatif;French army;Mexican Empire,official optimism;imperial legitimacy;French intervention,FACT_MEXEMP_1411,Creative use: 後の資金要求・撤退圧力との対比に使える。 Verification needed: yes. Caution: 政府側の楽観的発言であり、客観的な平定・安定の証拠とは扱わない。
TIME_MEXEMP_0209,1865年12月4日、Johnsonが年次教書で欧州勢力を牽制した,draft,2026-06-08,2026-06-08,timeline;chapter2;mexemp;shawcross,1865-12-04,,day,Gregorian,primary_testimony,probable,Andrew Johnson used his annual address to Congress to restrain anti-French hawks while warning that a European challenge to the American people would be treated as a grave matter.,SRC_SHAWCROSS_2022_LAST_EMPEROR_MEXICO,Chapter 2 THE ARCHDUKE AND THE PRINCESS / 7 THE END OF THE AFFAIR,Kindle PC 191/400,No.2693/7062,スクリーンショット 2026-05-31 13.09.32.png,Andrew Johnson;Ulysses S. Grant,American Civil War aftermath;French intervention in Mexico,United States;France;Mexico,United States Congress,United States pressure;Monroe Doctrine;anti-French sentiment,FACT_MEXEMP_1419,Creative use: 米国政府が外交上の警告を公的に示す場面に使える。 Verification needed: yes. Caution: Johnson年次教書原文とメキシコ問題への直接言及範囲を確認する。
TIME_MEXEMP_0210,1865年12月16日、SewardがBigelowに対仏要求を伝えるよう指示した,draft,2026-06-08,2026-06-08,timeline;chapter2;mexemp;shawcross,1865-12-16,,day,Gregorian,primary_testimony,probable,William H. Seward instructed John Bigelow to tell the French government that friendship with the United States was impossible unless France ended its armed intervention in Mexico.,SRC_SHAWCROSS_2022_LAST_EMPEROR_MEXICO,Chapter 2 THE ARCHDUKE AND THE PRINCESS / 7 THE END OF THE AFFAIR,Kindle PC 191/400,No.2693/7062,スクリーンショット 2026-05-31 13.09.32.png,William H. Seward;John Bigelow;Napoleon III,French intervention in Mexico,United States;Washington;France;Mexico,United States government;French government,diplomatic pressure;Monroe Doctrine;French withdrawal,FACT_MEXEMP_1420,Creative use: Parisへの撤退要求が明確化する外交場面に使える。 Verification needed: yes. Caution: SewardからBigelowへの指示文書と外交往復文書で原文確認する。
TIME_MEXEMP_0211,1865年12月、Schofieldが最後通牒の噂とともにParisへ到着した,draft,2026-06-08,2026-06-08,timeline;chapter2;mexemp;shawcross,1865-12,,month,Gregorian,rumor_hearsay,probable,John Schofield arrived in Paris amid rumors that he had come to present France with an ultimatum to leave Mexico or fight the United States.,SRC_SHAWCROSS_2022_LAST_EMPEROR_MEXICO,Chapter 2 THE ARCHDUKE AND THE PRINCESS / 7 THE END OF THE AFFAIR,Kindle PC 191/400,No.2693/7062,スクリーンショット 2026-05-31 13.09.32.png,John Schofield;Napoleon III,French intervention in Mexico,Paris;France;Mexico;United States,United States government;French government,war scare;diplomatic pressure;rumor,FACT_MEXEMP_1422;FACT_MEXEMP_1423;FACT_MEXEMP_1424,Creative use: Parisの外交界に対米戦争の恐怖が広がる描写に使える。 Verification needed: yes. Caution: 最後通牒は噂として扱い、Schofield派遣の公式目的・非公式目的・会談記録を確認する。
TIME_MEXEMP_0212,1866年1月2日、Napoleon IIIがFaverneyから撤退か対米戦争かを示された,draft,2026-06-08,2026-06-08,timeline;chapter2;mexemp;shawcross,1866-01-02,,day,Gregorian,primary_testimony,probable,"Napoleon III received René de Faverney from Washington, who explained that France had to leave Mexico or risk war with the United States.",SRC_SHAWCROSS_2022_LAST_EMPEROR_MEXICO,Chapter 2 THE ARCHDUKE AND THE PRINCESS / 7 THE END OF THE AFFAIR,Kindle PC 191/400,No.2693/7062,スクリーンショット 2026-05-31 13.09.32.png,Napoleon III;René de Faverney,French intervention in Mexico,Washington;France;Mexico;United States,French government;United States government,United States pressure;French withdrawal;war risk,FACT_MEXEMP_1421;FACT_MEXEMP_1425,Creative use: Napoleon IIIが撤退以外の選択肢を失う場面に使える。 Verification needed: yes. Caution: Faverneyの姓名・身分・報告内容とNapoleon IIIの受け止めを原典確認する。
TIME_MEXEMP_0213,1866年1月15日、Napoleon IIIがMaximilianに仏軍占領の期限設定を伝えた,draft,2026-06-08,2026-06-08,timeline;chapter2;mexemp;shawcross,1866-01-15,,day,Gregorian,primary_testimony,probable,Napoleon III wrote to Maximilian that France had to set a definitive limit to the French occupation because he could not ask the Corps législatif for more money and Maximilian could not provide the necessary funds.,SRC_SHAWCROSS_2022_LAST_EMPEROR_MEXICO,Chapter 2 THE ARCHDUKE AND THE PRINCESS / 7 THE END OF THE AFFAIR,Kindle PC 191/400,No.2693/7062,スクリーンショット 2026-05-31 13.09.32.png,Napoleon III;Maximilian,French withdrawal from Mexico,France;Mexico,Corps législatif;French army,abandonment of Maximilian;financial exhaustion;French occupation,FACT_MEXEMP_1426;FACT_MEXEMP_1427,Creative use: Maximilian放棄を告げる決定的書簡として使える。 Verification needed: yes. Caution: 書簡原文、到達日、Maximilian側の反応を別途確認する。
TIME_MEXEMP_0214,1866年1月22日、Napoleon IIIが書簡到達を待たずCorps législatifの年次会期を開いた,draft,2026-06-08,2026-06-08,timeline;chapter2;mexemp;shawcross,1866-01-22,,day,Gregorian,historical_fact,probable,Napoleon III opened the annual session of the Corps législatif before waiting for his January 15 letter to reach Maximilian.,SRC_SHAWCROSS_2022_LAST_EMPEROR_MEXICO,Chapter 2 THE ARCHDUKE AND THE PRINCESS / 7 THE END OF THE AFFAIR,Kindle PC 191/400,No.2693/7062,スクリーンショット 2026-05-31 13.09.32.png,Napoleon III;Maximilian,French withdrawal from Mexico,Paris;Tuileries;Louvre;France,Corps législatif,French domestic politics;imperial ceremony;abandonment of Maximilian,,Creative use: 宮廷儀礼と政治的見捨てが同時進行する対照的場面に使える。 Verification needed: yes. Caution: 右端末尾は文途中。次画像で儀礼的列挙の続きと、Napoleon IIIがメキシコ撤退をどう公的説明したかを確認する。
TIME_MEXEMP_0215,1866年1月22日、Napoleon IIIがフランスのメキシコ遠征終結と撤兵時期調整を公に述べた,draft,2026-06-08,2026-06-08,timeline;chapter2;mexemp;shawcross,1866-01-22,,day,Gregorian,primary_testimony,probable,Napoleon III publicly stated that the French expedition in Mexico was coming to an end and that he would reach an understanding with Maximilian to set the timing of the French troop recall.,SRC_SHAWCROSS_2022_LAST_EMPEROR_MEXICO,Chapter 2 THE ARCHDUKE AND THE PRINCESS / 7 THE END OF THE AFFAIR,Kindle PC 194/400,No.2734/7062,スクリーンショット 2026-05-31 13.09.35.png,Napoleon III;Maximilian,French withdrawal from Mexico;Napoleon III’s 1866 address,France;Mexico,French Empire;French army;Corps législatif;Mexican Empire,French withdrawal;imperial policy;public speech,FACT_MEXEMP_1428;FACT_MEXEMP_1429;FACT_MEXEMP_1430,Creative use: フランス撤退が公的に露出する転換点。 Verification needed: yes. Caution: Napoleon IIIの演説上の主張として扱い、メキシコ帝政の安定や反対派敗北の客観的証明とは扱わない。
TIME_MEXEMP_0216,1866年1月22日、SchofieldがNapoleon III演説を米国にとって十分と受け止めた,draft,2026-06-08,2026-06-08,timeline;chapter2;mexemp;shawcross,1866-01-22,,day,Gregorian,primary_testimony,probable,"John Schofield heard Napoleon III’s speech in person and, at dinner that evening, indicated that the declaration would be satisfactory for the United States.",SRC_SHAWCROSS_2022_LAST_EMPEROR_MEXICO,Chapter 2 THE ARCHDUKE AND THE PRINCESS / 7 THE END OF THE AFFAIR,Kindle PC 194/400,No.2734/7062,スクリーンショット 2026-05-31 13.09.35.png,John Schofield;Napoleon III,Schofield mission to Paris;Napoleon III’s 1866 address,France,United States;French Empire,United States pressure;diplomacy;Monroe Doctrine,FACT_MEXEMP_1431,Creative use: 米国の外交的圧力がフランス側の公的表明を引き出したように見える場面。 Verification needed: yes. Caution: Schofieldの臨席と夕食時の反応は原典確認が必要。
TIME_MEXEMP_0217,1865年12月27日、MaximilianがNapoleon IIIへ送った書簡に猶予を期待していた,draft,2026-06-08,2026-06-08,timeline;chapter2;mexemp;shawcross,1865-12-27,,day,Gregorian,primary_testimony,probable,"Maximilian had sent a letter to Napoleon III that he believed would buy him time, though by January 1866 he still did not know Napoleon III was moving toward troop recall.",SRC_SHAWCROSS_2022_LAST_EMPEROR_MEXICO,Chapter 2 THE ARCHDUKE AND THE PRINCESS / 7 THE END OF THE AFFAIR,Kindle PC 194/400,No.2734/7062,スクリーンショット 2026-05-31 13.09.35.png,Maximilian;Napoleon III,Maximilian’s correspondence with Napoleon III;French withdrawal from Mexico,Mexico;France,Mexican Empire;French Empire,information delay;imperial dependency;diplomatic correspondence,FACT_MEXEMP_1432,Creative use: Maximilianの期待とNapoleon III側の決定のズレを示す。 Verification needed: yes. Caution: 書簡本文、到達時期、Maximilianが期待した猶予の具体的内容は原典確認が必要。
TIME_MEXEMP_0222,1866年2月23日、Jacques Langlaisが心臓発作で死亡した,draft,2026-06-08,2026-06-08,timeline;chapter2;mexemp;shawcross,1866-02-23,,day_contextual_year,Gregorian,historical_fact,probable,Jacques Langlaisは心臓発作で死亡し、Maximilianは帝国財政改革とFrench governmentへの説明役となりうる重要な人物を失った。,SRC_SHAWCROSS_2022_LAST_EMPEROR_MEXICO,Chapter 2 THE ARCHDUKE AND THE PRINCESS / 7 THE END OF THE AFFAIR,Kindle PC 202/400,No.2855/7062,スクリーンショット 2026-05-31 13.09.43.png,Jacques Langlais;Maximilian,Langlais death,Mexico,Mexican treasury;French government,imperial finance;fiscal reform;French dependency,FACT_MEXEMP_1481;FACT_MEXEMP_1482;FACT_MEXEMP_1483;FACT_MEXEMP_1484;FACT_MEXEMP_1485,Creative use: 財政再建の希望が潰える転換点。 Verification needed: yes. Caution: 死亡日・死因、改革案の具体内容、French governmentへの説明可能性は別史料で確認する。
TIME_MEXEMP_0223,1866年2月27日、Langlaisの遺体がVeracruz行きのwagonへ移された,draft,2026-06-08,2026-06-08,timeline;chapter2;mexemp;shawcross,1866-02-27,,day,Gregorian,historical_fact,probable,Mexico City中心部でLanglaisの遺体がcathedralからVeracruz行きのwagonへ移され、葬送時の扱いがFrench関係者の反感を招いた。,SRC_SHAWCROSS_2022_LAST_EMPEROR_MEXICO,Chapter 2 THE ARCHDUKE AND THE PRINCESS / 7 THE END OF THE AFFAIR,Kindle PC 202/400,No.2855/7062,スクリーンショット 2026-05-31 13.09.43.png,Jacques Langlais;Maximilian;Napoleon III,Langlais funeral procession,Mexico City;Veracruz;National Palace,Mexican soldiers;French government,diplomatic protocol;Franco-Mexican tension;funeral,FACT_MEXEMP_1486;FACT_MEXEMP_1487;FACT_MEXEMP_1488;FACT_MEXEMP_1489,Creative use: 儀礼不手際が政治的不信へ転化する場面。 Verification needed: yes. Caution: 葬送経路、護衛兵の意図、Napoleon IIIへ送られた報告の原文と報告者は要確認。
TIME_MEXEMP_0224,1866年3月4日、Belgian groupがMexico City近郊で襲撃された,draft,2026-06-08,2026-06-08,timeline;chapter2;mexemp;shawcross,1866-03-04,,day_contextual_year,Gregorian,historical_fact,probable,Belgian groupはMexico Cityを出発後、首都から約40マイルの山道で襲撃され、Baron d’Huartが死亡した。,SRC_SHAWCROSS_2022_LAST_EMPEROR_MEXICO,Chapter 2 THE ARCHDUKE AND THE PRINCESS / 7 THE END OF THE AFFAIR,Kindle PC 202/400,No.2855/7062,スクリーンショット 2026-05-31 13.09.43.png,Baron d’Huart;Maximilian;Carlota,ambush of Belgian mission,Mexico City;mountain road near Mexico City,Belgian mission;Austrian Legion,insecurity;European opinion;diplomatic crisis;imperial legitimacy,FACT_MEXEMP_1493;FACT_MEXEMP_1494;FACT_MEXEMP_1495;FACT_MEXEMP_1496;FACT_MEXEMP_1497;FACT_MEXEMP_1498;FACT_MEXEMP_1499,Creative use: 首都近郊の襲撃により帝国の対外信用が損なわれる事件。 Verification needed: yes. Caution: 年、襲撃者の所属・動機、Maximilian調査の根拠、European pressの具体的反応は要確認。
TIME_MEXEMP_0225,1866年4月、The Times経由でBelgian diplomats襲撃が英国読者に伝わった,draft,2026-06-08,2026-06-08,timeline;chapter2;mexemp;shawcross,1866-04,,month,Gregorian,primary_testimony,probable,Belgian diplomats襲撃はThe Timesを通じて英国読者に伝わり、Mexico帝国の安全性と国際的信用への疑念を強めた。,SRC_SHAWCROSS_2022_LAST_EMPEROR_MEXICO,Chapter 2 THE ARCHDUKE AND THE PRINCESS / 7 THE END OF THE AFFAIR,Kindle PC 205/400,No.2896/7062,スクリーンショット 2026-05-31 13.09.46.png,Maximilian;Baron d’Huart,Belgian mission襲撃後の報道,Britain;Mexico,The Times;Belgian mission,British public opinion;European press;imperial insecurity,FACT_MEXEMP_1500;FACT_MEXEMP_1501,Creative use: 局地的襲撃が新聞を通じて国際信用問題へ変わる節目。 Verification needed: yes. Caution: The Times記事原文と掲載日を確認する。英国世論全体の反応として単純化しない。
TIME_MEXEMP_0226,1866年4月、Napoleon IIIが撤兵方針と帝国維持希望を同時に示した,draft,2026-06-08,2026-06-08,timeline;chapter2;mexemp;shawcross,1866-04,,month,Gregorian,primary_testimony,probable,Napoleon IIIはMaximilian宛の4月書簡で、撤兵方針と並行してMexico帝国維持への希望を示し、French Foreign Legion残留や25 million francs利払い放棄を約束したと叙述される。,SRC_SHAWCROSS_2022_LAST_EMPEROR_MEXICO,Chapter 2 THE ARCHDUKE AND THE PRINCESS / 7 THE END OF THE AFFAIR,Kindle PC 205/400,No.2896/7062,スクリーンショット 2026-05-31 13.09.46.png,Napoleon III;Maximilian,French withdrawal crisis,France;Mexico,French Empire;French Foreign Legion;Mexican Empire,French withdrawal;military dependence;Mexican imperial finance,FACT_MEXEMP_1512;FACT_MEXEMP_1513;FACT_MEXEMP_1525,Creative use: 撤兵通告と限定支援が同居する曖昧な書簡として使える。 Verification needed: yes. Caution: 書簡の正確な日付、全文、条件、政策決定過程を確認する。
TIME_MEXEMP_0227,1867年末までFrench troopsの最後の部隊がMexicoに残る構想があった,draft,2026-06-08,2026-06-08,timeline;chapter2;mexemp;shawcross,1867-12,,planned_month_or_end_of_year,Gregorian,author_interpretation,probable,Bazaineの構想では、French troopsの最後の部隊は1867年末までMexicoを離れず、Maximilianに約18か月のFrench military supportを与える予定だった。,SRC_SHAWCROSS_2022_LAST_EMPEROR_MEXICO,Chapter 2 THE ARCHDUKE AND THE PRINCESS / 7 THE END OF THE AFFAIR,Kindle PC 205/400,No.2896/7062,スクリーンショット 2026-05-31 13.09.46.png,Achille Bazaine;Maximilian;Benito Juárez,French evacuation planning;Mexican Empire military reform,Mexico,French army;Mexican army;Mexican Empire,French withdrawal;military dependence;occupation and legitimacy,FACT_MEXEMP_1521;FACT_MEXEMP_1522;FACT_MEXEMP_1523,Creative use: French supportがまだ続くという一時的な希望と依存を同時に示せる。 Verification needed: yes. Caution: 計画であり実際の撤退日程ではない。Bazaineの一次資料で確認する。
TIME_MEXEMP_0228,1866年4月、MaximilianがLanglais改革実施を発表した,draft,2026-06-08,2026-06-08,timeline;chapter2;mexemp;shawcross,1866-04,,month,Gregorian,historical_fact,probable,MaximilianはLanglais’s reformsの実施を発表したが、帝国財政と軍事補給の実態は深刻で、未払い給与・補給不足が露呈していた。,SRC_SHAWCROSS_2022_LAST_EMPEROR_MEXICO,Chapter 2 THE ARCHDUKE AND THE PRINCESS / 7 THE END OF THE AFFAIR,Kindle PC 208/400,No.2937/7062,スクリーンショット 2026-05-31 13.09.49.png,Maximilian;Jacques Langlais;Achille Bazaine;Alphonse Dano,Langlais改革;Maximilian帝国財政危機,Mexico,Mexican imperial government;Mexican treasury;French army;Austrian volunteers;Belgian volunteers,imperial finance;military dependence;paper empire,FACT_MEXEMP_1531;FACT_MEXEMP_1532;FACT_MEXEMP_1533;FACT_MEXEMP_1534;FACT_MEXEMP_1535;FACT_MEXEMP_1536,Creative use: 改革発表の晴れやかさと財政破綻寸前の現実を同じ月の出来事として対比できる。 Verification needed: yes. Caution: Langlais改革の具体内容、発表日、未払いの会計根拠を確認する。
TIME_MEXEMP_0229,1866年5月20日、Almonteが新しいentente cordiale案を提出した,draft,2026-06-08,2026-06-08,timeline;chapter2;mexemp;shawcross,1866-05-20,,day,Gregorian,historical_fact,probable,AlmonteはMaximilianの代表としてFrench governmentに出頭し、Treaty of Miramarに代わる新しいentente cordiale案を提出した。,SRC_SHAWCROSS_2022_LAST_EMPEROR_MEXICO,Chapter 2 THE ARCHDUKE AND THE PRINCESS / 7 THE END OF THE AFFAIR,Kindle PC 208/400,No.2937/7062,スクリーンショット 2026-05-31 13.09.49.png,Juan Nepomuceno Almonte;Maximilian;Napoleon III,Treaty of Miramar代替交渉;French evacuation,Paris;France;Mexico,French government;French Foreign Ministry;French war ministry;Mexican imperial government,diplomacy;diplomatic isolation;French withdrawal,FACT_MEXEMP_1540;FACT_MEXEMP_1541;FACT_MEXEMP_1542;FACT_MEXEMP_1543;FACT_MEXEMP_1544,Creative use: AlmonteがParisでMaximilian最後の対仏交渉案を差し出す場面として使える。 Verification needed: yes. Caution: 提出文書、提出先、French側回答の日付と文面を確認する。
TIME_MEXEMP_0230,1866年春、Belgian volunteers追加募集が禁じられた,draft,2026-06-08,2026-06-08,timeline;chapter2;mexemp;shawcross,1866-spring,,season,Gregorian,author_interpretation,probable,Maximilianの軍再編構想はBelgiumとAustriaからの新たな義勇兵に依存していたが、United Statesの圧力などによりBelgian volunteersの追加募集は禁じられた。,SRC_SHAWCROSS_2022_LAST_EMPEROR_MEXICO,Chapter 2 THE ARCHDUKE AND THE PRINCESS / 7 THE END OF THE AFFAIR,Kindle PC 208/400,No.2937/7062,スクリーンショット 2026-05-31 13.09.49.png,Maximilian;Leopold II;Carlota;William H. Seward,European volunteers募集問題,Mexico;Belgium;Austria;Washington;United States,Belgian volunteers;Belgian government;Austrian volunteers;United States government,European volunteers;US pressure;Monroe Doctrine,FACT_MEXEMP_1545;FACT_MEXEMP_1546;FACT_MEXEMP_1547,Creative use: 自立軍を作るはずの計画が、外国人義勇兵とUnited Statesの外交圧力で崩れる構図として使える。 Verification needed: yes. Caution: Belgium側の政策判断とUnited States圧力の具体文書を確認する。
TIME_MEXEMP_0231,1866年、Austrian volunteers追加募集協定に署名した,draft,2026-06-08,2026-06-08,timeline;chapter2;mexemp;shawcross,1866,,year,Gregorian,historical_fact,probable,"MaximilianはAustrian volunteersについて、1866年に4,000人、以後1870年まで毎年2,000人を登録する協定に署名した。",SRC_SHAWCROSS_2022_LAST_EMPEROR_MEXICO,Chapter 2 THE ARCHDUKE AND THE PRINCESS / 7 THE END OF THE AFFAIR,Kindle PC 208/400,No.2937/7062,スクリーンショット 2026-05-31 13.09.49.png,Maximilian;Franz Joseph,Austrian volunteers recruitment;European volunteers募集問題,Austria;Mexico,Austrian volunteers;Austrian government;Mexican imperial government,European volunteers;military dependence;foreign volunteers,FACT_MEXEMP_1549,Creative use: 軍再編構想が単発の増援ではなく、1870年まで続く外国人兵供給計画だったことを示せる。 Verification needed: yes. Caution: 協定の正式名称・署名日・相手方・法的効力を確認する。
TIME_MEXEMP_0232,1866年5月、TriesteのAustrian volunteersが解散させられた,draft,2026-06-08,2026-06-08,timeline;chapter2;mexemp;shawcross,1866-05,,month,Gregorian,historical_fact,probable,"約1,000人のAustrian volunteersがTriesteに集結したが、Sewardの対Austria圧力を受け、Franz Josephは彼らの解散を命じた。",SRC_SHAWCROSS_2022_LAST_EMPEROR_MEXICO,Chapter 2 THE ARCHDUKE AND THE PRINCESS / 7 THE END OF THE AFFAIR,Kindle PC 208/400,No.2937/7062,スクリーンショット 2026-05-31 13.09.49.png,William H. Seward;Franz Joseph;Maximilian,Austrian volunteers recruitment;Trieste義勇兵解散,Trieste;Austria;Washington;Mexico,Austrian volunteers;Austrian Legion;Austrian government;United States government,US pressure;Monroe Doctrine;Habsburg abandonment,FACT_MEXEMP_1550;FACT_MEXEMP_1551;FACT_MEXEMP_1552;FACT_MEXEMP_1553,Creative use: 出航前のTriesteで希望が断たれる場面として、帝国崩壊の国際政治的圧力を視覚化できる。 Verification needed: yes. Caution: Trieste集結人数、Seward通告、Franz Joseph解散命令、義勇兵の反応を個別に確認する。
TIME_MEXEMP_0233,1848年、Louis Philippeが退位した,draft,2026-06-08,2026-06-08,timeline;chapter2;mexemp;shawcross,1848,,year,Gregorian,historical_fact,probable,Louis Philippeが退位した。この出来事は、孫娘Carlotaが退位を一族の破滅として記憶し、Maximilianの退位に反対する背景として叙述される。,SRC_SHAWCROSS_2022_LAST_EMPEROR_MEXICO,Chapter 2 THE ARCHDUKE AND THE PRINCESS / 7 THE END OF THE AFFAIR,Kindle PC 211/400,No.2978/7062,スクリーンショット 2026-05-31 13.09.52.png,Louis Philippe;Carlota;Maximilian,Louis Philippe’s abdication;Maximilian’s contemplated abdication,France;Mexico,House of Orléans;Mexican Empire,dynastic memory;abdication;monarchy,FACT_MEXEMP_1565,Creative use: Carlotaの退位拒否を、1848年の家族的記憶と接続できる。 Verification needed: yes. Caution: Louis Philippe退位そのものとCarlotaの記憶・解釈を分けて確認する。
TIME_MEXEMP_0234,1865年10月、BiarritzでNapoleon IIIとBismarckが秘密会談を行った,draft,2026-06-08,2026-06-08,timeline;chapter2;mexemp;shawcross,1865-10,,month,Gregorian,variant_disputed,uncertain,BiarritzでNapoleon IIIとOtto von Bismarckが秘密会談を行い、Austriaを孤立させる場合のフランスの利益をめぐる外交的期待が形成されたと叙述される。,SRC_SHAWCROSS_2022_LAST_EMPEROR_MEXICO,Chapter 2 THE ARCHDUKE AND THE PRINCESS / 7 THE END OF THE AFFAIR,Kindle PC 211/400,No.2978/7062,スクリーンショット 2026-05-31 13.09.52.png,Napoleon III;Otto von Bismarck;Franz Joseph,Biarritz meeting;Austro-Prussian War,Biarritz;France;Prussia;Austria,French Empire;Prussia;Austria,secret diplomacy;European balance of power;French neutrality,FACT_MEXEMP_1580,Creative use: Napoleon IIIのMexico政策と欧州外交を同じ計算の中に置く年表点になる。 Verification needed: yes. Caution: 約束内容は一次資料・外交史研究でクロスチェック必須。
TIME_MEXEMP_0235,1866年6月28日、Parisからentente cordiale案拒絶の知らせが届いた,draft,2026-06-08,2026-06-08,timeline;chapter2;mexemp;shawcross,1866-06-28,,day,Gregorian,primary_testimony,probable,Parisから、Maximilianの新しい entente cordiale 案が退けられたとの知らせが届き、Maximilianは退位を考える段階に至ったとされる。,SRC_SHAWCROSS_2022_LAST_EMPEROR_MEXICO,Chapter 2 THE ARCHDUKE AND THE PRINCESS / 7 THE END OF THE AFFAIR,Kindle PC 211/400,No.2978/7062,スクリーンショット 2026-05-31 13.09.52.png,Maximilian;Almonte;Carlota,rejection of entente cordiale;Maximilian’s contemplated abdication,Paris;Mexico,French government;Mexican Empire,abdication;French withdrawal;diplomacy;imperial collapse,FACT_MEXEMP_1562;FACT_MEXEMP_1563;FACT_MEXEMP_1564,Creative use: 退位危機が具体的な日付で始まる場面に使える。 Verification needed: yes. Caution: 退位決意の心理描写と実際の意思決定過程は分けて扱う。
TIME_MEXEMP_0236,1866年7月9日、CarlotaがEuropeへ向けMexico Cityを出発した,draft,2026-06-08,2026-06-08,timeline;chapter2;mexemp;shawcross,1866-07-09,,day,Gregorian,historical_fact,probable,CarlotaはEuropeへ向け、早朝にMexico Cityを出発した。彼女はNapoleon IIIに直接訴え、Mexican Empireの存続を図ろうとしていた。,SRC_SHAWCROSS_2022_LAST_EMPEROR_MEXICO,Chapter 2 THE ARCHDUKE AND THE PRINCESS / 7 THE END OF THE AFFAIR,Kindle PC 211/400,No.2978/7062,スクリーンショット 2026-05-31 13.09.52.png,Carlota;Maximilian;Napoleon III,Carlota’s departure for Europe;Carlota’s mission to Europe,Mexico City;Europe;France,Mexican Empire;French Empire,diplomacy;imperial survival;abdication crisis,FACT_MEXEMP_1569;FACT_MEXEMP_1570;FACT_MEXEMP_1573;FACT_MEXEMP_1574;FACT_MEXEMP_1575,Creative use: Carlotaの政治的主体性と夫婦の別れを重ねた転換点に使える。 Verification needed: yes. Caution: 出発時刻、同行者、旅程は別史料で確認する。
TIME_MEXEMP_0237,1866年夏、Prussia・ItalyとAustriaの戦争でHabsburg勢力が危機に直面した,draft,2026-06-08,2026-06-08,timeline;chapter2;mexemp;shawcross,1866,,season,Gregorian,historical_fact,probable,1866年夏、PrussiaとItalyがAustriaと戦争状態に入り、Habsburg勢力は欧州で重大な危機に直面した。Napoleon IIIは中立を保ち、MexicoのMaximilianだけでなくAustriaのFranz JosephもFrench helpを期待できない状況となった。,SRC_SHAWCROSS_2022_LAST_EMPEROR_MEXICO,Chapter 2 THE ARCHDUKE AND THE PRINCESS / 7 THE END OF THE AFFAIR,Kindle PC 211/400,No.2978/7062,スクリーンショット 2026-05-31 13.09.52.png,Otto von Bismarck;Napoleon III;Franz Joseph;Maximilian,Austro-Prussian War;Third Italian War of Independence,Prussia;Austria;Italy;France;Mexico,Prussia;Austria;Italy;French Empire;Habsburg monarchy;Mexican Empire,European diplomacy;French neutrality;Habsburg crisis;Mexican Empire collapse,FACT_MEXEMP_1576;FACT_MEXEMP_1577;FACT_MEXEMP_1578;FACT_MEXEMP_1579;FACT_MEXEMP_1580,Creative use: Mexico帝国崩壊を欧州国際政治の同時危機として整理できる。 Verification needed: yes. Caution: Mexico政策への影響はフランス側・オーストリア側・メキシコ共和派側の資料で要クロスチェック。
TIME_MEXEMP_0238,1866年8月、MaximilianはCarlotaにNapoleon IIIとの交渉成果を期待した,draft,2026-06-08,2026-06-08,timeline;chapter2;mexemp;shawcross,1866-08,,month,Gregorian,primary_testimony,probable,CarlotaがFranceへ到着する直前、Maximilianは彼女に対し、Napoleon IIIはなお有利な立場にあり、French troops残留、追加財政支援、Bazaine更迭を交渉する好機だと書き送った。,SRC_SHAWCROSS_2022_LAST_EMPEROR_MEXICO,Chapter 2 THE ARCHDUKE AND THE PRINCESS / 7 THE END OF THE AFFAIR,Kindle PC 213/400,No.3020/7062,スクリーンショット 2026-05-31 13.09.55.png,Maximilian;Carlota;Napoleon III;Achille Bazaine,Carlota’s mission to Europe,Mexico;France,Mexican Empire;French Empire;French army,diplomatic misjudgment;French military dependence,FACT_MEXEMP_1581;FACT_MEXEMP_1582;FACT_MEXEMP_1584;FACT_MEXEMP_1585,Creative use: Carlota渡欧直前のMaximilianの期待と誤算を示す導入場面にできる。 Verification needed: yes. Caution: Maximilianの認識・書簡内容として扱い、Napoleon IIIの実際の余力とは分ける。
TIME_MEXEMP_0239,1866年8月初旬、CarlotaはSaint-Nazaireへ到着した,draft,2026-06-08,2026-06-08,timeline;chapter2;mexemp;shawcross,1866-08,,month,Gregorian,historical_fact,probable,Carlotaは1866年8月初旬にSaint-Nazaireへ到着した。この時点でPrussiaはAustriaに短期戦で勝利し、Napoleon IIIの欧州外交は悪化していた。,SRC_SHAWCROSS_2022_LAST_EMPEROR_MEXICO,Chapter 2 THE ARCHDUKE AND THE PRINCESS / 7 THE END OF THE AFFAIR,Kindle PC 213/400,No.3020/7062,スクリーンショット 2026-05-31 13.09.55.png,Carlota;Napoleon III;Franz Joseph;Otto von Bismarck,Carlota’s mission to Europe;Austro-Prussian War,Saint-Nazaire;France;Prussia;Austria,French Empire;Prussian army;Austrian army,European balance of power;Habsburg crisis;Napoleon III’s foreign policy,FACT_MEXEMP_1586;FACT_MEXEMP_1587;FACT_MEXEMP_1588;FACT_MEXEMP_1589,Creative use: Carlotaの到着とNapoleon IIIの弱体化を同時に描く転換点にできる。 Verification needed: yes. Caution: Saint-Nazaire到着の正確な日付、Prussia勝利後のFrance国内反応は別資料で確認する。
TIME_MEXEMP_0240,1866年8月、Napoleon IIIの対Prussia外交危機が深まったとされる,draft,2026-06-08,2026-06-08,timeline;chapter2;mexemp;shawcross,1866-08,,month,Gregorian,variant_disputed,uncertain,Napoleon IIIはBismarckが約束したとされる領土的見返りを求めようとしたが、Prussia側は強硬に応じ、France国内では対Prussia政策批判が高まったと叙述される。,SRC_SHAWCROSS_2022_LAST_EMPEROR_MEXICO,Chapter 2 THE ARCHDUKE AND THE PRINCESS / 7 THE END OF THE AFFAIR,Kindle PC 213/400,No.3020/7062,スクリーンショット 2026-05-31 13.09.55.png,Napoleon III;Otto von Bismarck,Bismarck-Napoleon III diplomatic crisis,France;Prussia;Rhine,French Empire;Prussian army,secret diplomacy;European balance of power;French public opinion,FACT_MEXEMP_1590;FACT_MEXEMP_1591;FACT_MEXEMP_1592;FACT_MEXEMP_1593,Creative use: Napoleon IIIがMexico支援を回避する外交的背景として使える。 Verification needed: yes. Caution: Bismarckとの約束・領土的見返りは外交史上要検証。断定しない。
TIME_MEXEMP_0241,1866年8月11日、CarlotaはSaint-CloudでのNapoleon III謁見へ向かった,draft,2026-06-08,2026-06-08,timeline;chapter2;mexemp;shawcross,1866-08-11,,day,Gregorian,primary_testimony,probable,CarlotaはNapoleon IIIに謁見するため、ParisのホテルからSaint-Cloudへ向かった。彼女は群衆の歓声を受けたが、不安を抱えつつ、到着時には宮廷儀礼の中で平静を取り戻したと描かれる。,SRC_SHAWCROSS_2022_LAST_EMPEROR_MEXICO,Chapter 2 THE ARCHDUKE AND THE PRINCESS / 7 THE END OF THE AFFAIR,Kindle PC 213/400,No.3020/7062,スクリーンショット 2026-05-31 13.09.55.png,Carlota;Napoleon III;Juan Nepomuceno Almonte,Saint-Cloud audience,Paris;Grand Hotel;Saint-Cloud,French Empire;Mexican Empire;Imperial Guard,imperial audience;court ritual;diplomatic crisis,FACT_MEXEMP_1605;FACT_MEXEMP_1606;FACT_MEXEMP_1607;FACT_MEXEMP_1608,Creative use: CarlotaのFrance交渉編の劇的山場として使える。 Verification needed: yes. Caution: Parisの群衆の歓声をMexico国内支持と混同しない。謁見内容は次ページ以降で確認する。
TIME_MEXEMP_0242,1866年8月11日、CarlotaはSaint-CloudでNapoleon IIIへ支援継続を訴えた,draft,2026-06-08,2026-06-08,timeline;chapter2;mexemp;shawcross,1866-08-11,,day,Gregorian,primary_testimony,probable,CarlotaはSaint-CloudでNapoleon IIIと面会し、Maximilianの書簡・覚書・関連文書を提示して、FranceがMaximilianとMexican Empireを見捨てないよう訴えた。Napoleon IIIは、個人的感情とは別に、支援はもはや自分の裁量ではないと述べたとされる。,SRC_SHAWCROSS_2022_LAST_EMPEROR_MEXICO,Chapter 2 THE ARCHDUKE AND THE PRINCESS / 7 THE END OF THE AFFAIR,Kindle PC 216/400,No.3060/7062,スクリーンショット 2026-05-31 13.09.58.png,Carlota;Napoleon III;Maximilian;Eugenie,Carlota's meeting with Napoleon III;French withdrawal from Mexico,Saint-Cloud,French Empire;Mexican Empire,diplomatic appeal;imperial obligation;abandonment,FACT_MEXEMP_1609;FACT_MEXEMP_1610;FACT_MEXEMP_1611;FACT_MEXEMP_1612;FACT_MEXEMP_1613;FACT_MEXEMP_1614;FACT_MEXEMP_1615;FACT_MEXEMP_1616;FACT_MEXEMP_1617;FACT_MEXEMP_1618;FACT_MEXEMP_1619,Creative use: Carlotaの最初の直接交渉場面として使える。 Verification needed: yes. Caution: Carlotaの訴えをMexico国民による帝政支持の証拠として扱わない。
TIME_MEXEMP_0243,"1866年8月13日、Carlotaは月額500,000 francsの補助を求めた",draft,2026-06-08,2026-06-08,timeline;chapter2;mexemp;shawcross,1866-08-13,,day,Gregorian,primary_testimony,probable,"CarlotaはNapoleon IIIと二度目に会い、Mexican Empireに月額500,000 francsを支払うことを承認するよう求めた。彼女はNapoleon IIIがMaximilianに送った手書き書簡を示し、Franceの約束を想起させようとした。",SRC_SHAWCROSS_2022_LAST_EMPEROR_MEXICO,Chapter 2 THE ARCHDUKE AND THE PRINCESS / 7 THE END OF THE AFFAIR,Kindle PC 216/400,No.3060/7062,スクリーンショット 2026-05-31 13.09.58.png,Carlota;Napoleon III;Maximilian,Carlota's second meeting with Napoleon III,Paris,French Empire;Mexican Empire,financial dependency;subsidy;diplomatic pressure,FACT_MEXEMP_1621;FACT_MEXEMP_1622;FACT_MEXEMP_1623;FACT_MEXEMP_1624,Creative use: 補助金要求と過去の約束を突きつける場面として使える。 Verification needed: yes. Caution: 補助金要求は帝政の財政依存を示すが、Mexico側財務資料で照合する。
TIME_MEXEMP_0244,1866年8月14日頃、フランス閣議はMexicoへの追加資金・兵力投入を拒否した,draft,2026-06-08,2026-06-08,timeline;chapter2;mexemp;shawcross,1866-08-14,,inferred_day_from_context,Gregorian,historical_fact,probable,8月13日の会談翌日、フランス閣議はMexicoにこれ以上French moneyもFrench soldiersも投入しない方針を確認した。Carlotaの交渉は政策判断を変えられなかった。,SRC_SHAWCROSS_2022_LAST_EMPEROR_MEXICO,Chapter 2 THE ARCHDUKE AND THE PRINCESS / 7 THE END OF THE AFFAIR,Kindle PC 216/400,No.3060/7062,スクリーンショット 2026-05-31 13.09.58.png,Carlota;Napoleon III,French withdrawal from Mexico,Paris;Mexico,French Empire;French government;French army;Mexican Empire,policy decision;military withdrawal;fiscal refusal,FACT_MEXEMP_1625,Creative use: FranceがMexico帝国延命を打ち切る決定的場面として使える。 Verification needed: yes. Caution: 日付は文脈上の翌日推定として扱い、閣議記録で確認する。
TIME_MEXEMP_0245,1866年8月15日、CarlotaはMaximilianへなお希望を持つと書いた,draft,2026-06-08,2026-06-08,timeline;chapter2;mexemp;shawcross,1866-08-15,,day,Gregorian,primary_testimony,probable,"CarlotaはMaximilianへ書簡を送り、月額500,000 francsの補助金獲得に失敗したことを認めつつ、なお何かを成し遂げられるという確信を示した。またNapoleon IIIとEugenieへの失望も伝えたとされる。",SRC_SHAWCROSS_2022_LAST_EMPEROR_MEXICO,Chapter 2 THE ARCHDUKE AND THE PRINCESS / 7 THE END OF THE AFFAIR,Kindle PC 216/400,No.3060/7062,スクリーンショット 2026-05-31 13.09.58.png,Carlota;Maximilian;Napoleon III;Eugenie,Carlota's mission to France,Paris;Mexico,French Empire;Mexican Empire,marital correspondence;failed negotiation;hope against evidence,FACT_MEXEMP_1626;FACT_MEXEMP_1627;FACT_MEXEMP_1628,Creative use: 敗北を認めつつ希望を手放さないCarlotaの内面描写に使える。 Verification needed: yes. Caution: Carlotaの私的評価を客観的人物評として扱わない。
TIME_MEXEMP_0246,1866年8月19日、Napoleon IIIはGrand HotelでCarlotaを最終的に拒絶した,draft,2026-06-08,2026-06-08,timeline;chapter2;mexemp;shawcross,1866-08-19,,day,Gregorian,primary_testimony,probable,Napoleon IIIはGrand Hotelを訪れてCarlotaと会談した。CarlotaはFrench support継続を最後まで訴え、Corps législatifが資金を認めないなら議会を解散しFrench peopleに問うべきだと主張したが、Napoleon IIIは彼女の希望を否定し、返答せず退室した。,SRC_SHAWCROSS_2022_LAST_EMPEROR_MEXICO,Chapter 2 THE ARCHDUKE AND THE PRINCESS / 7 THE END OF THE AFFAIR,Kindle PC 216/400,No.3060/7062,スクリーンショット 2026-05-31 13.09.58.png,Carlota;Napoleon III,Carlota's final appeal to Napoleon III;French withdrawal from Mexico,Paris;Grand Hotel,French Empire;Corps législatif;Mexican Empire,final refusal;plebiscitary politics;imperial abandonment,FACT_MEXEMP_1629;FACT_MEXEMP_1630;FACT_MEXEMP_1631;FACT_MEXEMP_1632;FACT_MEXEMP_1633;FACT_MEXEMP_1634;FACT_MEXEMP_1635;FACT_MEXEMP_1636;FACT_MEXEMP_1637,Creative use: CarlotaのFrance交渉が完全に破綻する場面として使える。 Verification needed: yes. Caution: Carlotaの切迫感と、外国軍・外国資金による帝政延命工作という共和派側の見方を分けて扱う。
TIME_MEXEMP_0247,1866年8月22日、CarlotaはParisからMaximilianへ書簡を書いた,draft,2026-06-08,2026-06-08,timeline;chapter2;mexemp;shawcross,1866-08-22,,day,Gregorian,primary_testimony,probable,CarlotaはParisからMaximilianへ書簡を書き、Napoleon IIIの拒絶を政治的制約ではなく意図的裏切りとして描きつつ、Maximilianには退位せずMexicoに留まるよう促した。,SRC_SHAWCROSS_2022_LAST_EMPEROR_MEXICO,Chapter 2 THE ARCHDUKE AND THE PRINCESS / 7 THE END OF THE AFFAIR,Kindle PC 219/400,No.3100/7062,スクリーンショット 2026-05-31 13.10.01.png,Carlota;Maximilian;Napoleon III,Carlota's European mission,Paris;Mexico,French Empire;Mexican Empire;Corps législatif;United States,betrayal;abdication;imperial crisis,FACT_MEXEMP_1640;FACT_MEXEMP_1641;FACT_MEXEMP_1642;FACT_MEXEMP_1643;FACT_MEXEMP_1644;FACT_MEXEMP_1645;FACT_MEXEMP_1646;FACT_MEXEMP_1647,Creative use: Carlotaの精神状態と政治的執着を同時に示す書簡場面。 Verification needed: yes. Caution: 書簡原文を確認し、Carlotaの視点を客観情勢判断と混同しない。
TIME_MEXEMP_0248,1866年9月、CarlotaはRomeへ向かう前にMiramarで休息した,draft,2026-06-08,2026-06-08,timeline;chapter2;mexemp;shawcross,1866-09,,month,Gregorian,primary_testimony,probable,CarlotaはRomeへ向かう前にMiramarで休息した。Miramar到着時、彼女は故居を見て涙を流し、Maximilianから写真入り書簡を受け取ってさらに動揺したと叙述される。,SRC_SHAWCROSS_2022_LAST_EMPEROR_MEXICO,Chapter 2 THE ARCHDUKE AND THE PRINCESS / 7 THE END OF THE AFFAIR,Kindle PC 219/400,No.3100/7062,スクリーンショット 2026-05-31 13.10.01.png,Carlota;Maximilian,Miramar stay;planned Rome mission,Miramar;Rome,Mexican Empire;Catholic Church,homecoming;separation;concordat,FACT_MEXEMP_1652;FACT_MEXEMP_1653;FACT_MEXEMP_1654;FACT_MEXEMP_1655;FACT_MEXEMP_1656;FACT_MEXEMP_1657,Creative use: 過去の幸福と現在の危機を重ねる帰還場面。 Verification needed: yes. Caution: Miramar到着の具体日、書簡現物、心理描写の証言源を確認する。
TIME_MEXEMP_0249,1866年9月14日、BlasioがTriesteへ到着した,draft,2026-06-08,2026-06-08,timeline;chapter2;mexemp;shawcross,1866-09-14,,day,Gregorian,primary_testimony,probable,Maximilianから重要文書を託されたBlasioがTriesteへ到着し、Carlotaの異変、書簡改竄への疑念、Napoleon IIIへの恐怖を察知した。,SRC_SHAWCROSS_2022_LAST_EMPEROR_MEXICO,Chapter 2 THE ARCHDUKE AND THE PRINCESS / 7 THE END OF THE AFFAIR,Kindle PC 219/400,No.3100/7062,スクリーンショット 2026-05-31 13.10.01.png,José Luis Blasio;Carlota;Maximilian;Napoleon III,Blasio mission to Europe,Trieste,Mexican Empire;French Empire,paranoia;correspondence;observation,FACT_MEXEMP_1663;FACT_MEXEMP_1664;FACT_MEXEMP_1665;FACT_MEXEMP_1666;FACT_MEXEMP_1667;FACT_MEXEMP_1668,Creative use: 第三者の目からCarlotaの変調を描く場面。 Verification needed: yes. Caution: Blasioの正式役職と観察記録の原典を確認する。
TIME_MEXEMP_0250,1866年9月16日、CarlotaはMiramarでMexican independenceの祝宴を開いた,draft,2026-06-08,2026-06-08,timeline;chapter2;mexemp;shawcross,1866-09-16,,day,Gregorian,historical_fact,probable,Mexican independenceの記念日に、CarlotaはMiramarで祝宴を開いた。本文はBlasioがその夜の主催ぶりを観察したところで次画像へ続く。,SRC_SHAWCROSS_2022_LAST_EMPEROR_MEXICO,Chapter 2 THE ARCHDUKE AND THE PRINCESS / 7 THE END OF THE AFFAIR,Kindle PC 219/400,No.3100/7062,スクリーンショット 2026-05-31 13.10.01.png,Carlota;José Luis Blasio,Mexican Independence Day celebration at Miramar,Miramar,Mexican Empire,ceremony;imperial performance,FACT_MEXEMP_1671;FACT_MEXEMP_1672;FACT_MEXEMP_1673,Creative use: 崩壊しつつある帝国の儀礼と外見上の威厳を描ける。 Verification needed: yes. Caution: 祝宴内容とBlasioの観察内容は次画像で確認する。
TIME_MEXEMP_0251,1866年9月16日、BlasioはMiramar祝宴でCarlotaの外見を観察した,draft,2026-06-09,2026-06-09,timeline;chapter2;mexemp;shawcross,1866-09-16,,day,Gregorian,primary_testimony,probable,Mexican independence記念日にMiramarで開かれた晩餐の続きとして、BlasioはCarlotaが優雅に装い、異様に輝く目で微笑んでいたと観察した。,SRC_SHAWCROSS_2022_LAST_EMPEROR_MEXICO,Chapter 2 THE ARCHDUKE AND THE PRINCESS / 7 THE END OF THE AFFAIR,Kindle PC 222/400ページ,No.3140/7062,スクリーンショット 2026-05-31 13.10.04.png,Carlota;José Luis Blasio,Mexican independence記念祝宴,Miramar,Mexican Empire,Carlotaの精神状態;宮廷儀礼,FACT_MEXEMP_1674,Creative use: 外見上の威厳と内面の崩壊を同時に見せる場面。 Verification needed: yes.
TIME_MEXEMP_0252,1866年9月18日頃、CarlotaはRomeへ向けて出発した,draft,2026-06-09,2026-06-09,timeline;chapter2;mexemp;shawcross,1866-09-18,,inferred_day,Gregorian,historical_fact,probable,CarlotaはMiramarの祝宴から二日後、Romeへ向けて出発した。,SRC_SHAWCROSS_2022_LAST_EMPEROR_MEXICO,Chapter 2 THE ARCHDUKE AND THE PRINCESS / 7 THE END OF THE AFFAIR,Kindle PC 222/400ページ,No.3140/7062,スクリーンショット 2026-05-31 13.10.04.png,Carlota,Carlota's mission to Rome,Miramar;Rome,Mexican Empire;Catholic Church,Rome外交;concordat,FACT_MEXEMP_1675,Creative use: 最後の外交任務への出発として使える。 Verification needed: yes.
TIME_MEXEMP_0253,1866年9月27日、Pope Pius IXはVaticanでCarlotaを謁見した,draft,2026-06-09,2026-06-09,timeline;chapter2;mexemp;shawcross,1866-09-27,,day,Gregorian,primary_testimony,probable,午前11時、Pope Pius IXはVaticanでCarlotaを謁見した。Carlotaはconcordat案を渡したが、会談では主に毒殺への恐怖を訴えたと叙述される。,SRC_SHAWCROSS_2022_LAST_EMPEROR_MEXICO,Chapter 2 THE ARCHDUKE AND THE PRINCESS / 7 THE END OF THE AFFAIR,Kindle PC 222/400ページ,No.3140/7062,スクリーンショット 2026-05-31 13.10.04.png,Carlota;Pope Pius IX;Maximilian;Napoleon III,concordat negotiation,Vatican;Rome,Vatican;Catholic Church;Mexican Empire;French Empire,毒殺疑念;Papacy外交,FACT_MEXEMP_1686;FACT_MEXEMP_1687;FACT_MEXEMP_1688;FACT_MEXEMP_1689;FACT_MEXEMP_1690;FACT_MEXEMP_1691;FACT_MEXEMP_1692,Creative use: 外交交渉が心理崩壊の場面に変わる転換点。 Verification needed: yes.
TIME_MEXEMP_0254,1866年9月29日頃、Pope Pius IXはCarlotaを訪問した,draft,2026-06-09,2026-06-09,timeline;chapter2;mexemp;shawcross,1866-09-29,,inferred_day,Gregorian,primary_testimony,probable,9月27日の謁見から二日後、Pope Pius IXはCarlotaを訪問し、長時間二人きりで話した。その後、Carlotaは食事に毒がないか強く警戒した。,SRC_SHAWCROSS_2022_LAST_EMPEROR_MEXICO,Chapter 2 THE ARCHDUKE AND THE PRINCESS / 7 THE END OF THE AFFAIR,Kindle PC 222/400ページ,No.3140/7062,スクリーンショット 2026-05-31 13.10.04.png,Carlota;Pope Pius IX,Carlota's mission to Rome,Rome;Grand Hotel,Vatican;Catholic Church,食物恐怖;毒殺疑念,FACT_MEXEMP_1693;FACT_MEXEMP_1694,Creative use: Popeの訪問後も不安が収まらない場面に使える。 Verification needed: yes.
TIME_MEXEMP_0255,1866年9月30日頃、CarlotaはTrevi Fountainを経てVaticanへ庇護を求めた,draft,2026-06-09,2026-06-09,timeline;chapter2;mexemp;shawcross,1866-09-30,,inferred_day,Gregorian,primary_testimony,probable,Pope訪問の翌朝、CarlotaはTrevi Fountainで水を汲んだ後、Vaticanへ予告なく赴き、Pius IXに命の危険を訴えて庇護を求めた。,SRC_SHAWCROSS_2022_LAST_EMPEROR_MEXICO,Chapter 2 THE ARCHDUKE AND THE PRINCESS / 7 THE END OF THE AFFAIR,Kindle PC 222/400ページ,No.3140/7062,スクリーンショット 2026-05-31 13.10.04.png,Carlota;Pope Pius IX;Manuela Gutiérrez Estrada del Barrio,Carlota's mission to Rome,Rome;Trevi Fountain;Vatican,Vatican;Catholic Church,庇護要求;被害妄想;水,FACT_MEXEMP_1695;FACT_MEXEMP_1696;FACT_MEXEMP_1697;FACT_MEXEMP_1698;FACT_MEXEMP_1699;FACT_MEXEMP_1700;FACT_MEXEMP_1701;FACT_MEXEMP_1702;FACT_MEXEMP_1703;FACT_MEXEMP_1704;FACT_MEXEMP_1705;FACT_MEXEMP_1706,Creative use: 皇后がVaticanで救済を求める劇的場面として使える。 Verification needed: yes.
TIME_MEXEMP_0256,1866年9月30日頃、Pius IXはCarlotaのVatican宿泊を例外的に認めた,draft,2026-06-09,2026-06-09,timeline;chapter2;mexemp;shawcross,1866-09-30,,inferred_day,Gregorian,primary_testimony,probable,CarlotaはVaticanを去ることを拒み、Pius IXは例外的に図書室に二つの寝台を用意させた。Manuela Gutiérrez Estrada del BarrioがCarlotaを見守った。,SRC_SHAWCROSS_2022_LAST_EMPEROR_MEXICO,Chapter 2 THE ARCHDUKE AND THE PRINCESS / 7 THE END OF THE AFFAIR,Kindle PC 224/400ページ,No.3179/7062,スクリーンショット 2026-05-31 13.10.07.png,Carlota;Pope Pius IX;Manuela Gutiérrez Estrada del Barrio,Carlota's Vatican asylum episode,Vatican;Rome,Vatican,papal protection;crisis management,FACT_MEXEMP_1708;FACT_MEXEMP_1709;FACT_MEXEMP_1710;FACT_MEXEMP_1711,Creative use: Vaticanの制度的秩序がCarlotaの危機によって破られる場面。 Verification needed: yes.
TIME_MEXEMP_0257,1866年10月1日頃、Carlotaは修道院で火傷して失神した,draft,2026-06-09,2026-06-09,timeline;chapter2;mexemp;shawcross,1866-10-01,,inferred_day,Gregorian,primary_testimony,probable,Vatican滞在の翌日、Carlotaは遺言を作りMaximilianへ別れの言葉を書いた後、近くの修道院で食器への毒殺恐怖を示し、煮えた料理の鍋で手に火傷を負って失神した。,SRC_SHAWCROSS_2022_LAST_EMPEROR_MEXICO,Chapter 2 THE ARCHDUKE AND THE PRINCESS / 7 THE END OF THE AFFAIR,Kindle PC 224/400ページ,No.3179/7062,スクリーンショット 2026-05-31 13.10.07.png,Carlota;Maximilian;nuns,Carlota's breakdown,Vatican;nearby convent;Rome;Grand Hotel,Catholic Church;Mexican Empire,death fear;poison fear;bodily collapse,FACT_MEXEMP_1712;FACT_MEXEMP_1713;FACT_MEXEMP_1714;FACT_MEXEMP_1715;FACT_MEXEMP_1716;FACT_MEXEMP_1717,Creative use: Carlotaの心理的危機が身体的負傷に変わる場面。 Verification needed: yes.
TIME_MEXEMP_0258,1866年10月8日、PhilippeがRomeへ到着しCarlotaをMiramarへ移した,draft,2026-06-09,2026-06-09,timeline;chapter2;mexemp;shawcross,1866-10-08,,exact_day,Gregorian,historical_fact,probable,"Carlotaの弟Philippe, Count of FlandersがBelgiumから到着し、CarlotaをRomeからMiramarへ連れて行って静養させた。",SRC_SHAWCROSS_2022_LAST_EMPEROR_MEXICO,Chapter 2 THE ARCHDUKE AND THE PRINCESS / 7 THE END OF THE AFFAIR,Kindle PC 224/400ページ,No.3179/7062,スクリーンショット 2026-05-31 13.10.07.png,"Carlota;Philippe, Count of Flanders",Carlota's breakdown,Belgium;Rome;Miramar,Belgian royal family;Habsburg family,family intervention;convalescence;imperial collapse,FACT_MEXEMP_1725;FACT_MEXEMP_1726,Creative use: Carlotaの政治的使命が終わり、家族による保護へ移る転換点。 Verification needed: yes.
TIME_MEXEMP_0259,1865年末頃、JuárezはEscobedoを国境地帯へ送りArmy of the Northを指揮させた,draft,2026-06-09,2026-06-09,timeline;chapter2;mexemp;shawcross,1865-late,,approximate_period,Gregorian,historical_fact,probable,Benito JuárezはMariano Escobedoを国境地帯へ送り、Army of the Northを指揮させた。Escobedoの任務は、共和派を憲法政府の下にまとめ、帝国に対抗させることだった。,SRC_SHAWCROSS_2022_LAST_EMPEROR_MEXICO,Chapter 2 THE ARCHDUKE AND THE PRINCESS / 8 ABDICATION CRISIS,Kindle PC 227/400ページ,No.3205/7062,スクリーンショット 2026-05-31 13.10.11.png,Benito Juárez;Mariano Escobedo,Matamoros campaign,northern Mexico,Army of the North;Republic of Mexico;Juaristas,republican command;constitutional government,FACT_MEXEMP_1744;FACT_MEXEMP_1745,Creative use: Juárez側が北部戦線を再編する政治・軍事転換点として使える。 Verification needed: yes. Caution: 正確な任命日と命令文は要確認。共和派の軍事行動を単なる反乱として扱わない。
TIME_MEXEMP_0260,1866年1月、Brownsvilleで募集された部隊がBagdadを攻撃した,draft,2026-06-09,2026-06-09,timeline;chapter2;mexemp;shawcross,1866-01,,month,Gregorian,historical_fact,probable,Brownsvilleで募集された雑多な部隊が、Matamoros下流の補給港Bagdadを攻撃した。BagdadはMejíaにとって海路補給の重要地点だった。,SRC_SHAWCROSS_2022_LAST_EMPEROR_MEXICO,Chapter 2 THE ARCHDUKE AND THE PRINCESS / 8 ABDICATION CRISIS,Kindle PC 227/400ページ,No.3205/7062,スクリーンショット 2026-05-31 13.10.11.png,Tomás Mejía;Mariano Escobedo,Bagdad raid,Brownsville;Bagdad;Matamoros;Rio Grande,Juaristas;Mexican imperialistas;French army,border warfare;logistics;republican resistance,FACT_MEXEMP_1736;FACT_MEXEMP_1737;FACT_MEXEMP_1738;FACT_MEXEMP_1739;FACT_MEXEMP_1740;FACT_MEXEMP_1741,Creative use: 小規模越境襲撃が帝国支配の脆弱性を露呈する事件として使える。 Verification needed: yes. Caution: 正確な日付、襲撃側の構成、Bagdad奪回時期は要確認。略奪を含む叙述と共和派の反占領抵抗を分けて扱う。
TIME_MEXEMP_0261,1866年6月7日、大規模輸送隊がMonterrey方面へ向けて出発した,draft,2026-06-09,2026-06-09,timeline;chapter2;mexemp;shawcross,1866-06-07,,exact_day,Gregorian,historical_fact,probable,"Ernst Pitnerらが護衛する大規模輸送隊が、Monterrey方面へ向けて出発した。輸送隊は約200台の荷車、2,000頭以上のラバ、約1,100万フラン相当の商品を含んでいた。",SRC_SHAWCROSS_2022_LAST_EMPEROR_MEXICO,Chapter 2 THE ARCHDUKE AND THE PRINCESS / 8 ABDICATION CRISIS,Kindle PC 227/400ページ,No.3205/7062,スクリーンショット 2026-05-31 13.10.11.png,Ernst Pitner,convoy march toward Monterrey,Monterrey;Nuevo León;northeast Mexico,Austrian Legion;Mexican imperialistas,logistics;convoy;military march,FACT_MEXEMP_1750;FACT_MEXEMP_1752;FACT_MEXEMP_1753,Creative use: 巨大輸送隊が酷暑の荒野へ動き出す場面として使える。 Verification needed: yes. Caution: 出発地、正式名称、商品内容、所有者、実際の到達状況は要確認。
TIME_MEXEMP_0262,1866年6月7日から8日にかけて輸送隊でAustriansが日射病により死亡した,draft,2026-06-09,2026-06-09,timeline;chapter2;mexemp;shawcross,1866-06-07,1866-06-08,date_range,Gregorian,historical_fact,probable,輸送隊出発初日にAustrians 5人が日射病で死亡し、翌日さらに3人が死亡した。兵士たちは水不足と暑熱に苦しみ、サボテンの実を食べて下痢に悩まされた。,SRC_SHAWCROSS_2022_LAST_EMPEROR_MEXICO,Chapter 2 THE ARCHDUKE AND THE PRINCESS / 8 ABDICATION CRISIS,Kindle PC 227/400ページ,No.3205/7062,スクリーンショット 2026-05-31 13.10.11.png,Ernst Pitner,convoy march toward Monterrey,northeast Mexico,Austrian Legion,heat casualties;logistics;environmental hardship,FACT_MEXEMP_1754;FACT_MEXEMP_1755,Creative use: 外国人兵士が環境に消耗される場面として使える。 Verification needed: yes. Caution: 死者数と行軍状況はPitner証言系の叙述として扱い、別記録で確認する。
TIME_MEXEMP_0263,1866年6月13日、輸送隊がJuaristasによる散発的銃撃を受け始めた,draft,2026-06-09,2026-06-09,timeline;chapter2;mexemp;shawcross,1866-06-13,,inferred_day,Gregorian,historical_fact,probable,輸送隊がJuaristasによる散発的銃撃を受け始めた。輸送隊は水不足のなか、近くの川へ向かって進み続けた。,SRC_SHAWCROSS_2022_LAST_EMPEROR_MEXICO,Chapter 2 THE ARCHDUKE AND THE PRINCESS / 8 ABDICATION CRISIS,Kindle PC 229/400ページ,No.3240/7062,スクリーンショット 2026-05-31 13.10.20.png,Ernst Pitner;Mariano Escobedo,Escobedo convoy ambush,northern Mexico,Juaristas;Austrian Legion;Mexican imperialistas,convoy logistics;border warfare,FACT_MEXEMP_1756;FACT_MEXEMP_1757,Creative use: 輸送隊が敵を見ないまま消耗していく開戦場面に使える。 Verification needed: yes. Caution: 日付は6月7日出発とOn the thirteenthからの推定。
TIME_MEXEMP_0264,1866年6月15日、輸送隊前衛がより激しい銃撃を受けて野営した,draft,2026-06-09,2026-06-09,timeline;chapter2;mexemp;shawcross,1866-06-15,,inferred_day,Gregorian,primary_testimony,probable,輸送隊前衛がより激しい銃撃を受け、前進できずに野営した。Pitnerは飢えと渇きのなかで不安な夜を記録した。,SRC_SHAWCROSS_2022_LAST_EMPEROR_MEXICO,Chapter 2 THE ARCHDUKE AND THE PRINCESS / 8 ABDICATION CRISIS,Kindle PC 229/400ページ,No.3240/7062,スクリーンショット 2026-05-31 13.10.20.png,Ernst Pitner,Escobedo convoy ambush,northern Mexico,Austrian Legion;Juaristas;Mexican imperialistas,exhaustion;thirst;battlefield testimony,FACT_MEXEMP_1759,Creative use: 戦闘前夜の心理的圧迫として使える。 Verification needed: yes. Caution: 日付はTwo days laterからの推定。
TIME_MEXEMP_0265,1866年6月16日、輸送隊はEscobedoの待ち伏せを受けて壊滅した,draft,2026-06-09,2026-06-09,timeline;chapter2;mexemp;shawcross,1866-06-16,,inferred_day,Gregorian,historical_fact,probable,輸送隊は水を求めて再出発したが、Escobedoの待ち伏せを受けた。Austrian Legionは大損害を受け、輸送隊と生存者はEscobedo側に捕獲された。,SRC_SHAWCROSS_2022_LAST_EMPEROR_MEXICO,Chapter 2 THE ARCHDUKE AND THE PRINCESS / 8 ABDICATION CRISIS,Kindle PC 229/400ページ,No.3240/7062,スクリーンショット 2026-05-31 13.10.20.png,Mariano Escobedo;Ernst Pitner,Escobedo convoy ambush,northern Mexico,Juaristas;Austrian Legion;Mexican imperialistas,ambush;foreign volunteers;republican victory,FACT_MEXEMP_1760;FACT_MEXEMP_1761;FACT_MEXEMP_1762;FACT_MEXEMP_1763;FACT_MEXEMP_1765;FACT_MEXEMP_1766;FACT_MEXEMP_1767,Creative use: 帝政北部戦線の転換点として使える。 Verification needed: yes. Caution: 戦闘名・正確な地名は画像内に出ていない。
TIME_MEXEMP_0266,1866年6月22日、Mejía軍のMatamoros撤退条件が合意された,draft,2026-06-09,2026-06-09,timeline;chapter2;mexemp;shawcross,1866-06-22,,exact_day,Gregorian,historical_fact,probable,MejíaがMatamorosを放棄し、部隊が武器を持って撤退する条件が合意された。,SRC_SHAWCROSS_2022_LAST_EMPEROR_MEXICO,Chapter 2 THE ARCHDUKE AND THE PRINCESS / 8 ABDICATION CRISIS,Kindle PC 229/400ページ,No.3240/7062,スクリーンショット 2026-05-31 13.10.20.png,Tomás Mejía;Antonio Carvajal,fall of Matamoros,Matamoros;Brownsville,Mexican imperialistas;Juaristas,surrender negotiations;border control,FACT_MEXEMP_1769;FACT_MEXEMP_1770;FACT_MEXEMP_1771,Creative use: 敗北の交渉場面として使える。 Verification needed: yes. Caution: 合意文書や撤退条件の詳細は未確認。
TIME_MEXEMP_0267,1866年6月23日、Mejía軍はBagdad港へ向かいFrench shipに乗船した,draft,2026-06-09,2026-06-09,timeline;chapter2;mexemp;shawcross,1866-06-23,,inferred_day,Gregorian,historical_fact,probable,Mejía軍はMatamorosを離れ、Bagdad港へ向かい、French shipに乗船した。,SRC_SHAWCROSS_2022_LAST_EMPEROR_MEXICO,Chapter 2 THE ARCHDUKE AND THE PRINCESS / 8 ABDICATION CRISIS,Kindle PC 229/400ページ,No.3240/7062,スクリーンショット 2026-05-31 13.10.20.png,Tomás Mejía,fall of Matamoros,Matamoros;Bagdad;Rio Grande,Mexican imperialistas;French army,evacuation;imperial retreat;French support,FACT_MEXEMP_1772;FACT_MEXEMP_1773;FACT_MEXEMP_1774,Creative use: 軍楽・旗を伴う敗北の退場場面として使える。 Verification needed: yes. Caution: 6月22日の翌日として推定。船名・行先は画像内では不明。
TIME_MEXEMP_0268,1866年7月26日、Monterreyが放棄された,draft,2026-06-09,2026-06-09,timeline;chapter2;mexemp;shawcross,1866-07-26,,exact_day,Gregorian,historical_fact,probable,French armyの後退が続くなか、Monterreyが放棄された。,SRC_SHAWCROSS_2022_LAST_EMPEROR_MEXICO,Chapter 2 THE ARCHDUKE AND THE PRINCESS / 8 ABDICATION CRISIS,Kindle PC 229/400ページ,No.3240/7062,スクリーンショット 2026-05-31 13.10.20.png,Benito Juárez,evacuation of Monterrey,Monterrey,French army;Juaristas;Mexican imperialistas,French withdrawal;northern campaign;imperial retreat,FACT_MEXEMP_1775,Creative use: 北部帝政支配崩壊の連鎖として使える。 Verification needed: yes. Caution: 誰が撤退を実施したか、撤退部隊の構成は要確認。
TIME_MEXEMP_0269,1863年、Jesús González OrtegaがPueblaをFrench armyに降伏させた人物として言及される,draft,2026-06-09,2026-06-09,timeline;chapter2;mexemp;shawcross,1863,,year,Gregorian,historical_fact,probable,Jesús González OrtegaがPueblaをFrench armyに降伏させた人物として言及される。,SRC_SHAWCROSS_2022_LAST_EMPEROR_MEXICO,Chapter 2 THE ARCHDUKE AND THE PRINCESS / 8 ABDICATION CRISIS,Kindle PC 232/400ページ,No.3280/7062,スクリーンショット 2026-05-31 13.10.23.png,Jesús González Ortega,French Intervention in Mexico,Puebla,French army,republican legitimacy,,Creative use: Ortegaの大統領継承主張に対して、過去のPuebla降伏が政治的弱点として残る構図に使える。 Verification needed: yes. Caution: Puebla降伏の経緯とOrtega評価は別史料で確認する。
TIME_MEXEMP_0270,1865年11月、Juárezの大統領任期満了をめぐる正統性問題が生じた,draft,2026-06-09,2026-06-09,timeline;chapter2;mexemp;shawcross,1865-11,,month,Gregorian,historical_fact,probable,Juárezの大統領任期が満了し、1857年憲法上の大統領継承をめぐってJesús González Ortegaとの正統性問題が生じた。,SRC_SHAWCROSS_2022_LAST_EMPEROR_MEXICO,Chapter 2 THE ARCHDUKE AND THE PRINCESS / 8 ABDICATION CRISIS,Kindle PC 232/400ページ,No.3280/7062,スクリーンショット 2026-05-31 13.10.23.png,Benito Juárez;Jesús González Ortega,Juárez-Ortega Constitutional Dispute,Mexico,Republic of Mexico,constitutional legitimacy;republican factionalism,FACT_MEXEMP_1780;FACT_MEXEMP_1781;FACT_MEXEMP_1782,Creative use: 共和派側にも法的正統性の緊張があったことを描ける。 Verification needed: yes. Caution: 1857年憲法と非常時措置の法的根拠を一次資料で確認する。
TIME_MEXEMP_0271,1866年2月以降、Samuel BaschはMaximilianの新任医師として近くにいた,draft,2026-06-09,2026-06-09,timeline;chapter2;mexemp;shawcross,1866-02,,month,Gregorian,historical_fact,probable,Samuel Baschは1866年2月以降にMexicoに滞在しており、この時期Maximilianの新任医師として近くにいた。,SRC_SHAWCROSS_2022_LAST_EMPEROR_MEXICO,Chapter 2 THE ARCHDUKE AND THE PRINCESS / 8 ABDICATION CRISIS,Kindle PC 232/400ページ,No.3280/7062,スクリーンショット 2026-05-31 13.10.23.png,Samuel Basch;Maximilian,Abdication Crisis,Mexico,,medical adviser;court isolation,FACT_MEXEMP_1795,Creative use: 若い医師が皇帝の身体的衰弱を見守るが政治的には影響できない構図に使える。 Verification needed: yes. Caution: Baschの着任時期、年齢、医師としての役割は本人回想・医療史料で確認する。
TIME_MEXEMP_0272,1866年9月23日、Servando CanalesはJesús González Ortega支持を宣言した,draft,2026-06-09,2026-06-09,timeline;chapter2;mexemp;shawcross,1866-09-23,,inferred_day,Gregorian,historical_fact,probable,Servando CanalesはJuárezの召喚を無視し、Jesús González Ortega支持を宣言した。,SRC_SHAWCROSS_2022_LAST_EMPEROR_MEXICO,Chapter 2 THE ARCHDUKE AND THE PRINCESS / 8 ABDICATION CRISIS,Kindle PC 232/400ページ,No.3280/7062,スクリーンショット 2026-05-31 13.10.23.png,Servando Canales;Benito Juárez;Jesús González Ortega,Matamoros Crisis;Juárez-Ortega Constitutional Dispute,Matamoros;Chihuahua,,republican factionalism;rival legitimacy,FACT_MEXEMP_1787;FACT_MEXEMP_1789,Creative use: 帝政崩壊の最中、反帝政側にも内部分裂が走る場面に使える。 Verification needed: yes. Caution: 年は文脈から1866年と推定。日付と宣言経緯は別史料で確認する。
TIME_MEXEMP_0279,1866年9月、Sewardの抗議を受けNapoleon IIIがBazaine人事を問題視した,candidate,2026-06-09,2026-06-09,timeline;chapter2;mexemp;shawcross,1866-09,,month,Gregorian,historical_fact,probable,Sewardの抗議がParisに届き、Napoleon IIIはBazaineによるフランス軍将校の閣僚任命承認を問題視し、将校辞任命令・Bazaine叱責・公式否認を行った。,SRC_SHAWCROSS_2022_LAST_EMPEROR_MEXICO,Chapter 2 THE ARCHDUKE AND THE PRINCESS / 8 ABDICATION CRISIS,Kindle PC 237/400ページ,No.3361/7062,スクリーンショット 2026-05-31 13.10.33.png,William H. Seward;Napoleon III;Achille Bazaine;Maximilian,US diplomatic pressure;Bazaine appointments dispute,Paris;Mexico,United States government;French army;French government,diplomacy;military command;foreign intervention,FACT_MEXEMP_1833;FACT_MEXEMP_1834,Date label: 1866-09. Creative use: 米国圧力がフランスの撤退処理を加速する転換点。 Verification needed: yes.
TIME_MEXEMP_0280,1866年夏、大西洋横断電信ケーブルがMexico-Europe通信を短縮し得る状況になった,candidate,2026-06-09,2026-06-09,timeline;chapter2;mexemp;shawcross,1866-summer,,approximate_period,Gregorian,historical_fact,probable,大西洋横断電信ケーブルが運用可能となり、MexicoとEuropeの通信がUnited States経由で数日単位に短縮され得る状況になった。,SRC_SHAWCROSS_2022_LAST_EMPEROR_MEXICO,Chapter 2 THE ARCHDUKE AND THE PRINCESS / 8 ABDICATION CRISIS,Kindle PC 237/400ページ,No.3361/7062,スクリーンショット 2026-05-31 13.10.33.png,Maximilian;Napoleon III,Transatlantic cable operation,Mexico;United States;France,none,telegraphy;communication;crisis management,FACT_MEXEMP_1838;FACT_MEXEMP_1839,Date label: 1866夏. Creative use: 近代通信の到来と政治的孤立の対比に使える。 Verification needed: yes.
TIME_MEXEMP_0281,1866年9月17日、François Castelnauが退位勧告とBazaine監視の任務でFranceを出発した,candidate,2026-06-09,2026-06-09,timeline;chapter2;mexemp;shawcross,1866-09-17,,day,Gregorian,historical_fact,probable,François Castelnauは、Maximilianに退位を迫り、Bazaineの行動を監視する任務を帯びてFranceを出発した。,SRC_SHAWCROSS_2022_LAST_EMPEROR_MEXICO,Chapter 2 THE ARCHDUKE AND THE PRINCESS / 8 ABDICATION CRISIS,Kindle PC 237/400ページ,No.3361/7062,スクリーンショット 2026-05-31 13.10.33.png,François Castelnau;Napoleon III;Maximilian;Achille Bazaine,Castelnau mission;Abdication Crisis,France;Mexico,French army;French Empire,abdication;military oversight;French withdrawal,FACT_MEXEMP_1835;FACT_MEXEMP_1836;FACT_MEXEMP_1840;FACT_MEXEMP_1841;FACT_MEXEMP_1842,Date label: 1866-09-17. Creative use: 祝賀の翌日に退位勧告の使者が出る皮肉な構成に使える。 Verification needed: yes.
TIME_MEXEMP_0282,1866年10月初旬、Europeからの郵便でCarlotaとNapoleon IIIの書簡が届いた,candidate,2026-06-09,2026-06-09,timeline;chapter2;mexemp;shawcross,1866-10,,approximate_period,Gregorian,historical_fact,probable,Europeからの最新郵便がMexicoに到着し、Carlotaの8月末書簡とNapoleon IIIの8月29日書簡がMaximilianに届いた。,SRC_SHAWCROSS_2022_LAST_EMPEROR_MEXICO,Chapter 2 THE ARCHDUKE AND THE PRINCESS / 8 ABDICATION CRISIS,Kindle PC 237/400ページ,No.3361/7062,スクリーンショット 2026-05-31 13.10.33.png,Maximilian;Carlota;Napoleon III,Abdication Crisis;Carlota mission to Europe,Mexico;Europe;France,French Empire,correspondence;withdrawal;failed diplomacy,FACT_MEXEMP_1843;FACT_MEXEMP_1844;FACT_MEXEMP_1845;FACT_MEXEMP_1846,Date label: 1866-10初旬. Creative use: 郵便到着で楽観が崩れる場面に使える。 Verification needed: yes.
TIME_MEXEMP_0283,1866年10月18日、Carlotaの病気を知らせる電報がMaximilian周辺に届いた,candidate,2026-06-09,2026-06-09,timeline;chapter2;mexemp;shawcross,1866-10-18,,day,Gregorian,historical_fact,probable,Europeから2通の電報が届き、HerzfeldはCarlotaの病気を知らせる内容だと気づいてMaximilianに隠そうとしたが、Maximilianは異変を察した。,SRC_SHAWCROSS_2022_LAST_EMPEROR_MEXICO,Chapter 2 THE ARCHDUKE AND THE PRINCESS / 8 ABDICATION CRISIS,Kindle PC 237/400ページ,No.3361/7062,スクリーンショット 2026-05-31 13.10.33.png,Maximilian;Carlota;Stefan Herzfeld;Samuel Basch,Carlota illness telegram;Abdication Crisis,Mexico;Europe;Miramar,Mexican imperial court,illness report;court crisis;personal tragedy,FACT_MEXEMP_1854;FACT_MEXEMP_1855;FACT_MEXEMP_1856,Date label: 1866-10-18. Creative use: 政治危機から私的悲劇へ転じる場面。 Verification needed: yes.
TIME_MEXEMP_0292,1866年10月21日、Maximilianは退位前三条件を提示した,draft,2026-06-09,2026-06-09,timeline;chapter2;mexemp;shawcross,1866-10-21,,day,Gregorian,primary_testimony,probable,MaximilianはBazaine宛書簡で、退位前に軍法会議停止、Black Decree撤回、戦争終結という三点の処理を求め、合意後に退位確認文書を送るとした。,SRC_SHAWCROSS_2022_LAST_EMPEROR_MEXICO,Chapter 2 THE ARCHDUKE AND THE PRINCESS / 8 ABDICATION CRISIS,Kindle PC 243/400ページ,No.3441/7062,スクリーンショット 2026-05-31 13.10.39.png,Maximilian;Achille Bazaine,Abdication Crisis;Black Decree,Orizaba;Mexico City,French army;Mexican Empire,abdication;wartime repression;conditional resignation,FACT_MEXEMP_1881;FACT_MEXEMP_1882,Creative use: 退位交渉の第一段階として使える。 Verification needed: yes.
TIME_MEXEMP_0293,1866年10月27日、MaximilianはOrizabaで歓迎された,draft,2026-06-09,2026-06-09,timeline;chapter2;mexemp;shawcross,1866-10-27,,day,Gregorian,historical_fact,probable,日没が近づくころ、MaximilianはOrizabaへ到着し、群衆の花や歓声、Imperial armyの敬礼、砲声、教会の鐘、花火に迎えられた。,SRC_SHAWCROSS_2022_LAST_EMPEROR_MEXICO,Chapter 2 THE ARCHDUKE AND THE PRINCESS / 8 ABDICATION CRISIS,Kindle PC 243/400ページ,No.3441/7062,スクリーンショット 2026-05-31 13.10.39.png,Maximilian,Orizaba reception;Abdication Crisis,Orizaba,Imperial army;Catholic Church,public reception;imperial ritual;legitimacy crisis,FACT_MEXEMP_1900;FACT_MEXEMP_1901;FACT_MEXEMP_1902;FACT_MEXEMP_1903;FACT_MEXEMP_1904,Creative use: 退位直前の歓迎場面として強い視覚効果がある。 Verification needed: yes.
TIME_MEXEMP_0294,1866年10月31日、Maximilianメモは退位確認ではなかった,draft,2026-06-09,2026-06-09,timeline;chapter2;mexemp;shawcross,1866-10-31,,day,Gregorian,primary_testimony,probable,MaximilianからのメモがMexico Cityに届いたが、それは退位確認ではなく、Austrian and Belgian volunteersの処遇を出国前に決める必要を繰り返すものだった。,SRC_SHAWCROSS_2022_LAST_EMPEROR_MEXICO,Chapter 2 THE ARCHDUKE AND THE PRINCESS / 8 ABDICATION CRISIS,Kindle PC 243/400ページ,No.3441/7062,スクリーンショット 2026-05-31 13.10.39.png,Maximilian;François Castelnau;Achille Bazaine;Alphonse Dano,Abdication Crisis,Orizaba;Mexico City,Austrian volunteers;Belgian volunteers;French Empire,foreign volunteers;abdication delay;military responsibility,FACT_MEXEMP_1895;FACT_MEXEMP_1896,Creative use: フランス側の期待が空振りする場面として使える。 Verification needed: yes.
TIME_MEXEMP_0295,1866年11月12日、Maximilianは退位前五分野への回答を求めた,draft,2026-06-09,2026-06-09,timeline;chapter2;mexemp;shawcross,1866-11-12,,day,Gregorian,primary_testimony,probable,MaximilianはBazaine宛の11月12日付書簡で、退位前に解決すべき事項について集団的回答を求め、外国人義勇兵の帰国、Iturbide familyへの支払い、未払い債務処理などを含む五分野を示した。,SRC_SHAWCROSS_2022_LAST_EMPEROR_MEXICO,Chapter 2 THE ARCHDUKE AND THE PRINCESS / 8 ABDICATION CRISIS,Kindle PC 243/400ページ,No.3441/7062,スクリーンショット 2026-05-31 13.10.39.png,Maximilian;Achille Bazaine;François Castelnau;Alphonse Dano;Iturbide family,Abdication Crisis;Iturbide adoption issue,Orizaba;Mexico City,Austrian volunteers;Belgian volunteers;Iturbide family;French Empire,abdication conditions;dynastic obligation;financial settlement,FACT_MEXEMP_1897;FACT_MEXEMP_1898,Creative use: 退位前交渉の第二段階として使える。 Verification needed: yes.
TIME_MEXEMP_0296,1866年11月、フランス側三人はMaximilian要求への同意書簡に署名した,draft,2026-06-09,2026-06-09,timeline;chapter2;mexemp;shawcross,1866-11,,month,Gregorian,historical_fact,probable,Castelnau、Bazaine、Alphonse DanoはMaximilianの要求に同意する書簡に署名し、Napoleon IIIが求めた退位実現に近づいたと判断したが、正式確認はなおMaximilianから必要だった。,SRC_SHAWCROSS_2022_LAST_EMPEROR_MEXICO,Chapter 2 THE ARCHDUKE AND THE PRINCESS / 8 ABDICATION CRISIS,Kindle PC 243/400ページ,No.3441/7062,スクリーンショット 2026-05-31 13.10.39.png,François Castelnau;Achille Bazaine;Alphonse Dano;Maximilian;Napoleon III,Abdication Crisis;Castelnau mission,Mexico City,French Empire,French withdrawal;abdication;diplomatic pressure,FACT_MEXEMP_1899,Creative use: 退位はほぼ決まったと見えるが未確定という緊張を作れる。 Verification needed: yes.
TIME_MEXEMP_0297,1866年12月想定でMaximilianはEurope到着とCorfu行きを計画した,draft,2026-06-09,2026-06-09,timeline;chapter2;mexemp;shawcross,1866-12,,month,Gregorian,historical_fact,probable,Maximilianは、退位・出国準備の中で、12月までにEuropeへ到着する想定で旅行手配を進め、Habsburg landsでの反応を不安視してCorfu行きを計画した。,SRC_SHAWCROSS_2022_LAST_EMPEROR_MEXICO,Chapter 2 THE ARCHDUKE AND THE PRINCESS / 8 ABDICATION CRISIS,Kindle PC 243/400ページ,No.3441/7062,スクリーンショット 2026-05-31 13.10.39.png,Maximilian;Carlota,Abdication Crisis;planned exile,Europe;Habsburg lands;Corfu,Habsburg dynasty,exile;dynastic anxiety;abdication preparation,FACT_MEXEMP_1906;FACT_MEXEMP_1907,Creative use: 退位後の帰還先を失った皇帝の孤立として描ける。 Verification needed: yes.
TIME_MEXEMP_0298,1866年10月末から11月初旬、Maximilianは声明とHerzfeld派遣で退位準備を進めた,draft,2026-06-09,2026-06-09,timeline;chapter2;mexemp;shawcross,1866-10-late_to_1866-11-early,,approximate_period,Gregorian,historical_fact,probable,Maximilianは退位・出国準備の中で報道向け声明を作成し、世論に働きかけ、フランス側への責任帰属とCarlotaの病状を強調しようとした。またHerzfeldを欧州での調整に向かわせた。,SRC_SHAWCROSS_2022_LAST_EMPEROR_MEXICO,Chapter 2 THE ARCHDUKE AND THE PRINCESS / 8 ABDICATION CRISIS,Kindle PC 246/400ページ,No.3482/7062,スクリーンショット 2026-05-31 13.10.42.png,Maximilian;Carlota;Stefan Herzfeld,Abdication Crisis,Orizaba;Europe,French Empire,propaganda;public opinion;abdication;exile preparation,FACT_MEXEMP_1909;FACT_MEXEMP_1910,Creative use: 退位直前の世論戦・自己弁護として使える。 Verification needed: yes.
TIME_MEXEMP_0299,1866年11月1日、ScarlettがOrizabaへ到着した,draft,2026-06-09,2026-06-09,timeline;chapter2;mexemp;shawcross,1866-11-01,,day,Gregorian,historical_fact,probable,Peter Campbell Scarlettは家族とともにOrizabaへ到着し、Maximilianの相談相手となって数週間滞在した。,SRC_SHAWCROSS_2022_LAST_EMPEROR_MEXICO,Chapter 2 THE ARCHDUKE AND THE PRINCESS / 8 ABDICATION CRISIS,Kindle PC 246/400ページ,No.3482/7062,スクリーンショット 2026-05-31 13.10.42.png,Peter Campbell Scarlett;Maximilian,Abdication Crisis,Orizaba,Britain,diplomatic counsel;imperial isolation,FACT_MEXEMP_1929;FACT_MEXEMP_1930;FACT_MEXEMP_1931;FACT_MEXEMP_1932;FACT_MEXEMP_1933;FACT_MEXEMP_1934;FACT_MEXEMP_1935;FACT_MEXEMP_1936,Creative use: 外交官の私的助言者としてScarlettを配置できる。 Verification needed: yes.
TIME_MEXEMP_0300,1866年11月7日、Miramón夫妻がVeracruzへ到着した,draft,2026-06-09,2026-06-09,timeline;chapter2;mexemp;shawcross,1866-11-07,,day,Gregorian,historical_fact,probable,Miguel Miramónと妻Concepción LombardoはVeracruzへ到着した。Miramónは正式な召還を受けていなかったが、Maximilianまたは保守派のために帰国したとされる。,SRC_SHAWCROSS_2022_LAST_EMPEROR_MEXICO,Chapter 2 THE ARCHDUKE AND THE PRINCESS / 8 ABDICATION CRISIS,Kindle PC 246/400ページ,No.3482/7062,スクリーンショット 2026-05-31 13.10.42.png,Miguel Miramón;Concepción Lombardo;Maximilian,Miramón’s return to Mexico;Abdication Crisis,Veracruz;Orizaba,Conservative Party,conservative military support;imperial crisis,FACT_MEXEMP_1920;FACT_MEXEMP_1921;FACT_MEXEMP_1922;FACT_MEXEMP_1923;FACT_MEXEMP_1924,Creative use: 退位阻止派に軍事的支柱が加わる場面として使える。 Verification needed: yes.
TIME_MEXEMP_0301,1866年11月、Fischerは退位阻止の説得工作を行った,draft,2026-06-09,2026-06-09,timeline;chapter2;mexemp;shawcross,1866-11,,month,Gregorian,author_interpretation,probable,FischerはMiramónやScarlettに接近し、Maximilianをメキシコに留めるため、退位反対論、保守派の軍事的希望、反フランス的説明を組み合わせて説得工作を行った。,SRC_SHAWCROSS_2022_LAST_EMPEROR_MEXICO,Chapter 2 THE ARCHDUKE AND THE PRINCESS / 8 ABDICATION CRISIS,Kindle PC 246/400ページ,No.3482/7062,スクリーンショット 2026-05-31 13.10.42.png,Augustin Fischer;Miguel Miramón;Peter Campbell Scarlett;Maximilian,Abdication Crisis;French withdrawal,Orizaba,Conservative Party;France;United States,political persuasion;anti-French sentiment;abdication prevention,FACT_MEXEMP_1911;FACT_MEXEMP_1912;FACT_MEXEMP_1914;FACT_MEXEMP_1916;FACT_MEXEMP_1917;FACT_MEXEMP_1918;FACT_MEXEMP_1924;FACT_MEXEMP_1932;FACT_MEXEMP_1933;FACT_MEXEMP_1934;FACT_MEXEMP_1935;FACT_MEXEMP_1936,Creative use: Fischerを退位危機の工作者として描く軸になる。 Verification needed: yes.
TIME_MEXEMP_0302,1866年11月、ScarlettはMaximilianへMexico City帰還を助言した,draft,2026-06-09,2026-06-09,timeline;chapter2;mexemp;shawcross,1866-11,,month,Gregorian,primary_testimony,probable,FischerはScarlettに働きかけ、ScarlettはNapoleon IIIの8月29日付書簡を再解釈し、Maximilianに即時退位ではなくMexico City帰還と退位再考を助言した。,SRC_SHAWCROSS_2022_LAST_EMPEROR_MEXICO,Chapter 2 THE ARCHDUKE AND THE PRINCESS / 8 ABDICATION CRISIS,Kindle PC 249/400ページ,No.3522/7062,スクリーンショット 2026-05-31 13.10.45.png,Augustin Fischer;Peter Campbell Scarlett;Maximilian;Napoleon III,Abdication Crisis,Orizaba;Mexico City;Chapultepec,Britain;French Empire,abdication;diplomacy;political persuasion,FACT_MEXEMP_1937;FACT_MEXEMP_1938;FACT_MEXEMP_1939;FACT_MEXEMP_1940;FACT_MEXEMP_1941;FACT_MEXEMP_1942;FACT_MEXEMP_1943;FACT_MEXEMP_1944;FACT_MEXEMP_1945;FACT_MEXEMP_1946;FACT_MEXEMP_1947,Creative use: Fischerが英国外交官を使ってMaximilianの退位決意を崩す段階として使える。 Verification needed: yes.
TIME_MEXEMP_0303,1866年11月16日、Maximilianはフランス側回答に疑念を抱いた,draft,2026-06-09,2026-06-09,timeline;chapter2;mexemp;shawcross,1866-11-16,,day,Gregorian,primary_testimony,probable,Maximilianは退位条件へのフランス側回答を受け取り、債務が支払われない場合にはMexico新政府が処理するという趣旨の文言を見て、Franceが自分の帝政に代わる政府を準備していると受け止めた。,SRC_SHAWCROSS_2022_LAST_EMPEROR_MEXICO,Chapter 2 THE ARCHDUKE AND THE PRINCESS / 8 ABDICATION CRISIS,Kindle PC 249/400ページ,No.3522/7062,スクリーンショット 2026-05-31 13.10.45.png,Maximilian;Napoleon III,Abdication Crisis;French withdrawal from Mexico,Orizaba;Washington;Mexico,French Empire;United States;Mexican liberals;Republic of Mexico,anti-French sentiment;debt;successor government,FACT_MEXEMP_1950;FACT_MEXEMP_1951;FACT_MEXEMP_1952;FACT_MEXEMP_1953;FACT_MEXEMP_1954,Creative use: Maximilianの反フランス感情が爆発する転換点として使える。 Verification needed: yes.
TIME_MEXEMP_0304,1866年11月18日、MaximilianはBazaineへ未解決問題を伝えた,draft,2026-06-09,2026-06-09,timeline;chapter2;mexemp;shawcross,1866-11-18,,day,Gregorian,primary_testimony,probable,MaximilianはBazaineへ書簡を送り、利害を保護する堅固な政府の問題が未解決であると述べ、発熱を理由にBazaineへOrizaba来訪を求め、閣僚と助言者を招集して帝国の将来を投票で決める方針を伝えた。,SRC_SHAWCROSS_2022_LAST_EMPEROR_MEXICO,Chapter 2 THE ARCHDUKE AND THE PRINCESS / 8 ABDICATION CRISIS,Kindle PC 249/400ページ,No.3522/7062,スクリーンショット 2026-05-31 13.10.45.png,Maximilian;Achille Bazaine;François Castelnau;Alphonse Dano,Abdication Crisis,Orizaba;Mexico City,French army;French Empire;council of ministers,abdication conditions;cabinet vote;successor government,FACT_MEXEMP_1955;FACT_MEXEMP_1956;FACT_MEXEMP_1957,Creative use: 退位から条件闘争・閣議決定へ局面が変わる場面に使える。 Verification needed: yes.
TIME_MEXEMP_0305,1866年11月24日、LaresがOrizabaへ到着した,draft,2026-06-09,2026-06-09,timeline;chapter2;mexemp;shawcross,1866-11-24,,day,Gregorian,historical_fact,probable,LaresがOrizabaへ到着し、保守派は私的会話でMaximilianの名誉心に訴え、退位を思いとどまらせようとした。,SRC_SHAWCROSS_2022_LAST_EMPEROR_MEXICO,Chapter 2 THE ARCHDUKE AND THE PRINCESS / 8 ABDICATION CRISIS,Kindle PC 249/400ページ,No.3522/7062,スクリーンショット 2026-05-31 13.10.45.png,Teodosio Lares;Maximilian,Abdication Crisis,Orizaba,Conservative Party;council of ministers,honour;conservative pressure;imperial survival,FACT_MEXEMP_1958,Creative use: 保守派が名誉・世論・忠誠を使ってMaximilianを囲い込む場面に使える。 Verification needed: yes.
TIME_MEXEMP_0306,1866年11月25日、Orizabaで23人会議が退位可否を審議した,draft,2026-06-09,2026-06-09,timeline;chapter2;mexemp;shawcross,1866-11-25,,inferred_day,Gregorian,historical_fact,probable,Lares到着の翌日、Orizabaで23人の閣僚・助言者がMaximilianの退位可否を審議した。Bazaineは欠席し、投票は即時退位派2名、退位反対派10名、退位賛成だが延期を求める中間派11名に分かれた。,SRC_SHAWCROSS_2022_LAST_EMPEROR_MEXICO,Chapter 2 THE ARCHDUKE AND THE PRINCESS / 8 ABDICATION CRISIS,Kindle PC 252/400ページ,No.3564/7062,スクリーンショット 2026-05-31 13.10.49.png,Maximilian;Teodosio Lares;Achille Bazaine;François Castelnau;Alphonse Dano,Abdication Crisis,Orizaba,Mexican Empire;Conservative Party;French army,abdication;imperial council;political factions,FACT_MEXEMP_1959;FACT_MEXEMP_1961;FACT_MEXEMP_1962;FACT_MEXEMP_1963;FACT_MEXEMP_1964;FACT_MEXEMP_1965;FACT_MEXEMP_1966;FACT_MEXEMP_1967;FACT_MEXEMP_1968,Creative use: 退位危機の会議場面として使える。 Verification needed: yes.
TIME_MEXEMP_0307,1866年12月1日、Maximilianはnational congress招集を表明した,draft,2026-06-09,2026-06-09,timeline;chapter2;mexemp;shawcross,1866-12-01,,day,Gregorian,primary_testimony,probable,Maximilianはmanifestoを発し、全党派候補が参加するnational congressを招集して、帝政継続の可否を投票で決めると表明した。,SRC_SHAWCROSS_2022_LAST_EMPEROR_MEXICO,Chapter 2 THE ARCHDUKE AND THE PRINCESS / 8 ABDICATION CRISIS,Kindle PC 252/400ページ,No.3564/7062,スクリーンショット 2026-05-31 13.10.49.png,Maximilian;Andrew Johnson,Abdication Crisis;proposed national congress,Mexico;Orizaba,Mexican Empire;United States,manifesto;national vote;imperial legitimacy,FACT_MEXEMP_1969;FACT_MEXEMP_1970;FACT_MEXEMP_1971;FACT_MEXEMP_1972;FACT_MEXEMP_1973;FACT_MEXEMP_1974;FACT_MEXEMP_1975;FACT_MEXEMP_1976;FACT_MEXEMP_1977,Creative use: 退位ではなく国民的手続を掲げる転換点として使える。 Verification needed: yes.
TIME_MEXEMP_0308,1866年12月1日、Maximilianは欧州向け書簡で残留理由を説明した,draft,2026-06-09,2026-06-09,timeline;chapter2;mexemp;shawcross,1866-12-01,,day,Gregorian,primary_testimony,probable,Maximilianは欧州向け書簡で、FranceとUnited StatesがMexico独立を脅かしているとし、自分がMexicoに残る理由を説明した。,SRC_SHAWCROSS_2022_LAST_EMPEROR_MEXICO,Chapter 2 THE ARCHDUKE AND THE PRINCESS / 8 ABDICATION CRISIS,Kindle PC 252/400ページ,No.3564/7062,スクリーンショット 2026-05-31 13.10.49.png,Maximilian;Napoleon III;Andrew Johnson;Leonardo Márquez;Miguel Miramón,Abdication Crisis;French withdrawal from Mexico,Mexico;France;United States;Orizaba;Europe,Mexican Empire;French Empire;United States;European press,foreign intervention;United States diplomacy;self-justification,FACT_MEXEMP_1978;FACT_MEXEMP_1979;FACT_MEXEMP_1980;FACT_MEXEMP_1981,Creative use: 残留を国防・反外圧として説明する宣伝文脈に使える。 Verification needed: yes.
TIME_MEXEMP_0309,1866年12月1日午後3時、Mexico CityでMaximilianの決定が告知された,draft,2026-06-09,2026-06-09,timeline;chapter2;mexemp;shawcross,1866-12-01,,day,Gregorian,historical_fact,probable,12月1日午後3時、Mexico Cityでは公式紙が配布され、花火と教会鐘でMaximilianの決定が告知された。同様の祝賀はQuerétaro、Puebla、Orizabaなど帝政支持都市でも見られた。,SRC_SHAWCROSS_2022_LAST_EMPEROR_MEXICO,Chapter 2 THE ARCHDUKE AND THE PRINCESS / 8 ABDICATION CRISIS,Kindle PC 252/400ページ,No.3564/7062,スクリーンショット 2026-05-31 13.10.49.png,Maximilian,Abdication Crisis;December 1 manifesto,Mexico City;Querétaro;Puebla;Orizaba,Mexican Empire,public ceremony;propaganda;imperial loyalty,FACT_MEXEMP_1982;FACT_MEXEMP_1983;FACT_MEXEMP_1984,Creative use: 帝政の祝賀演出と崩壊寸前の現実を対比できる。 Verification needed: yes.
TIME_MEXEMP_0310,1866年12月3日、LaresがMaximilianの政府継続をフランス側へ伝えた,draft,2026-06-09,2026-06-09,timeline;chapter2;mexemp;shawcross,1866-12-03,,day,Gregorian,historical_fact,probable,Teodosio LaresはCastelnau・Dano・Bazaineに、Maximilianがフランスの支持なしに政府を継続すると伝えた。,SRC_SHAWCROSS_2022_LAST_EMPEROR_MEXICO,Chapter 2 THE ARCHDUKE AND THE PRINCESS / 8 ABDICATION CRISIS,Kindle PC 254/400ページ,No.3606/7062,スクリーンショット 2026-05-31 13.10.51.png,Teodosio Lares;Maximilian;François Castelnau;Alphonse Dano;Achille Bazaine,Abdication Crisis,Orizaba,Mexican Empire;French Empire,French withdrawal;imperial survival,FACT_MEXEMP_1987,Creative use: フランス側との決裂通知の場面。 Verification needed: yes.
TIME_MEXEMP_0311,1866年12月8日、Castelnau・Dano・Bazaineが退位要求の宣言を出した,draft,2026-06-09,2026-06-09,timeline;chapter2;mexemp;shawcross,1866-12-08,,day,Gregorian,primary_testimony,probable,Castelnau・Dano・Bazaineは署名付き宣言で、帝国が自力で存続することは不可能であり、Maximilianは退位すべきだと回答した。,SRC_SHAWCROSS_2022_LAST_EMPEROR_MEXICO,Chapter 2 THE ARCHDUKE AND THE PRINCESS / 8 ABDICATION CRISIS,Kindle PC 254/400ページ,No.3606/7062,スクリーンショット 2026-05-31 13.10.51.png,Maximilian;François Castelnau;Alphonse Dano;Achille Bazaine,Abdication Crisis,Mexico,French Empire;Mexican Empire,abdication;imperial dependency,FACT_MEXEMP_1988,Creative use: 退位要求がフランス側の署名付き宣言として表面化する。 Verification needed: yes.
TIME_MEXEMP_0312,1867年3月までにフランス側撤退完了が命じられた,draft,2026-06-09,2026-06-09,timeline;chapter2;mexemp;shawcross,1867-03,,month,Gregorian,primary_testimony,probable,Napoleon IIIは、メキシコからのフランス側撤退を1867年3月までに完了するよう命じた。,SRC_SHAWCROSS_2022_LAST_EMPEROR_MEXICO,Chapter 2 THE ARCHDUKE AND THE PRINCESS / 8 ABDICATION CRISIS,Kindle PC 254/400ページ,No.3606/7062,スクリーンショット 2026-05-31 13.10.51.png,Napoleon III;Maximilian;François Castelnau,French withdrawal from Mexico,Mexico;France,French Empire;French army,military withdrawal;French policy,FACT_MEXEMP_1989;FACT_MEXEMP_1990;FACT_MEXEMP_1991,Creative use: 撤退期限が帝国崩壊の時限装置になる。 Verification needed: yes.
TIME_MEXEMP_0313,1866年12月、フランスとの実質的協力が終了した,draft,2026-06-09,2026-06-09,timeline;chapter2;mexemp;shawcross,1866-12,,month,Gregorian,historical_fact,probable,1866年12月時点で、フランス軍・行政顧問・財政顧問らによるMaximilian政権への意味ある協力は終了したと整理される。,SRC_SHAWCROSS_2022_LAST_EMPEROR_MEXICO,Chapter 2 THE ARCHDUKE AND THE PRINCESS / 8 ABDICATION CRISIS,Kindle PC 254/400ページ,No.3606/7062,スクリーンショット 2026-05-31 13.10.51.png,Maximilian,French withdrawal from Mexico,Mexico,French army;French Empire;Mexican Empire,administrative collapse;French intervention,FACT_MEXEMP_1992;FACT_MEXEMP_1993,Creative use: 軍事だけでなく行政協力も消える崩壊過程を示せる。 Verification needed: yes.
TIME_MEXEMP_0314,1866年12月12日、MaximilianがOrizabaを出発した,draft,2026-06-09,2026-06-09,timeline;chapter2;mexemp;shawcross,1866-12-12,,day,Gregorian,historical_fact,probable,MaximilianはMexico Cityへ戻るため、Orizabaを出発した。,SRC_SHAWCROSS_2022_LAST_EMPEROR_MEXICO,Chapter 2 THE ARCHDUKE AND THE PRINCESS / 8 ABDICATION CRISIS,Kindle PC 254/400ページ,No.3606/7062,スクリーンショット 2026-05-31 13.10.51.png,Maximilian,Abdication Crisis,Orizaba;Mexico City,Mexican Empire,imperial movement;political crisis,FACT_MEXEMP_1994;FACT_MEXEMP_1995,Creative use: 危機下の緩慢な帰還行程として描ける。 Verification needed: yes.
TIME_MEXEMP_0315,1866年12月14日、MaximilianがPueblaに到着した,draft,2026-06-09,2026-06-09,timeline;chapter2;mexemp;shawcross,1866-12-14,,day,Gregorian,historical_fact,probable,MaximilianはPueblaに到着し、市外に滞在した。,SRC_SHAWCROSS_2022_LAST_EMPEROR_MEXICO,Chapter 2 THE ARCHDUKE AND THE PRINCESS / 8 ABDICATION CRISIS,Kindle PC 254/400ページ,No.3606/7062,スクリーンショット 2026-05-31 13.10.51.png,Maximilian,Abdication Crisis,Puebla,Mexican Empire,imperial movement,FACT_MEXEMP_1996;FACT_MEXEMP_1997;FACT_MEXEMP_1998;FACT_MEXEMP_1999,Creative use: 退位説得の舞台がPueblaへ移る。 Verification needed: yes.
TIME_MEXEMP_0316,1866年12月20日、CastelnauがPueblaに到着した,draft,2026-06-09,2026-06-09,timeline;chapter2;mexemp;shawcross,1866-12-20,,day,Gregorian,historical_fact,probable,CastelnauはMaximilianへの謁見のためPueblaへ到着した。,SRC_SHAWCROSS_2022_LAST_EMPEROR_MEXICO,Chapter 2 THE ARCHDUKE AND THE PRINCESS / 8 ABDICATION CRISIS,Kindle PC 254/400ページ,No.3606/7062,スクリーンショット 2026-05-31 13.10.51.png,François Castelnau;Maximilian,Abdication Crisis,Puebla,French Empire;Mexican Empire,diplomatic pressure;abdication,FACT_MEXEMP_2000,Creative use: 退位説得の直接対決への導入。 Verification needed: yes.
TIME_MEXEMP_0317,1866年12月21日、CastelnauがMaximilianに即時退位を求めた,draft,2026-06-09,2026-06-09,timeline;chapter2;mexemp;shawcross,1866-12-21,,inferred_day,Gregorian,primary_testimony,probable,CastelnauはPueblaでMaximilianと会談し、national congress構想はすでに不可能であり、即時退位のみがMexicoとMaximilianの生命を救うと主張した。,SRC_SHAWCROSS_2022_LAST_EMPEROR_MEXICO,Chapter 2 THE ARCHDUKE AND THE PRINCESS / 8 ABDICATION CRISIS,Kindle PC 254/400ページ,No.3606/7062,スクリーンショット 2026-05-31 13.10.51.png,Maximilian;François Castelnau,Abdication Crisis;national congress proposal,Puebla;Mexico,French Empire;Mexican Empire,abdication;national congress;imperial collapse,FACT_MEXEMP_2001;FACT_MEXEMP_2002;FACT_MEXEMP_2003;FACT_MEXEMP_2004,Creative use: 理想論と現実論の初回衝突。 Verification needed: yes.
TIME_MEXEMP_0318,1866年12月22日、CastelnauとDanoが再び退位を説得した,draft,2026-06-09,2026-06-09,timeline;chapter2;mexemp;shawcross,1866-12-22,,inferred_day,Gregorian,primary_testimony,probable,CastelnauはDanoを伴って再びMaximilianを説得し、人道とMexicoの利益のため退位すべきだと迫ったが、Maximilianは人民によってしか任を解かれないと主張した。,SRC_SHAWCROSS_2022_LAST_EMPEROR_MEXICO,Chapter 2 THE ARCHDUKE AND THE PRINCESS / 8 ABDICATION CRISIS,Kindle PC 254/400ページ,No.3606/7062,スクリーンショット 2026-05-31 13.10.51.png,Maximilian;François Castelnau;Alphonse Dano;Benito Juárez,Abdication Crisis;French withdrawal from Mexico,Puebla;Mexico;United States,French Empire;Mexican Empire;United States Army;Republic of Mexico,abdication;civil war;US pressure;imperial legitimacy,FACT_MEXEMP_2005;FACT_MEXEMP_2006;FACT_MEXEMP_2007;FACT_MEXEMP_2008,Creative use: Maximilianの義務感とCastelnauの現実診断を対立させられる。 Verification needed: yes.
TIME_MEXEMP_0319,1866年12月22日、MaximilianはJuárez選出なら祝福して退くと述べた,draft,2026-06-09,2026-06-09,timeline;chapter2;mexemp;shawcross,1866-12-22,,inferred_day,Gregorian,primary_testimony,probable,Pueblaでの退位説得の続きにおいて、Maximilianはnational congressがJuárezを選ぶ可能性を認め、その場合はJuárezを祝福してメキシコ共和国の一市民としてヨーロッパへ去ると述べた。,SRC_SHAWCROSS_2022_LAST_EMPEROR_MEXICO,Chapter 2 THE ARCHDUKE AND THE PRINCESS / 8 ABDICATION CRISIS,Kindle PC 257/400,No.3644/7062,スクリーンショット 2026-05-31 13.10.55.png,Maximilian;Benito Juárez;François Castelnau;Alphonse Dano,Abdication Crisis;proposed national congress,Puebla;Veracruz;Europe;Mexico,Mexican Empire;Republic of Mexico,abdication;legitimacy;republican succession,FACT_MEXEMP_2009;FACT_MEXEMP_2010;FACT_MEXEMP_2011,Creative use: Maximilianの名誉ある退位構想を示す会話場面に使える。 Verification needed: yes.
TIME_MEXEMP_0320,1866年12月22日、MaximilianはBazaineの帝政支持文書で反論した,draft,2026-06-09,2026-06-09,timeline;chapter2;mexemp;shawcross,1866-12-22,,inferred_day,Gregorian,primary_testimony,probable,DanoとCastelnauは、Bazaineも署名した退位勧告文書をMaximilianに提示したが、MaximilianはBazaineが帝政支持を示す別文書を持ち出して反論した。,SRC_SHAWCROSS_2022_LAST_EMPEROR_MEXICO,Chapter 2 THE ARCHDUKE AND THE PRINCESS / 8 ABDICATION CRISIS,Kindle PC 257/400,No.3644/7062,スクリーンショット 2026-05-31 13.10.55.png,Maximilian;Alphonse Dano;François Castelnau;Achille Bazaine,Abdication Crisis;Castelnau-Bazaine conflict,Puebla,French Empire;French army;Mexican Empire,conflicting instructions;abdication pressure;military dependency,FACT_MEXEMP_2012;FACT_MEXEMP_2013;FACT_MEXEMP_2014,Creative use: フランス側内部の矛盾が皇帝の残留判断を支える場面に使える。 Verification needed: yes.
TIME_MEXEMP_0321,1866年12月、CastelnauはNapoleon IIIにBazaineを非難した,draft,2026-06-09,2026-06-09,timeline;chapter2;mexemp;shawcross,1866-12,,month,Gregorian,primary_testimony,probable,CastelnauはNapoleon IIIに対し、BazaineがNapoleon IIIの利益を裏切ってMaximilianの残留を促していると非難した。,SRC_SHAWCROSS_2022_LAST_EMPEROR_MEXICO,Chapter 2 THE ARCHDUKE AND THE PRINCESS / 8 ABDICATION CRISIS,Kindle PC 257/400,No.3644/7062,スクリーンショット 2026-05-31 13.10.55.png,François Castelnau;Achille Bazaine;Napoleon III;Maximilian,Abdication Crisis;French withdrawal from Mexico;Castelnau-Bazaine conflict,Mexico;France,French Empire;French army;Mexican Empire,blame shifting;treason accusation;French command conflict,FACT_MEXEMP_2015;FACT_MEXEMP_2016,Creative use: フランス撤退局面の内部対立として使える。 Verification needed: yes.
TIME_MEXEMP_0322,1867年1月初め、MaximilianがMexico Cityへ戻った,draft,2026-06-09,2026-06-09,timeline;chapter2;mexemp;shawcross,1867-01,,month,Gregorian,primary_testimony,probable,1867年1月初め、MaximilianはMexico Cityへ戻った。Baschは、Mexico City滞在は健康そのものよりMaximilianの生命を危険にさらす恐れがあると答えた。,SRC_SHAWCROSS_2022_LAST_EMPEROR_MEXICO,Chapter 2 THE ARCHDUKE AND THE PRINCESS / 8 ABDICATION CRISIS,Kindle PC 257/400,No.3644/7062,スクリーンショット 2026-05-31 13.10.55.png,Maximilian;Samuel Basch,Abdication Crisis,Mexico City,Mexican Empire,return to capital;personal danger;medical counsel,FACT_MEXEMP_2027;FACT_MEXEMP_2028,Creative use: 首都帰還が政治的・身体的危機の深化を意味する場面に使える。 Verification needed: yes.
TIME_MEXEMP_0323,1867年1月5日、MaximilianはMexico City郊外へ静かに到着した,draft,2026-06-09,2026-06-09,timeline;chapter2;mexemp;shawcross,1867-01-05,,day,Gregorian,historical_fact,probable,Maximilianは健康悪化とCarlotaへの不安を抱えた状態で、Mexico City郊外の荒れた酪農場へ静かに到着した。Chapultepecの家具はVeracruzへ運ばれており、彼は空になった城で寝ることを拒んだ。,SRC_SHAWCROSS_2022_LAST_EMPEROR_MEXICO,Chapter 2 THE ARCHDUKE AND THE PRINCESS / 9 UNDER SIEGE,Kindle PC 260/400,No.3674/7062,スクリーンショット 2026-05-31 13.10.58.png,Maximilian;Carlota,Maximilian’s return to Mexico City;Under Siege,Mexico City;Chapultepec;Veracruz,Mexican Empire,health;political isolation;imperial decline,FACT_MEXEMP_2029;FACT_MEXEMP_2030;FACT_MEXEMP_2031,Creative use: 逼塞した帰還場面として使える。 Verification needed: yes.
TIME_MEXEMP_0324,1867年1月14日、Bazaineは閣議で帝国破綻を警告した,draft,2026-06-09,2026-06-09,timeline;chapter2;mexemp;shawcross,1867-01-14,,day,Gregorian,primary_testimony,probable,1月14日の閣議でBazaineは、国土の多数がJuárez支配下にあり、帝国は財政的・軍事的・政治的に破綻しているとして、Maximilianが残留すれば敗北濃厚な内戦の一派の長になると警告した。,SRC_SHAWCROSS_2022_LAST_EMPEROR_MEXICO,Chapter 2 THE ARCHDUKE AND THE PRINCESS / 9 UNDER SIEGE,Kindle PC 260/400,No.3674/7062,スクリーンショット 2026-05-31 13.10.58.png,Achille Bazaine;Maximilian;Benito Juárez,Conservative cabinet meeting of 14 January 1867,Mexico,Mexican Empire;French army;Conservative Party;Republic of Mexico,abdication crisis;military collapse;legitimacy crisis;civil war,FACT_MEXEMP_2039;FACT_MEXEMP_2040;FACT_MEXEMP_2041,Creative use: 軍事的現実を突きつける閣議場面に使える。 Verification needed: yes.
TIME_MEXEMP_0325,1867年1月14日、保守派閣僚は28対5でMaximilian続投を決めた,draft,2026-06-09,2026-06-09,timeline;chapter2;mexemp;shawcross,1867-01-14,,day,Gregorian,historical_fact,probable,同じ閣議で保守派閣僚たちは抗戦継続を主張し、兵員と資金を約束し、Labastida大司教はCatholic Churchの支持を表明した。会議は28対5でMaximilianの続投を決議した。,SRC_SHAWCROSS_2022_LAST_EMPEROR_MEXICO,Chapter 2 THE ARCHDUKE AND THE PRINCESS / 9 UNDER SIEGE,Kindle PC 260/400,No.3674/7062,スクリーンショット 2026-05-31 13.10.58.png,Maximilian;Leonardo Márquez;Pelagio Antonio de Labastida y Dávalos;Augustin Fischer;Achille Bazaine,Conservative cabinet meeting of 14 January 1867,Mexico,Conservative Party;Catholic Church;Mexican Empire;Mexican cabinet,conservative resistance;military mobilization;church support;forced loans;conscription,FACT_MEXEMP_2042;FACT_MEXEMP_2043;FACT_MEXEMP_2044;FACT_MEXEMP_2045;FACT_MEXEMP_2046;FACT_MEXEMP_2047;FACT_MEXEMP_2048;FACT_MEXEMP_2049,Creative use: 破滅的抗戦を決める多数決場面として使える。 Verification needed: yes.
TIME_MEXEMP_0326,1867年1月15日、Castagny配下のフランス軍残部がMexico Cityへ到着した,draft,2026-06-09,2026-06-09,timeline;chapter2;mexemp;shawcross,1867-01-15,,day,Gregorian,historical_fact,probable,General Castagny配下のフランス軍残部が、Sinaloa方面からの過酷な行軍を経てMexico Cityへ到着した。病気、日射病、戦闘で多くを失い、数百人のimperialista refugeesも同行していた。,SRC_SHAWCROSS_2022_LAST_EMPEROR_MEXICO,Chapter 2 THE ARCHDUKE AND THE PRINCESS / 9 UNDER SIEGE,Kindle PC 262/400,No.3713/7062,スクリーンショット 2026-05-31 13.11.01.png,General Castagny,French withdrawal,Sinaloa;Pacific Coast;Mexico City,French army;imperialistas,military retreat;refugee movement;imperial collapse,FACT_MEXEMP_2052;FACT_MEXEMP_2053;FACT_MEXEMP_2054,Creative use: 疲弊した撤退軍と難民が首都へ流れ込む場面に使える。 Verification needed: yes.
TIME_MEXEMP_0327,1867年2月1日、French armyはVeracruzへの安全通行保証期限を設定した,draft,2026-06-09,2026-06-09,timeline;chapter2;mexemp;shawcross,1867-02-01,,day,Gregorian,historical_fact,probable,French armyは、Veracruzへの安全な通行を保証できる最終日を1867年2月1日と設定した。資力のある者はMexico City脱出の準備を始めた。,SRC_SHAWCROSS_2022_LAST_EMPEROR_MEXICO,Chapter 2 THE ARCHDUKE AND THE PRINCESS / 9 UNDER SIEGE,Kindle PC 262/400,No.3713/7062,スクリーンショット 2026-05-31 13.11.01.png,Sara Yorke Stevenson,evacuation from Mexico City,Mexico City;Veracruz,French army,evacuation;elite panic;imperial collapse,FACT_MEXEMP_2055;FACT_MEXEMP_2056,Creative use: 首都からの脱出期限として緊張感を作れる。 Verification needed: yes.
TIME_MEXEMP_0328,1867年1月28日、Bazaineは帝政政府との連絡断絶を通告した,draft,2026-06-09,2026-06-09,timeline;chapter2;mexemp;shawcross,1867-01-28,,day,Gregorian,primary_testimony,probable,Teodosio Laresの抗議に怒ったBazaineは、帝政政府とは以後連絡しないと通告した。,SRC_SHAWCROSS_2022_LAST_EMPEROR_MEXICO,Chapter 2 THE ARCHDUKE AND THE PRINCESS / 9 UNDER SIEGE,Kindle PC 262/400,No.3713/7062,スクリーンショット 2026-05-31 13.11.01.png,Teodosio Lares;Achille Bazaine,Bazaine-Lares conflict,Mexico City,French army;imperial government,diplomatic rupture;imperial collapse,FACT_MEXEMP_2060,Creative use: フランス軍と帝政政府の断絶場面として使える。 Verification needed: yes.
TIME_MEXEMP_0329,1867年2月5日、French armyはMexico Cityから撤退した,draft,2026-06-09,2026-06-09,timeline;chapter2;mexemp;shawcross,1867-02-05,,day,Gregorian,historical_fact,probable,Mexico Cityのフランス軍司令部からフランス国旗が降ろされ、Bazaine率いるFrench armyが首都を去った。MaximilianはNational Palaceの屋上から撤退を見届けたとされる。,SRC_SHAWCROSS_2022_LAST_EMPEROR_MEXICO,Chapter 2 THE ARCHDUKE AND THE PRINCESS / 9 UNDER SIEGE,Kindle PC 262/400,No.3713/7062,スクリーンショット 2026-05-31 13.11.01.png,Maximilian;Achille Bazaine,French withdrawal from Mexico City,Mexico City;National Palace,French army,foreign military withdrawal;imperial isolation,FACT_MEXEMP_2064;FACT_MEXEMP_2065;FACT_MEXEMP_2066;FACT_MEXEMP_2067,Creative use: 帝政が庇護者を失う決定的場面。 Verification needed: yes.
TIME_MEXEMP_0330,1867年2月5日、MárquezはMexico City防衛の布告を掲示した,draft,2026-06-09,2026-06-09,timeline;chapter2;mexemp;shawcross,1867-02-05,,day,Gregorian,primary_testimony,probable,同日、Mexico CityではMárquezが首都防衛責任者として布告を掲示し、秩序違反への強硬対応と攻撃時の市民対応を示した。,SRC_SHAWCROSS_2022_LAST_EMPEROR_MEXICO,Chapter 2 THE ARCHDUKE AND THE PRINCESS / 9 UNDER SIEGE,Kindle PC 262/400,No.3713/7062,スクリーンショット 2026-05-31 13.11.01.png,Leonardo Márquez,Siege of Mexico City,Mexico City,imperial government,martial order;urban defense;conservative militarization,FACT_MEXEMP_2068;FACT_MEXEMP_2069;FACT_MEXEMP_2070,Creative use: フランス軍撤退直後の不安と軍事統制を描ける。 Verification needed: yes.
TIME_MEXEMP_0331,1866年10月、Porfirio DíazはArmy of the Eastを率いてOaxacaへ進軍した,draft,2026-06-09,2026-06-09,timeline;chapter2;mexemp;shawcross,1866-10,,month,Gregorian,historical_fact,probable,Porfirio DíazはArmy of the Eastを率い、Oaxacaへ進軍した。,SRC_SHAWCROSS_2022_LAST_EMPEROR_MEXICO,Chapter 2 THE ARCHDUKE AND THE PRINCESS / 9 UNDER SIEGE,Kindle PC 262/400,No.3713/7062,スクリーンショット 2026-05-31 13.11.01.png,Porfirio Díaz,Oaxaca campaign,Oaxaca,Army of the East;Juaristas,republican offensive,FACT_MEXEMP_2071;FACT_MEXEMP_2072,Creative use: Mexico City包囲へ向かう共和派攻勢の前段として使える。 Verification needed: yes.
TIME_MEXEMP_0332,1866年10月頃、DíazはOaxaca救援部隊を待ち伏せして破った,draft,2026-06-09,2026-06-09,timeline;chapter2;mexemp;shawcross,1866-10,,approximate_period,Gregorian,historical_fact,probable,"Oaxaca攻防の過程で、DíazはOaxaca救援に向かう約1,500人の帝政側部隊を周辺丘陵で待ち伏せして破った。捕虜が出て、鹵獲された砲はOaxaca攻撃に転用され、Oaxacaは約2週間後に降伏した。",SRC_SHAWCROSS_2022_LAST_EMPEROR_MEXICO,Chapter 2 THE ARCHDUKE AND THE PRINCESS / 9 UNDER SIEGE,Kindle PC 262/400,No.3713/7062,スクリーンショット 2026-05-31 13.11.01.png,Porfirio Díaz,Oaxaca campaign,Oaxaca,Army of the East;Juaristas;Austrian Legion;imperial troops,republican military success;imperial military failure,FACT_MEXEMP_2073;FACT_MEXEMP_2074;FACT_MEXEMP_2075;FACT_MEXEMP_2076,Creative use: 帝政側救援の失敗と共和派攻勢の加速を描ける。 Verification needed: yes.
TIME_MEXEMP_0333,1866年11月23日、US ArmyがMatamoros中心部を占拠した,draft,2026-06-09,2026-06-09,timeline;chapter2;mexemp;shawcross,1866-11-23,,day,Gregorian,historical_fact,probable,US ArmyがRio Grandeを越え、Matamorosの中心広場を占拠し、Stars and Stripesを掲げた。,SRC_SHAWCROSS_2022_LAST_EMPEROR_MEXICO,Chapter 2 THE ARCHDUKE AND THE PRINCESS / 9 UNDER SIEGE,Kindle PC 265/400,No.3753/7062,スクリーンショット 2026-05-31 13.11.03.png,Mariano Escobedo;Servando Canales,Matamoros conflict,Rio Grande;Matamoros,US Army;Republic of Mexico,United States intervention;republican divisions,FACT_MEXEMP_2080;FACT_MEXEMP_2081,Creative use: 米軍介入が共和派内部対立に割り込む場面として使える。 Verification needed: yes.
TIME_MEXEMP_0334,1866年11月24日、EscobedoはMatamorosを攻撃したが停戦に終わった,draft,2026-06-09,2026-06-09,timeline;chapter2;mexemp;shawcross,1866-11-24,,inferred_day,Gregorian,historical_fact,probable,EscobedoはMatamorosを攻撃したが、激しい戦闘は緊迫した停戦に終わった。,SRC_SHAWCROSS_2022_LAST_EMPEROR_MEXICO,Chapter 2 THE ARCHDUKE AND THE PRINCESS / 9 UNDER SIEGE,Kindle PC 265/400,No.3753/7062,スクリーンショット 2026-05-31 13.11.03.png,Mariano Escobedo;Servando Canales,Matamoros conflict,Matamoros,Republic of Mexico;Juaristas,republican divisions;ceasefire,FACT_MEXEMP_2082;FACT_MEXEMP_2083,Creative use: 交渉失敗後の短い戦闘と停戦として描ける。 Verification needed: yes.
TIME_MEXEMP_0335,1867年1月、González OrtegaはMexicoへ入れず再拘束された,draft,2026-06-09,2026-06-09,timeline;chapter2;mexemp;shawcross,1867-01,,month,Gregorian,historical_fact,probable,Jesús González OrtegaはMexicoへ入れず、Juaristasによって再び投獄された。,SRC_SHAWCROSS_2022_LAST_EMPEROR_MEXICO,Chapter 2 THE ARCHDUKE AND THE PRINCESS / 9 UNDER SIEGE,Kindle PC 265/400,No.3753/7062,スクリーンショット 2026-05-31 13.11.03.png,Jesús González Ortega;Benito Juárez,González Ortega presidential claim,New Orleans;Mexico,Juaristas;Republic of Mexico;United States authorities,contested legitimacy;republican divisions,FACT_MEXEMP_2085;FACT_MEXEMP_2086;FACT_MEXEMP_2087,Creative use: 対抗的請求者が実効政治から排除される場面として使える。 Verification needed: yes.
TIME_MEXEMP_0336,1867年1月末、JuaristasはCuernavacaを奪取した,draft,2026-06-09,2026-06-09,timeline;chapter2;mexemp;shawcross,1867-01,,approximate_period,Gregorian,historical_fact,probable,1867年1月末、JuaristasはCuernavacaを奪取し、Maximilianの退避地を失わせた。共和派はMexico Cityから一日の行軍距離に迫った。,SRC_SHAWCROSS_2022_LAST_EMPEROR_MEXICO,Chapter 2 THE ARCHDUKE AND THE PRINCESS / 9 UNDER SIEGE,Kindle PC 265/400,No.3753/7062,スクリーンショット 2026-05-31 13.11.03.png,Maximilian,Cuernavaca loss;Siege of Mexico City,Cuernavaca;Mexico City,Juaristas;Republic of Mexico;Mexican Empire,republican advance;siege;imperial collapse,FACT_MEXEMP_2090;FACT_MEXEMP_2091,Creative use: 首都の外縁が急速に狭まる場面として使える。 Verification needed: yes.
TIME_MEXEMP_0337,1866年12月28日、Miguel MiramónはMexico Cityを出発した,draft,2026-06-09,2026-06-09,timeline;chapter2;mexemp;shawcross,1866-12-28,,day,Gregorian,historical_fact,probable,Miguel Miramónは約400人を率いてMexico Cityを出発し、帝政側部隊を糾合して敵と戦う計画を進めた。,SRC_SHAWCROSS_2022_LAST_EMPEROR_MEXICO,Chapter 2 THE ARCHDUKE AND THE PRINCESS / 9 UNDER SIEGE,Kindle PC 265/400,No.3753/7062,スクリーンショット 2026-05-31 13.11.03.png,Miguel Miramón;Maximilian,Miramón Zacatecas raid,Mexico City,imperial army;Mexican Empire,conservative generals;tactical success,FACT_MEXEMP_2096;FACT_MEXEMP_2097,Creative use: 帝政側の最後の軍事的賭けの出発として使える。 Verification needed: yes.
TIME_MEXEMP_0338,"1867年1月20日、Miramónは約1,500人を率いてさらに北上した",draft,2026-06-09,2026-06-09,timeline;chapter2;mexemp;shawcross,1867-01-20,,day,Gregorian,historical_fact,probable,"Miramónは約1,500人、騎兵、砲兵を率いてさらに北へ進んだ。",SRC_SHAWCROSS_2022_LAST_EMPEROR_MEXICO,Chapter 2 THE ARCHDUKE AND THE PRINCESS / 9 UNDER SIEGE,Kindle PC 265/400,No.3753/7062,スクリーンショット 2026-05-31 13.11.03.png,Miguel Miramón,Miramón Zacatecas raid,Zacatecas,imperial army,conservative generals;tactical success,FACT_MEXEMP_2098,Creative use: 兵力を増やしたMiramónが攻勢へ向かう場面として使える。 Verification needed: yes.
TIME_MEXEMP_0339,1867年1月22日、JuárezはZacatecasへ入った,draft,2026-06-09,2026-06-09,timeline;chapter2;mexemp;shawcross,1867-01-22,,day,Gregorian,historical_fact,probable,JuárezはEscobedo軍の後方を追って南下し、Zacatecasへ入った。,SRC_SHAWCROSS_2022_LAST_EMPEROR_MEXICO,Chapter 2 THE ARCHDUKE AND THE PRINCESS / 9 UNDER SIEGE,Kindle PC 265/400,No.3753/7062,スクリーンショット 2026-05-31 13.11.03.png,Benito Juárez;Mariano Escobedo,Miramón Zacatecas raid;Escobedo southward advance,Zacatecas,Republic of Mexico;Juaristas,republican advance;contested legitimacy,FACT_MEXEMP_2099,Creative use: 共和派の前進と一時的な安心感を示す場面として使える。 Verification needed: yes.
TIME_MEXEMP_0340,1867年1月26日夜、Miramón軍はZacatecas周辺の要所を占拠した,draft,2026-06-09,2026-06-09,timeline;chapter2;mexemp;shawcross,1867-01-26,,day,Gregorian,historical_fact,probable,1月26日夜、Miramón軍はZacatecas周辺の要所を占拠した。,SRC_SHAWCROSS_2022_LAST_EMPEROR_MEXICO,Chapter 2 THE ARCHDUKE AND THE PRINCESS / 9 UNDER SIEGE,Kindle PC 265/400,No.3753/7062,スクリーンショット 2026-05-31 13.11.03.png,Miguel Miramón;Benito Juárez,Miramón Zacatecas raid,Zacatecas,imperial army;Juaristas,tactical success;strategic failure,FACT_MEXEMP_2100;FACT_MEXEMP_2101,Creative use: 夜間の接近と包囲準備として使える。 Verification needed: yes.
TIME_MEXEMP_0341,1867年1月27日、Miramón軍はZacatecasを攻撃しJuárezは脱出した,draft,2026-06-09,2026-06-09,timeline;chapter2;mexemp;shawcross,1867-01-27,,inferred_day,Gregorian,historical_fact,probable,Miramón軍はZacatecasを攻撃し、Juárezは町を脱出した。Miramón側騎兵はJuárezを追跡したが捕らえられなかった。,SRC_SHAWCROSS_2022_LAST_EMPEROR_MEXICO,Chapter 2 THE ARCHDUKE AND THE PRINCESS / 9 UNDER SIEGE,Kindle PC 265/400,No.3753/7062,スクリーンショット 2026-05-31 13.11.03.png,Miguel Miramón;Benito Juárez;Joaquín Miramón,Miramón Zacatecas raid,Zacatecas,imperial army;Juaristas,tactical success;strategic failure,FACT_MEXEMP_2101,Creative use: 奇襲の成功と標的逃亡の同時性を描ける。 Verification needed: yes.
TIME_MEXEMP_0342,1867年1月、MiramónはZacatecasを保持できず退却した,draft,2026-06-09,2026-06-09,timeline;chapter2;mexemp;shawcross,1867-01,,approximate_period,Gregorian,historical_fact,probable,Zacatecasを占領したMiramónは、兵力不足により数日後に町を保持できず、敵地で孤立する前に退却した。,SRC_SHAWCROSS_2022_LAST_EMPEROR_MEXICO,Chapter 2 THE ARCHDUKE AND THE PRINCESS / 9 UNDER SIEGE,Kindle PC 265/400,No.3753/7062,スクリーンショット 2026-05-31 13.11.03.png,Miguel Miramón;Benito Juárez;Maximilian,Miramón Zacatecas raid,Zacatecas;Mexico City,imperial army;Juaristas;Mexican Empire,tactical success;strategic failure;misplaced optimism,FACT_MEXEMP_2102;FACT_MEXEMP_2103;FACT_MEXEMP_2105,Creative use: 勝利が持続できず戦略的限界へ反転する場面として使える。 Verification needed: yes.
TIME_MEXEMP_0343,1867年3月12日、BazaineはVeracruzから出航した,draft,2026-06-09,2026-06-09,timeline;chapter2;mexemp;shawcross,1867-03-12,,day,Gregorian,historical_fact,probable,Achille Bazaineは、MaximilianをMexicoに残したまま、最後に近い撤退者の一人としてVeracruzから出航した。,SRC_SHAWCROSS_2022_LAST_EMPEROR_MEXICO,Chapter 2 THE ARCHDUKE AND THE PRINCESS / 9 UNDER SIEGE,Kindle PC 268/400,No.3792/7062,スクリーンショット 2026-05-31 13.11.07.png,Achille Bazaine;Maximilian,French withdrawal from Mexico,Veracruz;Mexico,French army;French Empire;Mexican Empire,end of French intervention;imperial abandonment,FACT_MEXEMP_2114;FACT_MEXEMP_2115;FACT_MEXEMP_2116,Creative use: フランス軍の後ろ盾が消える決定的節目として使える。 Verification needed: yes.
TIME_MEXEMP_0344,1867年2月13日、MaximilianはMexico Cityを出発した,draft,2026-06-09,2026-06-09,timeline;chapter2;mexemp;shawcross,1867-02-13,,day,Gregorian,historical_fact,probable,"Maximilianは約1,500人と5万ペソを伴い、Querétaro方面へ向かうためMexico Cityを出発した。",SRC_SHAWCROSS_2022_LAST_EMPEROR_MEXICO,Chapter 2 THE ARCHDUKE AND THE PRINCESS / 9 UNDER SIEGE,Kindle PC 268/400,No.3792/7062,スクリーンショット 2026-05-31 13.11.07.png,Maximilian;Leonardo Márquez;Miguel López,Maximilian’s march to Querétaro,Mexico City;Querétaro,imperial army;Mexican Empire,final campaign;military collapse;resource shortage,FACT_MEXEMP_2119;FACT_MEXEMP_2120;FACT_MEXEMP_2125,Creative use: Querétaro包囲戦へ向かう転換点として使える。 Verification needed: yes.
TIME_MEXEMP_0345,1867年2月17日、Maximilianは兵士へ布告を発した,draft,2026-06-09,2026-06-09,timeline;chapter2;mexemp;shawcross,1867-02-17,,day,Gregorian,primary_testimony,probable,MaximilianはMexico City出発から四日後に行軍を止め、兵士たちへ布告を発し、自らが最高指揮官として、外国干渉を離れてMexicoの独立のために戦うと呼びかけた。,SRC_SHAWCROSS_2022_LAST_EMPEROR_MEXICO,Chapter 2 THE ARCHDUKE AND THE PRINCESS / 9 UNDER SIEGE,Kindle PC 271/400,No.3832/7062,スクリーンショット 2026-05-31 13.11.10.png,Maximilian,February 17 proclamation;Maximilian’s march to Querétaro,Mexico;Querétaro,imperial army;French army,propaganda;sovereignty rhetoric;military morale,FACT_MEXEMP_2145;FACT_MEXEMP_2146;FACT_MEXEMP_2147,Creative use: 皇帝が外国軍撤退後の自立的指揮官として自分を演出する転換点。 Verification needed: yes.
TIME_MEXEMP_0346,1867年3月4日、共和派軍接近の知らせがQuerétaroの帝政側に届いた,draft,2026-06-10,2026-06-10,timeline;chapter2;mexemp;shawcross,1867-03-04,,day,Gregorian,historical_fact,probable,Querétaroの帝政側に、共和派軍が接近しているという知らせが届いた。,SRC_SHAWCROSS_2022_LAST_EMPEROR_MEXICO,Chapter 2 THE ARCHDUKE AND THE PRINCESS / 9 UNDER SIEGE,Kindle PC 273/400,No.3872/7062,スクリーンショット 2026-05-31 13.11.12.png,Maximilian,Siege of Querétaro,Querétaro,imperialistas;Republic of Mexico;Juaristas,military intelligence;siege opening,FACT_MEXEMP_2174,Creative use: 包囲開始の前兆日として使える。 Verification needed: yes.
TIME_MEXEMP_0347,1867年3月5日推定、共和派軍がQuerétaro西方へ集結し包囲が始まった,draft,2026-06-10,2026-06-10,timeline;chapter2;mexemp;shawcross,1867-03-05,,inferred_day,Gregorian,historical_fact,probable,3月4日の翌日、共和派軍がQuerétaro西方の平原に集結し、共和派軍を各個撃破する帝政側の可能性は消え、包囲が始まった。,SRC_SHAWCROSS_2022_LAST_EMPEROR_MEXICO,Chapter 2 THE ARCHDUKE AND THE PRINCESS / 9 UNDER SIEGE,Kindle PC 273/400,No.3872/7062,スクリーンショット 2026-05-31 13.11.12.png,Maximilian;Ramón Corona;Mariano Escobedo;Vicente Riva Palacio,Siege of Querétaro;Republican convergence on Querétaro,Querétaro,Republic of Mexico;Juaristas;imperialistas,siege warfare;military concentration,FACT_MEXEMP_2158;FACT_MEXEMP_2162;FACT_MEXEMP_2175,Creative use: 包囲戦開始の実質的転換点。 Verification needed: yes.
TIME_MEXEMP_0348,1867年3月13日、MaximilianはLa Cruzへ本営を移した,draft,2026-06-10,2026-06-10,timeline;chapter2;mexemp;shawcross,1867-03-13,,day,Gregorian,historical_fact,probable,MaximilianはCerro de las Campanasから、より安全で快適なLa Cruzへ本営を移し、元修道女の房を執務室と寝室として使い始めた。,SRC_SHAWCROSS_2022_LAST_EMPEROR_MEXICO,Chapter 2 THE ARCHDUKE AND THE PRINCESS / 9 UNDER SIEGE,Kindle PC 273/400,No.3872/7062,スクリーンショット 2026-05-31 13.11.12.png,Maximilian,Maximilian’s Querétaro headquarters;Defence of La Cruz;Siege of Querétaro,Cerro de las Campanas;La Cruz;Convent of Santa Cruz;Querétaro,imperial army,headquarters;defensive posture,FACT_MEXEMP_2183;FACT_MEXEMP_2186;FACT_MEXEMP_2187,Creative use: 本営移動による閉塞感の強化に使える。 Verification needed: yes.
"TIME_MEXEMP_0354","1867年3月14日、帝政側はLa Cruz東側の礼拝堂と周辺家屋を奪回した","draft","2026-06-10","2026-06-10","timeline;chapter2;mexemp;shawcross","1867-03-14","","day","Gregorian","historical_fact","probable","Querétaro攻撃の東側戦闘で、帝政側は砲兵を集中させ、La Cruz東側の礼拝堂と周辺家屋を最終的に奪回した。","SRC_SHAWCROSS_2022_LAST_EMPEROR_MEXICO","Chapter 2 THE ARCHDUKE AND THE PRINCESS / 9 UNDER SIEGE","Kindle PC 279/400","No.3946/7062","スクリーンショット 2026-05-31 13.11.18.png","Leonardo Márquez;Maximilian;Miguel Miramón","Siege of Querétaro","La Cruz;Convent of Santa Cruz;Querétaro","imperial army;imperialistas;Republic of Mexico","市街戦;修道院防衛","FACT_MEXEMP_2218;FACT_MEXEMP_2219","Creative use: 89枚目から続くMárquez反撃の結末として使える。 Verification needed: yes."
"TIME_MEXEMP_0355","1867年3月14日、Querétaroで帝政側の勝利祝賀と捕虜獲得があった","draft","2026-06-10","2026-06-10","timeline;chapter2;mexemp;shawcross","1867-03-14","","day","Gregorian","historical_fact","probable","3月14日の戦闘後、Querétaroでは帝政側が勝利を祝賀し、Maximilianは英雄として扱われ、多数の捕虜も取られた。","SRC_SHAWCROSS_2022_LAST_EMPEROR_MEXICO","Chapter 2 THE ARCHDUKE AND THE PRINCESS / 9 UNDER SIEGE","Kindle PC 279/400","No.3946/7062","スクリーンショット 2026-05-31 13.11.18.png","Maximilian;Ramón Méndez","Siege of Querétaro","Querétaro","imperial army;Republic of Mexico","士気高揚;捕虜;戦時儀礼","FACT_MEXEMP_2220;FACT_MEXEMP_2221;FACT_MEXEMP_2222;FACT_MEXEMP_2223;FACT_MEXEMP_2224;FACT_MEXEMP_2225;FACT_MEXEMP_2226","Creative use: 勝利の陶酔と包囲継続の落差を描ける。 Verification needed: yes."
"TIME_MEXEMP_0356","1867年3月21日推定、軍議はMárquezとVidaurriのMexico City脱出を決めた","draft","2026-06-10","2026-06-10","timeline;chapter2;mexemp;shawcross","1867-03-21","","inferred_day","Gregorian","historical_fact","probable","Juaristas撃退から約一週間後の軍議で、MárquezとVidaurriが小部隊で包囲線を抜け、Mexico Cityへ向かう方針が決まった。","SRC_SHAWCROSS_2022_LAST_EMPEROR_MEXICO","Chapter 2 THE ARCHDUKE AND THE PRINCESS / 9 UNDER SIEGE","Kindle PC 279/400","No.3946/7062","スクリーンショット 2026-05-31 13.11.18.png","Maximilian;Leonardo Márquez;Santiago Vidaurri","Siege of Querétaro","Querétaro;Mexico City","Mexican Empire;imperial army","軍議;包囲突破;増援要請","FACT_MEXEMP_2230;FACT_MEXEMP_2231;FACT_MEXEMP_2232;FACT_MEXEMP_2233","Creative use: 帝政側が救援に賭ける転換点。 Verification needed: yes."
"TIME_MEXEMP_0357","1867年3月22日、Miramónの陽動後にMárquezとVidaurriが包囲線を抜けた","draft","2026-06-10","2026-06-10","timeline;chapter2;mexemp;shawcross","1867-03-22","","day","Gregorian","historical_fact","probable","Miramónは西方平原で陽動攻撃を行い、食糧と家畜を鹵獲した。その夜、MárquezとVidaurriは約1100騎の騎兵とともに包囲線を抜けた。","SRC_SHAWCROSS_2022_LAST_EMPEROR_MEXICO","Chapter 2 THE ARCHDUKE AND THE PRINCESS / 9 UNDER SIEGE","Kindle PC 279/400","No.3946/7062","スクリーンショット 2026-05-31 13.11.18.png","Miguel Miramón;Leonardo Márquez;Santiago Vidaurri","Siege of Querétaro","Querétaro;western plain","imperial army;Republic of Mexico","陽動攻撃;鹵獲;包囲突破","FACT_MEXEMP_2234;FACT_MEXEMP_2235;FACT_MEXEMP_2236;FACT_MEXEMP_2237","Creative use: 戦術的成功と救援への希望を同時に描ける。 Verification needed: yes."
"TIME_MEXEMP_0358","1867年4月10日、Maximilianは帝冠受諾三周年を包囲下で迎えた","draft","2026-06-10","2026-06-10","timeline;chapter2;mexemp;shawcross","1867-04-10","","day","Gregorian","primary_testimony","probable","Maximilianのメキシコ帝冠受諾三周年の日、Márquezはまだ戻らず、Querétaroの文民当局者はMaximilianを祝賀し、Maximilianは国民議会への希望と帝国防衛の意思を述べた。","SRC_SHAWCROSS_2022_LAST_EMPEROR_MEXICO","Chapter 2 THE ARCHDUKE AND THE PRINCESS / 9 UNDER SIEGE","Kindle PC 279/400","No.3946/7062","スクリーンショット 2026-05-31 13.11.18.png","Maximilian;Leonardo Márquez;minister of justice","April 10 throne acceptance anniversary;Siege of Querétaro","Querétaro","Mexican Empire;Republic of Mexico","帝政正統性;戦時儀礼;国民議会;抗戦継続","FACT_MEXEMP_2242;FACT_MEXEMP_2243;FACT_MEXEMP_2244;FACT_MEXEMP_2245;FACT_MEXEMP_2246;FACT_MEXEMP_2247","Creative use: 帝政の儀礼的正統性主張と軍事的孤立の対比に使える。 Verification needed: yes."
"TIME_MEXEMP_0359","1867年4月15日、Mejía突破任務がSalm-Salmに代替された","draft","2026-06-10","2026-06-10","timeline;chapter2;mexemp;shawcross","1867-04-15","","day","Gregorian","historical_fact","probable","Querétaro包囲下の軍議で、Mejíaが包囲線を突破してMárquezを探すかMexico Cityへ向かう方針が決まったが、Mejíaが病気だったためSalm-Salmが代役となった。","SRC_SHAWCROSS_2022_LAST_EMPEROR_MEXICO","Chapter 2 THE ARCHDUKE AND THE PRINCESS / 9 UNDER SIEGE","Kindle PC 282/400","No.3986/7062","スクリーンショット 2026-05-31 13.11.21.png","Tomás Mejía; Prince Felix Salm-Salm; Leonardo Márquez; Maximilian","Siege of Querétaro; Salm-Salm breakout attempt","Querétaro; Mexico City","imperial army; Juaristas","breakout operation; military planning","FACT_MEXEMP_2255;FACT_MEXEMP_2256;FACT_MEXEMP_2257;FACT_MEXEMP_2258","Creative use: 救援確認のための作戦会議として使える。 Verification needed: yes."
"TIME_MEXEMP_0360","1867年4月15日推定、Salm-Salmの夜間突破は失敗した","draft","2026-06-10","2026-06-10","timeline;chapter2;mexemp;shawcross","1867-04-15","","inferred_day","Gregorian","historical_fact","probable","4月15日の軍議後の夜間、Salm-Salm率いる帝政側小部隊は川を渡ってSierra Gorda方面へ突破しようとしたが、共和派側の銃火とロケットに捕捉され、進路を塞がれて退却した。","SRC_SHAWCROSS_2022_LAST_EMPEROR_MEXICO","Chapter 2 THE ARCHDUKE AND THE PRINCESS / 9 UNDER SIEGE","Kindle PC 282/400","No.3986/7062","スクリーンショット 2026-05-31 13.11.21.png","Prince Felix Salm-Salm","Salm-Salm breakout attempt; Siege of Querétaro","Querétaro; Sierra Gorda","imperial army; Republic of Mexico; liberals","failed breakout; night combat; siege warfare","FACT_MEXEMP_2263;FACT_MEXEMP_2264;FACT_MEXEMP_2265;FACT_MEXEMP_2266;FACT_MEXEMP_2267;FACT_MEXEMP_2268","Creative use: 月明かりの渡河と失敗する突破作戦として場面化できる。 Verification needed: yes."
"TIME_MEXEMP_0361","1867年4月27日、帝政軍はQuerétaro総突破を決めた","draft","2026-06-10","2026-06-10","timeline;chapter2;mexemp;shawcross","1867-04-27","","day","Gregorian","historical_fact","probable","Márquezの敗北と救援不能を少数の将軍だけが知る中、Maximilianらは帝政軍全体で4月27日にQuerétaro包囲線を突破する方針を決めた。","SRC_SHAWCROSS_2022_LAST_EMPEROR_MEXICO","Chapter 2 THE ARCHDUKE AND THE PRINCESS / 9 UNDER SIEGE","Kindle PC 282/400","No.3986/7062","スクリーンショット 2026-05-31 13.11.21.png","Maximilian; Leonardo Márquez; Miguel Miramón","April 27 breakout plan; Siege of Querétaro","Querétaro","imperial army; Mexican Empire","breakout operation; information control; imperial collapse","FACT_MEXEMP_2272;FACT_MEXEMP_2273;FACT_MEXEMP_2274;FACT_MEXEMP_2275;FACT_MEXEMP_2276;FACT_MEXEMP_2277","Creative use: 真相を伏せたまま総突破へ向かう作劇上の転換点。 Verification needed: yes."
"TIME_MEXEMP_0362","1867年4月26日推定、MaximilianはBaschにMárquez攻撃を告げた","draft","2026-06-10","2026-06-10","timeline;chapter2;mexemp;shawcross","1867-04-26","","inferred_day","Gregorian","primary_testimony","probable","4月27日の前夜、MaximilianはBaschに対し、翌日Márquezが攻撃し、自軍も同時に行動すると述べたとされる。","SRC_SHAWCROSS_2022_LAST_EMPEROR_MEXICO","Chapter 2 THE ARCHDUKE AND THE PRINCESS / 9 UNDER SIEGE","Kindle PC 282/400","No.3986/7062","スクリーンショット 2026-05-31 13.11.21.png","Maximilian; Samuel Basch; Leonardo Márquez","April 27 breakout plan; Siege of Querétaro","Querétaro","Mexican Empire; imperial army","information control; deception; morale","FACT_MEXEMP_2278","Creative use: 救援が来ない事実を伏せる緊張した会話として使える。 Verification needed: yes."
"TIME_MEXEMP_0363","1867年4月27日未明、Miramónは南方への決死攻撃を組織した","draft","2026-06-10","2026-06-10","timeline;chapter2;mexemp;shawcross","1867-04-27","","day","Gregorian","historical_fact","probable","4月27日未明、MiramónはQuerétaro市南方への決死攻撃を組織し、帝政軍は三対一で劣勢の中、共和派が陣取る丘陵方面へ向かった。攻撃の続きは次ページに接続する。","SRC_SHAWCROSS_2022_LAST_EMPEROR_MEXICO","Chapter 2 THE ARCHDUKE AND THE PRINCESS / 9 UNDER SIEGE","Kindle PC 282/400","No.3986/7062","スクリーンショット 2026-05-31 13.11.21.png","Miguel Miramón; Maximilian","April 27 breakout plan; Siege of Querétaro","Querétaro","imperial army; Republic of Mexico; liberals","do-or-die attack; military desperation","FACT_MEXEMP_2279","Creative use: 決戦開始直前の場面として使える。 Verification needed: yes."
TIME_MEXEMP_0364,1867年4月27日未明、Miramón主導の帝政側攻撃が開始された,draft,2026-06-10,2026-06-10,timeline;chapter2;mexemp;shawcross,1867-04-27,,day,Gregorian,historical_fact,probable,4月27日未明、Miramón主導の帝政側攻撃が開始され、騎兵とErnst Pitner率いる歩兵が共和派線に突入した。共和派は一時的に崩れ、帝政側は砲、捕虜、弾薬、食糧を奪取した。,SRC_SHAWCROSS_2022_LAST_EMPEROR_MEXICO,Chapter 2 THE ARCHDUKE AND THE PRINCESS / 9 UNDER SIEGE,Kindle PC 285/400,No.4026/7062,スクリーンショット 2026-05-31 13.11.24.png,Miguel Miramón; Ernst Pitner; Ramón Corona,attempted breakout from Querétaro,Querétaro,imperial army; republican forces,siege warfare; captured supplies,FACT_MEXEMP_2280;FACT_MEXEMP_2281;FACT_MEXEMP_2282;FACT_MEXEMP_2283;FACT_MEXEMP_2284;FACT_MEXEMP_2285,Creative use: 突破成功の一瞬を描く場面に使える。 Verification needed: yes.
TIME_MEXEMP_0365,1867年4月27日、Escobedoは破られた共和派線をふさいだ,draft,2026-06-10,2026-06-10,timeline;chapter2;mexemp;shawcross,1867-04-27,,day,Gregorian,historical_fact,probable,4月27日、Miramónが側面確保のため即時突破を遅らせる間、EscobedoはSupremos Poderesを含む部隊を回り込ませ、破られた共和派線をふさいだ。,SRC_SHAWCROSS_2022_LAST_EMPEROR_MEXICO,Chapter 2 THE ARCHDUKE AND THE PRINCESS / 9 UNDER SIEGE,Kindle PC 285/400,No.4026/7062,スクリーンショット 2026-05-31 13.11.24.png,Miguel Miramón; Mariano Escobedo; Benito Juárez,attempted breakout from Querétaro,Querétaro,imperial army; republican forces; Supremos Poderes; Juárez’s personal guard,tactical delay; republican response,FACT_MEXEMP_2288;FACT_MEXEMP_2289;FACT_MEXEMP_2290,Creative use: 勝機を逃す構造として使える。 Verification needed: yes.
TIME_MEXEMP_0366,1867年4月27日、Maximilianの進軍は停止し退却した,draft,2026-06-10,2026-06-10,timeline;chapter2;mexemp;shawcross,1867-04-27,,day,Gregorian,historical_fact,probable,4月27日、MaximilianはMiramónとSalm-Salmを左右に置いて高地へ進軍したが、Escobedo軍の防御、一斉射撃、騎兵側面攻撃により停止し、Salm-Salmの求めで退却した。共和派は南方脱出路を再び封鎖した。,SRC_SHAWCROSS_2022_LAST_EMPEROR_MEXICO,Chapter 2 THE ARCHDUKE AND THE PRINCESS / 9 UNDER SIEGE,Kindle PC 285/400,No.4026/7062,スクリーンショット 2026-05-31 13.11.24.png,Maximilian; Miguel Miramón; Prince Felix Salm-Salm; Mariano Escobedo,attempted breakout from Querétaro,Querétaro,imperial army; republican forces,failed breakout; retreat; encirclement,FACT_MEXEMP_2291;FACT_MEXEMP_2292;FACT_MEXEMP_2293;FACT_MEXEMP_2294;FACT_MEXEMP_2295;FACT_MEXEMP_2296;FACT_MEXEMP_2297,Creative use: 一時的勝利が敗走へ変わる場面として使える。 Verification needed: yes.
TIME_MEXEMP_0367,1867年5月5日、Puebla戦勝記念後にQuerétaro砲撃が激化した,draft,2026-06-10,2026-06-10,timeline;chapter2;mexemp;shawcross,1867-05-05,,day,Gregorian,historical_fact,probable,5月5日、共和派陣営では1862年のPueblaでのフランス敗北記念が祝われ、その夜、共和派砲兵はQuerétaroへの砲撃を激化させた。,SRC_SHAWCROSS_2022_LAST_EMPEROR_MEXICO,Chapter 2 THE ARCHDUKE AND THE PRINCESS / 9 UNDER SIEGE,Kindle PC 285/400,No.4026/7062,スクリーンショット 2026-05-31 13.11.24.png,,Battle of Puebla anniversary; May 5 bombardment; Siege of Querétaro,Querétaro; Puebla,Republic of Mexico; republican artillery; French army,republican memory; artillery bombardment; anti-French resistance,FACT_MEXEMP_2308;FACT_MEXEMP_2309;FACT_MEXEMP_2310;FACT_MEXEMP_2311,Creative use: Cinco de Mayoの象徴性と包囲戦を重ねる場面に使える。 Verification needed: yes.
